"Stock","Date","Actual","Forecast"
"NVDA",2023-10-31,40.7799987792969,41.2019303763127
"NVDA",2023-11-01,42.3250007629395,40.8343458738735
"NVDA",2023-11-02,43.5060005187988,42.3708260828994
"NVDA",2023-11-03,45.0050010681152,43.5325455843573
"NVDA",2023-11-06,45.7509994506836,45.0165696074312
"NVDA",2023-11-07,45.9550018310547,45.7648437896079
"NVDA",2023-11-08,46.5740013122559,45.9480090325866
"NVDA",2023-11-09,46.9500007629395,46.5782336811886
"NVDA",2023-11-10,48.3349990844727,46.9416711164631
"NVDA",2023-11-13,48.6199989318848,48.2873207485126
"NVDA",2023-11-14,49.6559982299805,48.5906246050605
"NVDA",2023-11-15,48.8880004882813,49.6060429064007
"NVDA",2023-11-16,49.4799995422363,48.8257077265062
"NVDA",2023-11-17,49.2980003356934,49.4369593670696
"NVDA",2023-11-20,50.4090003967285,49.2473142549476
"NVDA",2023-11-21,49.9440002441406,50.3434133864015
"NVDA",2023-11-22,48.7159996032715,49.8958649872294
"NVDA",2023-11-24,47.7760009765625,48.6930722739
"NVDA",2023-11-27,48.242000579834,47.7590545240501
"NVDA",2023-11-28,47.8209991455078,48.2482976409436
"NVDA",2023-11-29,48.1399993896484,47.8442042328876
"NVDA",2023-11-30,46.7700004577637,48.1706650830207
"NVDA",2023-12-01,46.7649993896484,46.8233528914972
"NVDA",2023-12-04,45.5099983215332,46.8262357548729
"NVDA",2023-12-05,46.5660018920898,45.5784894700608
"NVDA",2023-12-06,45.5029983520508,46.6243280312034
"NVDA",2023-12-07,46.5960006713867,45.5630717708645
"NVDA",2023-12-08,47.5060005187988,46.6440405378844
"NVDA",2023-12-11,46.6269989013672,47.5289198647937
"NVDA",2023-12-12,47.6570014953613,46.5895666901458
"NVDA",2023-12-13,48.0880012512207,47.4434159633307
"NVDA",2023-12-14,48.3499984741211,47.8651679472581
"NVDA",2023-12-15,48.8899993896484,48.0747182675395
"NVDA",2023-12-18,50.0769996643066,48.6218114396003
"NVDA",2023-12-19,49.6040000915527,49.7986743255344
"NVDA",2023-12-20,48.1110000610352,49.3495255036978
"NVDA",2023-12-21,48.9900016784668,47.8848173791258
"NVDA",2023-12-22,48.8300018310547,48.7338422177814
"NVDA",2023-12-26,49.2789993286133,48.582842204673
"NVDA",2023-12-27,49.4169998168945,49.0224589483003
"NVDA",2023-12-28,49.5219993591309,49.165137512705
"NVDA",2023-12-29,49.5219993591309,49.2799039892386
"NVDA",2024-01-02,48.1679992675781,49.2808097516649
"NVDA",2024-01-03,47.5690002441406,47.9688345952582
"NVDA",2024-01-04,47.9980010986328,47.3821426702508
"NVDA",2024-01-05,49.0970001220703,47.814322026237
"NVDA",2024-01-08,52.2529983520508,48.9031725500351
"NVDA",2024-01-09,53.1399993896484,52.018751900725
"NVDA",2024-01-10,54.3499984741211,52.8896208087714
"NVDA",2024-01-11,54.8219985961914,54.0937464533663
"NVDA",2024-01-12,54.7099990844727,54.5524477676069
"NVDA",2024-01-16,56.3819999694824,54.4634116314802
"NVDA",2024-01-17,56.0530014038086,56.1118141502318
"NVDA",2024-01-18,57.1069984436035,55.813821614105
"NVDA",2024-01-19,59.4910011291504,56.8616810720124
"NVDA",2024-01-22,59.6539993286133,59.1599712395538
"NVDA",2024-01-23,59.8730010986328,59.3027705287509
"NVDA",2024-01-24,61.3619995117187,59.5496017476184
"NVDA",2024-01-25,61.617000579834,61.0392405241312
"NVDA",2024-01-26,61.0309982299805,61.3227096176773
"NVDA",2024-01-29,62.4650001525879,60.7795177570409
"NVDA",2024-01-30,62.773998260498,62.1761222153735
"NVDA",2024-01-31,61.5270004272461,62.5189171103873
"NVDA",2024-02-01,63.0270004272461,61.2875438210827
"NVDA",2024-02-02,66.1600036621094,62.8017946493115
"NVDA",2024-02-05,69.3320007324219,65.8954816760756
"NVDA",2024-02-06,68.2229995727539,69.0267434202557
"NVDA",2024-02-07,70.0989990234375,67.958284835305
"NVDA",2024-02-08,69.640998840332,69.8290730539955
"NVDA",2024-02-09,72.1330032348633,69.3923134509725
"NVDA",2024-02-12,72.2480010986328,71.8504349783721
"NVDA",2024-02-13,72.1279983520508,71.9754763605357
"NVDA",2024-02-14,73.9000015258789,71.8732765008122
"NVDA",2024-02-15,72.6579971313477,73.6422362678507
"NVDA",2024-02-16,72.6129989624023,72.4016286981635
"NVDA",2024-02-20,69.4520034790039,72.3749613153248
"NVDA",2024-02-21,67.4720001220703,69.2231322959856
"NVDA",2024-02-22,78.5380020141601,67.2594100764823
"NVDA",2024-02-23,78.8170013427735,78.1448874464051
"NVDA",2024-02-26,79.0920028686524,78.4561905731983
"NVDA",2024-02-27,78.7009963989258,78.6922919233194
"NVDA",2024-02-28,77.6630020141602,78.31112157628
"NVDA",2024-02-29,79.1119995117187,77.3206372262291
"NVDA",2024-03-01,82.2789993286133,78.7616856530888
"NVDA",2024-03-04,85.2369995117187,81.8186253667772
"NVDA",2024-03-05,85.963996887207,84.7739505818387
"NVDA",2024-03-06,88.6999969482422,85.5284137845264
"NVDA",2024-03-07,92.6689987182617,88.2775852440489
"NVDA",2024-03-08,87.5279998779297,92.1836377133085
"NVDA",2024-03-11,85.7740020751953,87.1975997062151
"NVDA",2024-03-12,91.9130020141602,85.5039716105782
"NVDA",2024-03-13,90.8880004882813,91.8000368009078
"NVDA",2024-03-14,87.9440002441406,90.8293414615658
"NVDA",2024-03-15,87.8369979858399,87.9207285827249
"NVDA",2024-03-18,88.4550018310547,87.8381606676315
"NVDA",2024-03-19,89.3980026245117,88.4845717109105
"NVDA",2024-03-20,90.3720016479492,89.4314456593943
"NVDA",2024-03-21,91.4349975585937,90.3457130546266
"NVDA",2024-03-22,94.2890014648438,91.2512703390223
"NVDA",2024-03-25,95.0019989013672,94.0603622324684
"NVDA",2024-03-26,92.5609970092774,94.7078475447153
"NVDA",2024-03-27,90.25,92.3232284314218
"NVDA",2024-03-28,90.3560028076172,90.0241934014352
"NVDA",2024-04-01,90.3629989624024,90.1459758010968
"NVDA",2024-04-02,89.4520034790039,90.1187714345684
"NVDA",2024-04-03,88.9639968872071,89.2234905581178
"NVDA",2024-04-04,85.9049987792968,88.7199743475294
"NVDA",2024-04-05,88.0080032348633,85.7247241453994
"NVDA",2024-04-08,87.1330032348633,87.8033356814551
"NVDA",2024-04-09,85.3539962768555,86.94815484232
"NVDA",2024-04-10,87.0390014648437,85.1858227272444
"NVDA",2024-04-11,90.6159973144531,86.8536118463834
"NVDA",2024-04-12,88.1859970092774,90.2994706801191
"NVDA",2024-04-15,86.0009994506836,87.9140584964892
"NVDA",2024-04-16,87.4150009155273,85.7812834142316
"NVDA",2024-04-17,84.0350036621093,87.1792580259905
"NVDA",2024-04-18,84.6709976196289,83.8860089150895
"NVDA",2024-04-19,76.1999969482422,84.5057765911108
"NVDA",2024-04-22,79.5179977416992,76.1715476864967
"NVDA",2024-04-23,82.4229965209961,79.420385941316
"NVDA",2024-04-24,79.677001953125,82.2676436769638
"NVDA",2024-04-25,82.6320037841797,79.5373553565076
"NVDA",2024-04-26,87.7350006103516,82.4193409031308
"NVDA",2024-04-29,87.7570037841797,87.4344187688057
"NVDA",2024-04-30,86.4020004272461,87.4446318770906
"NVDA",2024-05-01,83.041000366211,86.1172698179696
"NVDA",2024-05-02,85.8170013427735,82.8801398692175
"NVDA",2024-05-03,88.7890014648438,85.6199708531841
"NVDA",2024-05-06,92.1399993896484,88.5063554773746
"NVDA",2024-05-07,90.5540008544922,91.8032215683419
"NVDA",2024-05-08,90.4120025634766,90.2366326442784
"NVDA",2024-05-09,88.7470016479492,90.06989865997
"NVDA",2024-05-10,89.8779983520508,88.4386866092402
"NVDA",2024-05-13,90.3990020751953,89.5327854518247
"NVDA",2024-05-14,91.3560028076172,90.0078119247083
"NVDA",2024-05-15,94.629997253418,90.9838422522817
"NVDA",2024-05-16,94.359001159668,94.1616532778805
"NVDA",2024-05-17,92.4789962768555,93.924892603206
"NVDA",2024-05-20,94.7799987792969,92.1313212826759
"NVDA",2024-05-21,95.3860015869141,94.3888012180874
"NVDA",2024-05-22,94.9499969482422,95.0187303351062
"NVDA",2024-05-23,103.799003601074,94.6245084900923
"NVDA",2024-05-24,106.46900177002,103.374486047298
"NVDA",2024-05-28,113.901000976562,105.966527390541
"NVDA",2024-05-29,114.824996948242,113.315979454753
"NVDA",2024-05-30,110.5,114.23760409542
"NVDA",2024-05-31,109.633003234863,109.920521905384
"NVDA",2024-06-03,115,109.129956840727
"NVDA",2024-06-04,116.436996459961,114.476399680069
"NVDA",2024-06-05,122.440002441406,115.904358392532
"NVDA",2024-06-06,120.998001098633,121.764681401553
"NVDA",2024-06-07,120.888000488281,120.423564679626
"NVDA",2024-06-10,121.790000915527,120.36868683374
"NVDA",2024-06-11,120.910003662109,121.190330903476
"NVDA",2024-06-12,125.199996948242,120.234528608489
"NVDA",2024-06-13,129.610000610352,124.728230932547
"NVDA",2024-06-14,131.880004882813,128.797278777793
"NVDA",2024-06-17,130.979995727539,130.960212728441
"NVDA",2024-06-18,135.580001831055,129.993281299853
"NVDA",2024-06-20,130.779998779297,134.617569321867
"NVDA",2024-06-21,126.569999694824,130.041470500073
"NVDA",2024-06-24,118.110000610352,126.021442141029
"NVDA",2024-06-25,126.089996337891,117.710777259209
"NVDA",2024-06-26,126.400001525879,125.613588678455
"NVDA",2024-06-27,123.98999786377,125.867353243569
"NVDA",2024-06-28,123.540000915527,123.609268010582
"NVDA",2024-07-01,124.300003051758,123.19297642476
"NVDA",2024-07-02,122.669998168945,123.911498467722
"NVDA",2024-07-03,128.279998779297,122.29356160564
"NVDA",2024-07-05,125.830001831055,127.762323036994
"NVDA",2024-07-08,128.199996948242,125.433534771448
"NVDA",2024-07-09,131.380004882812,127.750366278734
"NVDA",2024-07-10,134.910003662109,130.81659430703
"NVDA",2024-07-11,127.400001525879,134.305778128433
"NVDA",2024-07-12,129.240005493164,126.993744391555
"NVDA",2024-07-15,128.440002441406,128.839246381601
"NVDA",2024-07-16,126.360000610352,128.001467552162
"NVDA",2024-07-17,117.98999786377,125.992283025272
"NVDA",2024-07-18,121.089996337891,117.831585416767
"NVDA",2024-07-19,117.930000305176,120.841167867172
"NVDA",2024-07-22,123.540000915527,117.75870699198
"NVDA",2024-07-23,122.589996337891,123.306894235397
"NVDA",2024-07-24,114.25,122.393553605627
"NVDA",2024-07-25,112.279998779297,114.218948945328
"NVDA",2024-07-26,113.059997558594,112.292897899269
"NVDA",2024-07-29,111.589996337891,113.046444084894
"NVDA",2024-07-30,103.730003356934,111.598242877483
"NVDA",2024-07-31,117.019996643066,103.857236714157
"NVDA",2024-08-01,109.209999084473,116.84950471003
"NVDA",2024-08-02,107.269996643066,109.289785995708
"NVDA",2024-08-05,100.449996948242,107.368120004574
"NVDA",2024-08-06,104.25,100.563999806584
"NVDA",2024-08-07,98.9100036621093,104.353772357745
"NVDA",2024-08-08,104.970001220703,99.1120964042997
"NVDA",2024-08-09,104.75,105.034861272193
"NVDA",2024-08-12,109.019996643066,104.817573205924
"NVDA",2024-08-13,116.139999389648,109.037503428445
"NVDA",2024-08-14,118.080001831055,116.007410043121
"NVDA",2024-08-15,122.860000610352,117.893295588281
"NVDA",2024-08-16,124.580001831055,122.489549926696
"NVDA",2024-08-19,130,124.197262356425
"NVDA",2024-08-20,127.25,129.545627989197
"NVDA",2024-08-21,128.5,126.870790647163
"NVDA",2024-08-22,123.73999786377,128.130465463954
"NVDA",2024-08-23,129.369995117188,123.447456666786
"NVDA",2024-08-26,126.459999084473,129.01884810713
"NVDA",2024-08-27,128.300003051758,126.257667532006
"NVDA",2024-08-28,125.610000610352,128.070370564149
"NVDA",2024-08-29,117.589996337891,125.468795880868
"NVDA",2024-08-30,119.370002746582,117.553067849173
"NVDA",2024-09-03,108,119.285049173017
"NVDA",2024-09-04,106.209999084473,108.142191104425
"NVDA",2024-09-05,107.209999084473,106.371769205481
"NVDA",2024-09-06,102.830001831055,107.416427631923
"NVDA",2024-09-09,106.470001220703,103.253927576226
"NVDA",2024-09-10,108.099998474121,106.823077672894
"NVDA",2024-09-11,116.910003662109,108.587922982139
"NVDA",2024-09-12,119.139999389648,117.235014125309
"NVDA",2024-09-13,119.099998474121,119.475831419216
"NVDA",2024-09-16,116.779998779297,119.368496766201
"NVDA",2024-09-17,115.589996337891,117.274938522371
"NVDA",2024-09-18,113.370002746582,116.03849014026
"NVDA",2024-09-19,117.870002746582,113.788488430982
"NVDA",2024-09-20,116,118.235155533426
"NVDA",2024-09-23,116.26000213623,116.305041926228
"NVDA",2024-09-24,120.870002746582,116.486395122179
"NVDA",2024-09-25,123.510002136231,121.058332466996
"NVDA",2024-09-26,124.040000915527,123.668039803041
"NVDA",2024-09-27,121.400001525879,124.074286803333
"NVDA",2024-09-30,121.440002441406,121.515248590565
"NVDA",2024-10-01,117,121.584653423533
"NVDA",2024-10-02,118.849998474121,117.23228549419
"NVDA",2024-10-03,122.849998474121,119.05808923824
"NVDA",2024-10-04,124.919998168945,123.011269348012
"NVDA",2024-10-07,127.720001220703,125.08337546364
"NVDA",2024-10-08,132.889999389648,127.901422176339
"NVDA",2024-10-09,132.649993896484,133.040109473565
"NVDA",2024-10-10,134.809997558594,132.803094728186
"NVDA",2024-10-11,134.800003051758,134.858443984938
"NVDA",2024-10-14,138.070007324219,134.939395709435
"NVDA",2024-10-15,131.600006103516,138.16744540526
"NVDA",2024-10-16,135.720001220703,131.809781368157
"NVDA",2024-10-17,136.929992675781,135.869030692791
"NVDA",2024-10-18,138,137.079950820322
"NVDA",2024-10-21,143.710006713867,138.140047815709
"NVDA",2024-10-22,143.589996337891,143.828674934746
"NVDA",2024-10-23,139.559997558594,143.757482375306
"NVDA",2024-10-24,140.410003662109,139.867871217084
"NVDA",2024-10-25,141.539993286133,140.745102117758
"NVDA",2024-10-28,140.520004272461,141.853752188089
"NVDA",2024-10-29,141.25,140.821121192942
"NVDA",2024-10-30,139.339996337891,141.468839611248
"NVDA",2024-10-31,132.759994506836,139.659083888339
"NVDA",2024-11-01,135.399993896484,133.137039782303
"NVDA",2024-11-04,136.050003051758,135.834452808843
"NVDA",2024-11-05,139.910003662109,136.456229076769
"NVDA",2024-11-06,145.610000610352,140.230860689246
"NVDA",2024-11-07,148.880004882812,145.910635021465
"NVDA",2024-11-08,147.630004882812,149.200939962159
"NVDA",2024-11-11,145.259994506836,148.030220107364
"NVDA",2024-11-12,148.289993286133,145.756364622892
"NVDA",2024-11-13,146.270004272461,148.867127359163
"NVDA",2024-11-14,146.759994506836,146.921452194439
"NVDA",2024-11-15,141.979995727539,147.432397430123
"NVDA",2024-11-18,140.149993896484,142.731692445918
"NVDA",2024-11-19,147.009994506836,140.917726596574
"NVDA",2024-11-20,145.889999389648,147.826288274371
"NVDA",2024-11-21,146.669998168945,146.758920391858
"NVDA",2024-11-22,141.949996948242,147.520350371841
"NVDA",2024-11-25,136.020004272461,142.803496325684
"NVDA",2024-11-26,136.919998168945,136.768509985284
"NVDA",2024-11-27,135.339996337891,137.718257085603
"NVDA",2024-11-29,138.25,136.128388332168
"NVDA",2024-12-02,138.630004882813,139.042001414775
"NVDA",2024-12-03,140.259994506836,139.341637820777
"NVDA",2024-12-04,145.139999389648,140.963221688368
"NVDA",2024-12-05,145.059997558594,145.852411508008
"NVDA",2024-12-06,142.440002441406,145.785385624242
"NVDA",2024-12-09,138.809997558594,143.111676741566
"NVDA",2024-12-10,135.070007324219,139.426011431526
"NVDA",2024-12-11,139.309997558594,135.616867574068
"NVDA",2024-12-12,137.339996337891,139.663571294839
"NVDA",2024-12-13,134.25,137.711203489286
"NVDA",2024-12-16,132,134.052772295452
"NVDA",2024-12-17,130.389999389648,131.47176862893
"NVDA",2024-12-18,128.910003662109,129.93185768649
"NVDA",2024-12-19,130.679992675781,128.591755480977
"NVDA",2024-12-20,134.699996948242,130.618193100233
"NVDA",2024-12-23,139.669998168945,134.543866505926
"NVDA",2024-12-24,140.220001220703,139.378547477448
"NVDA",2024-12-26,139.929992675781,139.880163450391
"NVDA",2024-12-27,137.009994506836,139.514447429607
"NVDA",2024-12-30,137.490005493164,136.636228912502
"NVDA",2024-12-31,134.289993286133,137.180627479573
"NVDA",2025-01-02,138.309997558594,134.051494275992
"NVDA",2025-01-03,144.470001220703,138.012243363863
"NVDA",2025-01-06,149.429992675781,144.113406930532
"NVDA",2025-01-07,140.139999389648,148.898656224951
"NVDA",2025-01-08,140.110000610352,139.678569454783
"NVDA",2025-01-10,135.910003662109,139.661806145668
"NVDA",2025-01-13,133.229995727539,135.42461095585
"NVDA",2025-01-14,131.759994506836,132.780896919907
"NVDA",2025-01-15,136.240005493164,131.350094389627
"NVDA",2025-01-16,133.570007324219,135.733399300538
"NVDA",2025-01-17,137.710006713867,133.167347631466
"NVDA",2025-01-21,140.830001831055,137.15727547531
"NVDA",2025-01-22,147.070007324219,140.430963831798
"NVDA",2025-01-23,147.220001220703,146.82394502389
"NVDA",2025-01-24,142.619995117187,147.074259432703
"NVDA",2025-01-27,118.419998168945,142.433600988096
"NVDA",2025-01-28,128.990005493164,118.472868436612
"NVDA",2025-01-29,123.699996948242,129.032093296398
"NVDA",2025-01-30,124.650001525879,123.749113825283
"NVDA",2025-01-31,120.069999694824,124.693060653992
"NVDA",2025-02-03,116.660003662109,120.09901099814
"NVDA",2025-02-04,118.650001525879,116.720398053052
"NVDA",2025-02-05,124.830001831055,118.62806409694
"NVDA",2025-02-06,128.679992675781,124.677644643652
"NVDA",2025-02-07,129.839996337891,128.493560468753
"NVDA",2025-02-10,133.570007324219,129.756203741212
"NVDA",2025-02-11,132.800003051758,133.384540555748
"NVDA",2025-02-12,131.139999389648,132.602820403461
"NVDA",2025-02-13,135.289993286133,130.872420367235
"NVDA",2025-02-14,138.850006103516,134.93164019701
"NVDA",2025-02-18,139.399993896484,138.444792426453
"NVDA",2025-02-19,139.229995727539,139.051329621393
"NVDA",2025-02-20,140.110000610352,138.927087406007
"NVDA",2025-02-21,134.429992675781,139.733253520926
"NVDA",2025-02-24,130.279998779297,134.096950165293
"NVDA",2025-02-25,126.629997253418,130.13962886405
"NVDA",2025-02-26,131.279998779297,126.569742472279
"NVDA",2025-02-27,120.150001525879,131.114898764184
"NVDA",2025-02-28,124.919998168945,120.138978335732
"NVDA",2025-03-03,114.059997558594,124.835144077315
"NVDA",2025-03-04,115.98999786377,114.144625186401
"NVDA",2025-03-05,117.300003051758,116.019817127957
"NVDA",2025-03-06,110.569999694824,117.325834047577
"NVDA",2025-03-07,112.690002441406,110.632313805808
"NVDA",2025-03-10,106.980003356934,112.579935769637
"NVDA",2025-03-11,108.76000213623,106.978923941614
"NVDA",2025-03-12,115.73999786377,108.602253166598
"NVDA",2025-03-13,115.580001831055,115.545235736086
"NVDA",2025-03-14,121.669998168945,115.36011684526
"NVDA",2025-03-17,119.529998779297,121.307805464088
"NVDA",2025-03-18,115.430000305176,119.265285029882
"NVDA",2025-03-19,117.519996643066,115.191235535096
"NVDA",2025-03-20,118.529998779297,117.218030966695
"NVDA",2025-03-21,117.699996948242,118.278891237747
"NVDA",2025-03-24,121.410003662109,117.492385108367
"NVDA",2025-03-25,120.690002441406,121.207945297804
"NVDA",2025-03-26,113.76000213623,120.531042037643
"NVDA",2025-03-27,111.430000305176,113.654605145076
"NVDA",2025-03-28,109.669998168945,111.371256259451
"NVDA",2025-03-31,108.379997253418,109.596502322666
"NVDA",2025-04-01,110.150001525879,108.321137732191
"NVDA",2025-04-02,110.419998168945,110.084171777337
"NVDA",2025-04-03,101.800003051758,110.372660080716
"NVDA",2025-04-04,94.3099975585937,102.030774583104
"NVDA",2025-04-07,97.6399993896484,94.6194238956872
"NVDA",2025-04-08,96.3000030517578,97.7840299991593
"NVDA",2025-04-09,114.330001831055,96.4132458799727
"NVDA",2025-04-10,107.569999694824,114.091975741139
"NVDA",2025-04-11,110.930000305176,107.503083807641
"NVDA",2025-04-14,110.709999084473,110.717364700027
"NVDA",2025-04-15,112.199996948242,110.539471177791
"NVDA",2025-04-16,104.48999786377,112.001786852193
"NVDA",2025-04-17,101.48999786377,104.344611090912
"NVDA",2025-04-21,96.9100036621094,101.382136077478
"NVDA",2025-04-22,98.8899993896484,96.8057497092087
"NVDA",2025-04-23,102.709999084473,98.7521287699748
"NVDA",2025-04-24,106.430000305176,102.504480587113
"NVDA",2025-04-25,111.01000213623,106.136073035693
"NVDA",2025-04-28,108.730003356934,110.613693362598
"NVDA",2025-04-29,109.019996643066,108.386507173783
"NVDA",2025-04-30,108.919998168945,108.715143794873
"NVDA",2025-05-01,111.610000610352,108.605453198467
"NVDA",2025-05-02,114.5,111.311436719395
"NVDA",2025-05-05,113.819999694824,114.213763241947
"NVDA",2025-05-06,113.540000915527,113.571193762864
"NVDA",2025-05-07,117.059997558594,113.259918577725
"NVDA",2025-05-08,117.370002746582,116.721477390132
"NVDA",2025-05-09,116.650001525879,116.986787981142
"NVDA",2025-05-12,123,116.270886999571
"NVDA",2025-05-13,129.929992675781,122.466737123219
"NVDA",2025-05-14,135.339996337891,129.265317171454
"NVDA",2025-05-15,134.830001831055,134.661100691671
"NVDA",2025-05-16,135.399993896484,134.100663322102
"NVDA",2025-05-19,135.570007324219,134.718886018288
"NVDA",2025-05-20,134.380004882812,134.86600222523
"NVDA",2025-05-21,131.800003051758,133.721280189085
"NVDA",2025-05-22,132.830001831055,131.186965830238
"NVDA",2025-05-23,131.289993286133,132.240643873632
"NVDA",2025-05-27,135.5,130.745181492554
"NVDA",2025-05-28,134.809997558594,134.927224093651
"NVDA",2025-05-29,139.190002441406,134.242654296074
"NVDA",2025-05-30,135.130004882813,138.53793928842
"NVDA",2025-06-02,137.380004882812,134.589295150627
"NVDA",2025-06-03,141.220001220703,136.741069549936
"NVDA",2025-06-04,141.919998168945,140.471147310783
"NVDA",2025-06-05,139.990005493164,141.12907131103
"NVDA",2025-06-06,141.720001220703,139.277492190228
"NVDA",2025-06-09,142.630004882812,141.15155897432
"NVDA",2025-06-10,143.960006713867,142.148809786309
"NVDA",2025-06-11,142.830001831055,143.464240745496
"NVDA",2025-06-12,145,142.252271278197
"NVDA",2025-06-13,141.970001220703,144.744039671656
"NVDA",2025-06-16,144.690002441406,142.038459639306
"NVDA",2025-06-17,144.119995117187,144.640290727708
"NVDA",2025-06-18,145.479995727539,144.072230415862
"NVDA",2025-06-20,143.850006103516,145.429323864611
"NVDA",2025-06-23,144.169998168945,143.705806016616
"NVDA",2025-06-24,147.899993896484,144.03930409783
"NVDA",2025-06-25,154.309997558594,147.766850764054
"NVDA",2025-06-26,155.020004272461,154.071076015498
"NVDA",2025-06-27,157.75,154.782966822903
"NVDA",2025-06-30,157.990005493164,157.497652516732
"NVDA",2025-07-01,153.300003051758,157.797551390518
"NVDA",2025-07-02,157.25,153.276442205664
"NVDA",2025-07-03,159.339996337891,157.321977195981
"NVDA",2025-07-07,158.240005493164,159.453452776899
"NVDA",2025-07-08,160,158.326608136101
"NVDA",2025-07-09,162.880004882813,160.095710318142
"NVDA",2025-07-10,164.100006103516,162.958482340506
"NVDA",2025-07-11,164.919998168945,164.183970895728
"NVDA",2025-07-14,164.070007324219,164.957042846042
"NVDA",2025-07-15,170.699996948242,164.162798875341
"NVDA",2025-07-16,171.369995117188,170.818758278663
"NVDA",2025-07-17,173,171.644476182144
"NVDA",2025-07-18,172.410003662109,173.405124165851
"NVDA",2025-07-21,171.380004882813,172.775734875024
"NVDA",2025-07-22,167.029998779297,171.689587591736
"NVDA",2025-07-23,170.779998779297,167.424723456737
"NVDA",2025-07-24,173.740005493164,171.191020359077
"NVDA",2025-07-25,173.5,174.0957742583
"NVDA",2025-07-28,176.75,173.918105262621
"NVDA",2025-07-29,175.509994506836,177.150010468417
"NVDA",2025-07-30,179.270004272461,175.932153774074
"NVDA",2025-07-31,177.869995117188,179.622544500151
"NVDA",2025-08-01,173.720001220703,178.466788013902
"NVDA",2025-08-04,180,174.308510022285
"NVDA",2025-08-05,178.259994506836,180.575823853801
"NVDA",2025-08-06,179.419998168945,178.904056195063
"NVDA",2025-08-07,180.770004272461,179.912182453137
"NVDA",2025-08-08,182.699996948242,181.130992732227
"NVDA",2025-08-11,182.059997558594,182.923120181825
"NVDA",2025-08-12,183.160003662109,182.303601377733
"NVDA",2025-08-13,181.589996337891,183.286308533222
"NVDA",2025-08-14,182.020004272461,181.651598975211
"NVDA",2025-08-15,180.449996948242,182.059450634206
"NVDA",2025-08-18,182.009994506836,180.653375113217
"NVDA",2025-08-19,175.639999389649,182.20824593155
"NVDA",2025-08-20,175.399993896484,175.751690459983
"NVDA",2025-08-21,174.979995727539,175.620064598964
"NVDA",2025-08-22,177.990005493164,175.207718130864
"NVDA",2025-08-25,179.809997558594,178.201266131864
"NVDA",2025-08-26,181.770004272461,180.016434275108
"NVDA",2025-08-27,181.600006103516,181.914696155361
"NVDA",2025-08-28,180.169998168945,181.736858572368
"NVDA",2025-08-29,174.179992675781,180.241470075605
"NVDA",2025-09-02,170.779998779297,174.193860827736
"NVDA",2025-09-03,170.619995117188,170.803830528775
"NVDA",2025-09-04,171.660003662109,170.546934939957
"NVDA",2025-09-05,167.020004272461,171.482660710604
"NVDA",2025-09-08,168.309997558594,166.693810274165
"NVDA",2025-09-09,170.759994506836,167.976934520261
"NVDA",2025-09-10,177.330001831055,170.524478354084
"NVDA",2025-09-11,177.169998168945,177.885257765389
"NVDA",2025-09-12,177.820007324219,177.449641874452
"NVDA",2025-09-15,177.75,177.833295306961
"NVDA",2025-09-16,174.880004882812,177.849639293736
"NVDA",2025-09-17,170.289993286133,175.074714285343
"NVDA",2025-09-18,176.240005493164,170.567253586768
"NVDA",2025-09-19,176.669998168945,176.375537139785
"NVDA",2025-09-22,183.610000610352,176.962720142217
"NVDA",2025-09-23,178.429992675781,184.125174677029
"NVDA",2025-09-24,176.970001220703,178.838545943868
"NVDA",2025-09-25,177.690002441406,177.361170397166
"NVDA",2025-09-26,178.190002441406,177.904503575488
"NVDA",2025-09-29,181.850006103516,178.302672782512
"NVDA",2025-09-30,186.580001831055,181.943716840709
"NVDA",2025-10-01,187.240005493164,186.597023778217
"NVDA",2025-10-02,188.889999389648,187.241635139203
"NVDA",2025-10-03,187.619995117188,188.819405249431
"NVDA",2025-10-06,185.539993286133,187.504627055529
"NVDA",2025-10-07,185.039993286133,185.638194891172
"NVDA",2025-10-08,189.110000610352,185.059785904355
"NVDA",2025-10-09,192.570007324219,189.047837697737
"NVDA",2025-10-10,183.160003662109,192.63031661646
"NVDA",2025-10-13,188.320007324219,183.470597315724
"NVDA",2025-10-14,180.029998779297,188.46077243439
"NVDA",2025-10-15,179.830001831055,180.26282649915
"NVDA",2025-10-16,181.809997558594,180.069685087128
"NVDA",2025-10-17,183.220001220703,182.032538017629
"NVDA",2025-10-20,182.639999389648,183.170522950302
"NVDA",2025-10-21,181.160003662109,182.356879855983
"NVDA",2025-10-22,180.279998779297,180.943443065168
"NVDA",2025-10-23,182.160003662109,180.07755447342
"NVDA",2025-10-24,186.259994506836,181.952543127505
"NVDA",2025-10-27,191.490005493164,185.904151748581
"NVDA",2025-10-28,201.029998779297,190.971567852043
"NVDA",2025-10-29,207.039993286133,200.295412147765
"NVDA",2025-10-30,202.889999389648,206.012149939521
"NVDA",2025-10-31,202.490005493164,201.713057801491
"NVDA",2025-11-03,206.880004882813,201.478857379668
"NVDA",2025-11-04,198.690002441406,205.765614650883
"NVDA",2025-11-05,195.210006713867,197.701707222279
"NVDA",2025-11-06,188.080001831055,194.105378673013
"NVDA",2025-11-07,188.149993896484,186.957257815314
"NVDA",2025-11-10,199.050003051758,187.007893253353
"NVDA",2025-11-11,193.160003662109,197.640158349931
"NVDA",2025-11-12,193.800003051758,191.863440578924
"NVDA",2025-11-13,186.860000610352,192.318553600665
"NVDA",2025-11-14,190.169998168945,185.480664569563
"NVDA",2025-11-17,186.600006103516,188.765496605601
"NVDA",2025-11-18,181.360000610352,185.230561169844
"NVDA",2025-11-19,186.520004272461,180.152305124337
"NVDA",2025-11-20,180.639999389648,185.205323629535
"NVDA",2025-11-21,178.880004882812,179.361061579121
"NVDA",2025-11-24,182.550003051758,177.397291326255
"NVDA",2025-11-25,177.820007324219,180.608031747772
"NVDA",2025-11-26,180.259994506836,175.823755666851
"NVDA",2025-11-28,177,178.245288835411
"NVDA",2025-12-01,179.919998168945,174.914829627434
"NVDA",2025-12-02,181.460006713867,177.835985437775
"NVDA",2025-12-03,179.589996337891,179.385164119149
"NVDA",2025-12-04,183.380004882813,177.72089665887
"NVDA",2025-12-05,182.410003662109,181.599238098128
"NVDA",2025-12-08,185.550003051758,180.574611531764
"NVDA",2025-12-09,184.970001220703,183.594843853591
"NVDA",2025-12-10,183.779998779297,182.972497046311
"NVDA",2025-12-11,180.929992675781,181.719872908592
"NVDA",2025-12-12,175.020004272461,178.564169533286
"NVDA",2025-12-15,176.289993286133,173.030538013472
"NVDA",2025-12-16,177.720001220703,174.370550683476
"NVDA",2025-12-17,170.940002441406,175.854915074489
"NVDA",2025-12-18,174.139999389648,169.145780358362
"NVDA",2025-12-19,180.990005493164,172.175711785124
"NVDA",2025-12-22,183.690002441406,178.955468042621
"NVDA",2025-12-23,189.210006713867,181.688275798874
"NVDA",2025-12-24,188.610000610352,186.976551052373
"NVDA",2025-12-26,190.529998779297,186.374628277825
"NVDA",2025-12-29,188.220001220703,188.278160409905
"NVDA",2025-12-30,187.539993286133,185.938400464189
"NVDA",2025-12-31,186.5,185.313155758918
"AAPL",2023-10-31,170.770004272461,170.069829053649
"AAPL",2023-11-01,173.970001220703,170.57490752832
"AAPL",2023-11-02,177.570007324219,173.787540561354
"AAPL",2023-11-03,176.649993896484,177.320189919247
"AAPL",2023-11-06,179.229995727539,176.442020672924
"AAPL",2023-11-07,181.820007324219,179.001080746263
"AAPL",2023-11-08,182.889999389648,181.515849310111
"AAPL",2023-11-09,182.410003662109,182.594995577782
"AAPL",2023-11-10,186.399993896484,182.119987148669
"AAPL",2023-11-13,184.800003051758,186.011426730022
"AAPL",2023-11-14,187.440002441406,184.473573655489
"AAPL",2023-11-15,188.009994506836,187.07227484265
"AAPL",2023-11-16,189.710006713867,187.586806721086
"AAPL",2023-11-17,189.690002441406,189.314450126084
"AAPL",2023-11-20,191.449996948242,189.284485099047
"AAPL",2023-11-21,190.639999389648,191.016883654911
"AAPL",2023-11-22,191.309997558594,190.232601720163
"AAPL",2023-11-24,189.970001220703,190.926031600355
"AAPL",2023-11-27,189.789993286133,189.597542772574
"AAPL",2023-11-28,190.399993896484,189.494471679178
"AAPL",2023-11-29,189.369995117188,190.107192995371
"AAPL",2023-11-30,189.949996948242,189.131628706413
"AAPL",2023-12-01,191.240005493164,189.712505380565
"AAPL",2023-12-04,189.429992675781,191.001401490313
"AAPL",2023-12-05,193.419998168945,189.198180250616
"AAPL",2023-12-06,192.320007324219,193.135317958013
"AAPL",2023-12-07,194.270004272461,192.03419589872
"AAPL",2023-12-08,195.710006713867,193.996209426879
"AAPL",2023-12-11,193.179992675781,195.391218520987
"AAPL",2023-12-12,194.710006713867,192.774649971285
"AAPL",2023-12-13,197.960006713867,193.980846200455
"AAPL",2023-12-14,198.110000610352,197.181237952694
"AAPL",2023-12-15,197.570007324219,197.259209283949
"AAPL",2023-12-18,195.889999389648,196.751502411447
"AAPL",2023-12-19,196.940002441406,195.116867874042
"AAPL",2023-12-20,194.830001831055,196.187517187248
"AAPL",2023-12-21,194.679992675781,194.100650947612
"AAPL",2023-12-22,193.600006103516,193.973385740345
"AAPL",2023-12-26,193.050003051758,192.92965426781
"AAPL",2023-12-27,193.149993896484,192.398227815871
"AAPL",2023-12-28,193.580001831055,192.517927187023
"AAPL",2023-12-29,192.529998779297,192.966762401067
"AAPL",2024-01-02,185.639999389648,191.929322571801
"AAPL",2024-01-03,184.25,185.155836728778
"AAPL",2024-01-04,181.910003662109,183.788559666864
"AAPL",2024-01-05,181.179992675781,181.509205519328
"AAPL",2024-01-08,185.559997558594,180.808877704298
"AAPL",2024-01-09,185.139999389648,185.14686975636
"AAPL",2024-01-10,186.190002441406,184.71977569842
"AAPL",2024-01-11,185.589996337891,185.756196970876
"AAPL",2024-01-12,185.919998168945,185.143458552861
"AAPL",2024-01-16,183.630004882813,185.473353992136
"AAPL",2024-01-17,182.679992675781,183.258477042122
"AAPL",2024-01-18,188.630004882813,182.34818633886
"AAPL",2024-01-19,191.559997558594,188.202492644595
"AAPL",2024-01-22,193.889999389648,191.028572674541
"AAPL",2024-01-23,195.179992675781,193.278119992798
"AAPL",2024-01-24,194.5,194.571659529517
"AAPL",2024-01-25,194.169998168945,193.949820580343
"AAPL",2024-01-26,192.419998168945,193.681600743953
"AAPL",2024-01-29,191.729995727539,191.992411314193
"AAPL",2024-01-30,188.039993286133,191.284382175915
"AAPL",2024-01-31,184.399993896484,187.669726114375
"AAPL",2024-02-01,186.860000610352,184.07579111597
"AAPL",2024-02-02,185.850006103516,186.535350038136
"AAPL",2024-02-05,187.679992675781,185.555266609432
"AAPL",2024-02-06,189.300003051758,187.353478825828
"AAPL",2024-02-07,189.410003662109,188.942113821086
"AAPL",2024-02-08,188.320007324219,189.062701936773
"AAPL",2024-02-09,188.850006103516,187.979309003254
"AAPL",2024-02-12,187.149993896484,188.504624974131
"AAPL",2024-02-13,185.039993286133,186.844311543484
"AAPL",2024-02-14,184.149993896484,184.762886125445
"AAPL",2024-02-15,183.860000610352,183.917171634875
"AAPL",2024-02-16,182.309997558594,183.591822262531
"AAPL",2024-02-20,181.559997558594,182.061488760751
"AAPL",2024-02-21,182.320007324219,181.254298918495
"AAPL",2024-02-22,184.369995117188,181.971459645043
"AAPL",2024-02-23,182.520004272461,184.016882542032
"AAPL",2024-02-26,181.160003662109,182.208683545047
"AAPL",2024-02-27,182.630004882812,180.831275368407
"AAPL",2024-02-28,181.419998168945,182.287441901895
"AAPL",2024-02-29,180.75,181.10150569249
"AAPL",2024-03-01,179.660003662109,180.47908852591
"AAPL",2024-03-04,175.100006103516,179.347223071191
"AAPL",2024-03-05,170.119995117187,174.895101039242
"AAPL",2024-03-06,169.119995117187,170.026377785358
"AAPL",2024-03-07,169,169.083877340204
"AAPL",2024-03-08,170.729995727539,168.942769956622
"AAPL",2024-03-11,172.75,170.700908755518
"AAPL",2024-03-12,173.229995727539,172.681048903724
"AAPL",2024-03-13,171.130004882812,173.368308194992
"AAPL",2024-03-14,173,171.291702956312
"AAPL",2024-03-15,172.619995117188,173.082363204849
"AAPL",2024-03-18,173.720001220703,172.744605628351
"AAPL",2024-03-19,176.080001831055,173.848344519033
"AAPL",2024-03-20,178.669998168945,176.154891860762
"AAPL",2024-03-21,171.369995117188,178.643812071731
"AAPL",2024-03-22,172.279998779297,171.338535932691
"AAPL",2024-03-25,170.850006103516,172.221927247811
"AAPL",2024-03-26,169.710006713867,170.781768415093
"AAPL",2024-03-27,173.309997558594,169.668908551539
"AAPL",2024-03-28,171.479995727539,173.195352989207
"AAPL",2024-04-01,170.029998779297,171.390727377534
"AAPL",2024-04-02,168.839996337891,169.938041456311
"AAPL",2024-04-03,169.649993896484,168.748611118882
"AAPL",2024-04-04,168.820007324219,169.537361607451
"AAPL",2024-04-05,169.580001831055,168.69893547421
"AAPL",2024-04-08,168.449996948242,169.449774682467
"AAPL",2024-04-09,169.669998168945,168.334799717029
"AAPL",2024-04-10,167.779998779297,169.522323921155
"AAPL",2024-04-11,175.039993286133,167.657748937152
"AAPL",2024-04-12,176.550003051758,174.748119055205
"AAPL",2024-04-15,172.690002441406,176.219126416516
"AAPL",2024-04-16,169.380004882812,172.437507473202
"AAPL",2024-04-17,168,169.182424951488
"AAPL",2024-04-18,167.039993286133,167.822557324216
"AAPL",2024-04-19,165,166.866888742903
"AAPL",2024-04-22,165.839996337891,164.853349849052
"AAPL",2024-04-23,166.899993896484,165.664731233
"AAPL",2024-04-24,169.020004272461,166.703337881171
"AAPL",2024-04-25,169.889999389648,168.763148535456
"AAPL",2024-04-26,169.300003051758,169.590904171097
"AAPL",2024-04-29,173.5,169.004444805826
"AAPL",2024-04-30,170.330001831055,173.138028442244
"AAPL",2024-05-01,169.300003051758,170.033344670202
"AAPL",2024-05-02,173.029998779297,169.048191363024
"AAPL",2024-05-03,183.380004882813,172.739621559662
"AAPL",2024-05-06,181.710006713867,182.893396876486
"AAPL",2024-05-07,182.399993896484,181.275172567895
"AAPL",2024-05-08,182.740005493164,181.949802805935
"AAPL",2024-05-09,184.570007324219,182.253666358163
"AAPL",2024-05-10,183.050003051758,184.058906005125
"AAPL",2024-05-13,186.279998779297,182.547401410509
"AAPL",2024-05-14,187.429992675781,185.696918928663
"AAPL",2024-05-15,189.720001220703,186.864158250871
"AAPL",2024-05-16,189.839996337891,189.09312536486
"AAPL",2024-05-17,189.869995117188,189.264514067541
"AAPL",2024-05-20,191.039993286133,189.351687864489
"AAPL",2024-05-21,192.350006103516,190.513851444369
"AAPL",2024-05-22,190.899993896484,191.832543982224
"AAPL",2024-05-23,186.880004882813,190.440682888858
"AAPL",2024-05-24,189.979995727539,186.516232135264
"AAPL",2024-05-28,189.990005493164,189.564274212404
"AAPL",2024-05-29,190.289993286133,189.636115847623
"AAPL",2024-05-30,191.289993286133,189.930243692859
"AAPL",2024-05-31,192.25,190.864593031734
"AAPL",2024-06-03,194.029998779297,191.864726937884
"AAPL",2024-06-04,194.350006103516,193.673760905122
"AAPL",2024-06-05,195.869995117187,193.979334646707
"AAPL",2024-06-06,194.479995727539,195.452198751597
"AAPL",2024-06-07,196.889999389648,194.125036607159
"AAPL",2024-06-10,193.119995117187,196.534182964519
"AAPL",2024-06-11,207.149993896484,192.748461781748
"AAPL",2024-06-12,213.070007324219,206.466142240185
"AAPL",2024-06-13,214.240005493164,212.506645836144
"AAPL",2024-06-14,212.490005493164,213.411864874928
"AAPL",2024-06-17,216.669998168945,211.620772412824
"AAPL",2024-06-18,214.289993286133,215.64930307325
"AAPL",2024-06-20,209.679992675781,213.410169023775
"AAPL",2024-06-21,207.490005493164,208.980150510439
"AAPL",2024-06-24,208.139999389648,206.906321851716
"AAPL",2024-06-25,209.070007324219,207.573671354677
"AAPL",2024-06-26,213.25,208.538543327244
"AAPL",2024-06-27,214.100006103516,212.608617378139
"AAPL",2024-06-28,210.619995117188,213.505699965647
"AAPL",2024-07-01,216.75,210.110759915325
"AAPL",2024-07-02,220.270004272461,216.09129796846
"AAPL",2024-07-03,221.550003051758,219.565369163024
"AAPL",2024-07-05,226.339996337891,220.783750802759
"AAPL",2024-07-08,227.820007324219,225.571658308693
"AAPL",2024-07-09,228.679992675781,227.030826949041
"AAPL",2024-07-10,232.979995727539,227.846118006104
"AAPL",2024-07-11,227.570007324219,232.132597959752
"AAPL",2024-07-12,230.539993286133,226.8702760168
"AAPL",2024-07-15,234.399993896484,229.83860592524
"AAPL",2024-07-16,234.820007324219,233.579375443379
"AAPL",2024-07-17,228.880004882813,234.021213320018
"AAPL",2024-07-18,224.179992675781,228.220530516056
"AAPL",2024-07-19,224.309997558594,223.535260014209
"AAPL",2024-07-22,223.960006713867,223.685289502633
"AAPL",2024-07-23,225.009994506836,223.367414763372
"AAPL",2024-07-24,218.539993286133,224.402489391886
"AAPL",2024-07-25,217.490005493164,218.090725721533
"AAPL",2024-07-26,217.960006713867,217.056587844895
"AAPL",2024-07-29,218.240005493164,217.511295958811
"AAPL",2024-07-30,218.800003051758,217.79161729124
"AAPL",2024-07-31,222.080001831055,218.365709572967
"AAPL",2024-08-01,218.360000610352,221.487268803444
"AAPL",2024-08-02,219.860000610352,217.919282333214
"AAPL",2024-08-05,209.270004272461,219.366147535691
"AAPL",2024-08-06,207.229995727539,208.897162395491
"AAPL",2024-08-07,209.820007324219,206.881482392558
"AAPL",2024-08-08,213.309997558594,209.474329213571
"AAPL",2024-08-09,216.240005493164,212.870120802341
"AAPL",2024-08-12,217.529998779297,215.742226936102
"AAPL",2024-08-13,221.270004272461,217.031103268781
"AAPL",2024-08-14,221.720001220703,220.66038105588
"AAPL",2024-08-15,224.720001220703,221.087819618944
"AAPL",2024-08-16,226.050003051758,223.973550890349
"AAPL",2024-08-19,225.889999389649,225.306027171689
"AAPL",2024-08-20,226.509994506836,225.179512421718
"AAPL",2024-08-21,226.399993896484,225.817925863869
"AAPL",2024-08-22,224.529998779297,225.741530934684
"AAPL",2024-08-23,226.839996337891,223.883130702654
"AAPL",2024-08-26,227.179992675781,226.16468360302
"AAPL",2024-08-27,228.029998779297,226.567749572817
"AAPL",2024-08-28,226.490005493164,227.389755561685
"AAPL",2024-08-29,229.789993286133,225.896287637798
"AAPL",2024-08-30,229,229.143679044663
"AAPL",2024-09-03,222.770004272461,228.339893579888
"AAPL",2024-09-04,220.850006103516,222.246233530329
"AAPL",2024-09-05,222.380004882812,220.378545632748
"AAPL",2024-09-06,220.820007324219,221.939644086031
"AAPL",2024-09-09,220.910003662109,220.598621319237
"AAPL",2024-09-10,220.110000610352,220.6493334799
"AAPL",2024-09-11,222.660003662109,219.991696672593
"AAPL",2024-09-12,222.770004272461,222.44049125553
"AAPL",2024-09-13,222.5,222.536601592612
"AAPL",2024-09-16,216.320007324219,222.232466237153
"AAPL",2024-09-17,216.789993286133,216.296686805452
"AAPL",2024-09-18,220.690002441406,216.720678088178
"AAPL",2024-09-19,228.869995117188,220.512130627925
"AAPL",2024-09-20,228.199996948242,228.57971507177
"AAPL",2024-09-23,226.470001220703,227.856713765498
"AAPL",2024-09-24,227.369995117187,226.106674628364
"AAPL",2024-09-25,226.369995117188,227.009252116184
"AAPL",2024-09-26,227.520004272461,226.043948294193
"AAPL",2024-09-27,227.789993286133,227.167169618761
"AAPL",2024-09-30,233,227.471335573679
"AAPL",2024-10-01,226.210006713867,232.607020687276
"AAPL",2024-10-02,226.779998779297,225.942343747375
"AAPL",2024-10-03,225.669998168945,226.488799728931
"AAPL",2024-10-04,226.800003051758,225.407165321999
"AAPL",2024-10-07,221.690002441406,226.55068502139
"AAPL",2024-10-08,225.770004272461,221.561147988641
"AAPL",2024-10-09,229.539993286133,225.580733118572
"AAPL",2024-10-10,229.039993286133,229.263581007074
"AAPL",2024-10-11,227.550003051758,228.711230057521
"AAPL",2024-10-14,231.300003051758,227.335640985047
"AAPL",2024-10-15,233.850006103516,231.020189392253
"AAPL",2024-10-16,231.779998779297,233.529681607993
"AAPL",2024-10-17,232.149993896484,231.502945275746
"AAPL",2024-10-18,235,231.864430555501
"AAPL",2024-10-21,236.479995727539,234.66794867929
"AAPL",2024-10-22,235.860000610352,236.14956557237
"AAPL",2024-10-23,230.759994506836,235.544427509105
"AAPL",2024-10-24,230.570007324219,230.58511025637
"AAPL",2024-10-25,231.410003662109,230.439447025259
"AAPL",2024-10-28,233.399993896484,231.260025984361
"AAPL",2024-10-29,233.669998168945,233.209992239091
"AAPL",2024-10-30,230.100006103516,233.420706837869
"AAPL",2024-10-31,225.910003662109,229.881792798883
"AAPL",2024-11-01,222.910003662109,225.744890343202
"AAPL",2024-11-04,222.009994506836,222.83555650996
"AAPL",2024-11-05,223.449996948242,221.939780035129
"AAPL",2024-11-06,222.720001220703,223.326364969696
"AAPL",2024-11-07,227.479995727539,222.651803800398
"AAPL",2024-11-08,226.960006713867,227.38121699235
"AAPL",2024-11-11,224.229995727539,226.896488472873
"AAPL",2024-11-12,224.229995727539,224.248867797693
"AAPL",2024-11-13,225.119995117187,224.278663029419
"AAPL",2024-11-14,228.220001220703,225.154968607453
"AAPL",2024-11-15,225,228.22301074243
"AAPL",2024-11-18,228.020004272461,225.062926872049
"AAPL",2024-11-19,228.279998779297,228.056152563001
"AAPL",2024-11-20,229,228.378410169367
"AAPL",2024-11-21,228.520004272461,229.121184735998
"AAPL",2024-11-22,229.869995117188,228.657498056459
"AAPL",2024-11-25,232.869995117188,229.963729245972
"AAPL",2024-11-26,235.059997558594,232.831979412074
"AAPL",2024-11-27,234.929992675781,234.999357083541
"AAPL",2024-11-29,237.330001831055,234.851479526845
"AAPL",2024-12-02,239.589996337891,237.23121837438
"AAPL",2024-12-03,242.649993896484,239.40137758261
"AAPL",2024-12-04,243.009994506836,242.427032571532
"AAPL",2024-12-05,243.039993286133,242.839865645242
"AAPL",2024-12-06,242.839996337891,242.856896302424
"AAPL",2024-12-09,246.75,242.574056586367
"AAPL",2024-12-10,247.770004272461,246.346857667905
"AAPL",2024-12-11,246.490005493164,247.266959056115
"AAPL",2024-12-12,247.960006713867,245.891865698078
"AAPL",2024-12-13,248.130004882813,247.335386881904
"AAPL",2024-12-16,251.039993286133,246.907268755689
"AAPL",2024-12-17,253.479995727539,249.43914563391
"AAPL",2024-12-18,248.050003051758,251.897899155009
"AAPL",2024-12-19,249.789993286133,246.704121967435
"AAPL",2024-12-20,254.490005493164,248.560915928735
"AAPL",2024-12-23,255.270004272461,253.172435803712
"AAPL",2024-12-24,258.200012207031,253.890164376577
"AAPL",2024-12-26,259.019989013672,256.72661590752
"AAPL",2024-12-27,255.589996337891,257.462680718178
"AAPL",2024-12-30,252.199996948242,254.115091159174
"AAPL",2024-12-31,250.419998168945,250.841602214625
"AAPL",2025-01-02,243.850006103516,249.11885849575
"AAPL",2025-01-03,243.360000610352,242.697501162805
"AAPL",2025-01-06,245,242.274849501092
"AAPL",2025-01-07,242.210006713867,243.874131928344
"AAPL",2025-01-08,242.699996948242,241.106791051392
"AAPL",2025-01-10,236.850006103516,241.554620532163
"AAPL",2025-01-13,234.399993896484,235.714062502639
"AAPL",2025-01-14,233.279998779297,233.283302463562
"AAPL",2025-01-15,237.869995117188,232.202882310378
"AAPL",2025-01-16,228.259994506836,236.717148343151
"AAPL",2025-01-17,229.979995727539,227.304435682589
"AAPL",2025-01-21,222.639999389648,228.930390604414
"AAPL",2025-01-22,223.830001831055,221.870780574202
"AAPL",2025-01-23,223.660003662109,223.185970266983
"AAPL",2025-01-24,222.779998779297,223.04644969571
"AAPL",2025-01-27,229.860000610352,222.078015305717
"AAPL",2025-01-28,238.259994506836,228.97332447201
"AAPL",2025-01-29,239.360000610352,237.272612933635
"AAPL",2025-01-30,237.589996337891,238.328123588855
"AAPL",2025-01-31,236,236.623363431554
"AAPL",2025-02-03,228.009994506836,234.963647081485
"AAPL",2025-02-04,232.800003051758,227.108686862159
"AAPL",2025-02-05,232.470001220703,231.782595998823
"AAPL",2025-02-06,233.220001220703,231.38206026272
"AAPL",2025-02-07,227.630004882813,232.131536713623
"AAPL",2025-02-10,227.649993896484,226.730327538687
"AAPL",2025-02-11,232.619995117188,226.719603663473
"AAPL",2025-02-12,236.869995117187,231.573294657385
"AAPL",2025-02-13,241.529998779297,235.658776359313
"AAPL",2025-02-14,244.600006103516,240.238583705333
"AAPL",2025-02-18,244.470001220703,243.301305383783
"AAPL",2025-02-19,244.869995117188,243.290658552988
"AAPL",2025-02-20,245.830001831055,243.712468857809
"AAPL",2025-02-21,245.550003051758,244.614262798902
"AAPL",2025-02-24,247.100006103516,244.302792516387
"AAPL",2025-02-25,247.039993286133,245.947969435237
"AAPL",2025-02-26,240.360000610352,245.905146416554
"AAPL",2025-02-27,237.300003051758,239.315995662354
"AAPL",2025-02-28,241.839996337891,236.300508067692
"AAPL",2025-03-03,238.029998779297,240.757200344758
"AAPL",2025-03-04,235.929992675781,237.061160270561
"AAPL",2025-03-05,235.740005493164,234.98878347729
"AAPL",2025-03-06,235.330001831055,234.81578156281
"AAPL",2025-03-07,239.070007324219,234.369084538543
"AAPL",2025-03-10,227.479995727539,237.904515969934
"AAPL",2025-03-11,220.839996337891,226.552084279223
"AAPL",2025-03-12,216.979995727539,219.912136789213
"AAPL",2025-03-13,209.679992675781,216.21958728787
"AAPL",2025-03-14,213.490005493164,209.011067774767
"AAPL",2025-03-17,214,212.734701165126
"AAPL",2025-03-18,212.690002441406,213.309905684234
"AAPL",2025-03-19,215.240005493164,211.994144850401
"AAPL",2025-03-20,214.100006103516,214.462468439733
"AAPL",2025-03-21,218.270004272461,213.410138186739
"AAPL",2025-03-24,220.729995727539,217.47235387694
"AAPL",2025-03-25,223.75,219.97535294387
"AAPL",2025-03-26,221.529998779297,222.956347518513
"AAPL",2025-03-27,223.850006103516,220.733689405742
"AAPL",2025-03-28,217.899993896484,223.023683336436
"AAPL",2025-03-31,222.130004882812,217.125436634841
"AAPL",2025-04-01,223.190002441406,221.27048020989
"AAPL",2025-04-02,223.889999389648,222.326270211199
"AAPL",2025-04-03,203.190002441406,223.022520771076
"AAPL",2025-04-04,188.380004882812,202.746639509119
"AAPL",2025-04-07,181.460006713867,188.08798110804
"AAPL",2025-04-08,172.419998168945,181.144160447724
"AAPL",2025-04-09,198.850006103516,172.143616166779
"AAPL",2025-04-10,190.419998168945,198.109608869452
"AAPL",2025-04-11,198.149993896484,189.826913494549
"AAPL",2025-04-14,202.520004272461,197.327546454655
"AAPL",2025-04-15,202.139999389648,201.673155938982
"AAPL",2025-04-16,194.270004272461,201.294404185792
"AAPL",2025-04-17,196.979995727539,193.488775487079
"AAPL",2025-04-21,193.160003662109,196.147779964049
"AAPL",2025-04-22,199.740005493164,192.335871575258
"AAPL",2025-04-23,204.600006103516,198.800897007363
"AAPL",2025-04-24,208.369995117187,203.570870703953
"AAPL",2025-04-25,209.279998779297,207.248940751681
"AAPL",2025-04-28,210.139999389649,208.123719843592
"AAPL",2025-04-29,211.210006713867,208.969695283074
"AAPL",2025-04-30,212.5,210.039439974994
"AAPL",2025-05-01,213.320007324219,211.292910324692
"AAPL",2025-05-02,205.350006103516,212.105733395798
"AAPL",2025-05-05,198.889999389648,204.338299704087
"AAPL",2025-05-06,198.509994506836,198.031204672287
"AAPL",2025-05-07,196.25,197.629676792995
"AAPL",2025-05-08,197.490005493164,195.422216349502
"AAPL",2025-05-09,198.529998779297,196.618639346824
"AAPL",2025-05-12,210.789993286133,197.641071775794
"AAPL",2025-05-13,212.929992675781,209.656140683387
"AAPL",2025-05-14,212.330001831055,211.765773600042
"AAPL",2025-05-15,211.449996948242,211.244473618949
"AAPL",2025-05-16,211.259994506836,210.324255149535
"AAPL",2025-05-19,208.779998779297,210.203345862297
"AAPL",2025-05-20,206.860000610352,207.735286381926
"AAPL",2025-05-21,202.089996337891,205.84804739192
"AAPL",2025-05-22,201.360000610352,201.145122218251
"AAPL",2025-05-23,195.270004272461,200.428637364521
"AAPL",2025-05-27,200.210006713867,194.447618702959
"AAPL",2025-05-28,200.419998168945,199.324991366179
"AAPL",2025-05-29,199.949996948242,199.501370915957
"AAPL",2025-05-30,200.850006103516,199.016670678173
"AAPL",2025-06-02,201.699996948242,199.891603519109
"AAPL",2025-06-03,203.270004272461,200.698848277395
"AAPL",2025-06-04,202.820007324219,202.220376808573
"AAPL",2025-06-05,200.630004882812,201.752574033059
"AAPL",2025-06-06,203.919998168945,199.627611430475
"AAPL",2025-06-09,201.449996948242,202.995758625973
"AAPL",2025-06-10,202.669998168945,200.663057567957
"AAPL",2025-06-11,198.779998779297,201.872527237469
"AAPL",2025-06-12,199.199996948242,197.959515064913
"AAPL",2025-06-13,196.449996948242,198.562754471145
"AAPL",2025-06-16,198.419998168945,196.027116636819
"AAPL",2025-06-17,195.639999389648,197.94928260561
"AAPL",2025-06-18,196.580001831055,195.21016916389
"AAPL",2025-06-20,201,196.134730283455
"AAPL",2025-06-23,201.5,200.422986069712
"AAPL",2025-06-24,200.300003051758,200.907233768052
"AAPL",2025-06-25,201.559997558594,199.784801573994
"AAPL",2025-06-26,201,201.018985737232
"AAPL",2025-06-27,201.080001831055,200.450974024135
"AAPL",2025-06-30,205.169998168945,200.533084815162
"AAPL",2025-07-01,207.820007324219,204.561889376946
"AAPL",2025-07-02,212.440002441406,207.217666622023
"AAPL",2025-07-03,213.550003051758,211.846885764634
"AAPL",2025-07-07,209.949996948242,212.961667330706
"AAPL",2025-07-08,210.009994506836,209.376455659662
"AAPL",2025-07-09,211.139999389649,209.484297565221
"AAPL",2025-07-10,212.410003662109,210.579501337046
"AAPL",2025-07-11,211.160003662109,211.867141962394
"AAPL",2025-07-14,208.619995117188,210.627474697779
"AAPL",2025-07-15,209.110000610351,208.123463401617
"AAPL",2025-07-16,210.160003662109,208.684969449186
"AAPL",2025-07-17,210.020004272461,209.802212218363
"AAPL",2025-07-18,211.179992675781,209.713129409922
"AAPL",2025-07-21,212.479995727539,210.830426679006
"AAPL",2025-07-22,214.399993896484,212.056287283013
"AAPL",2025-07-23,214.149993896484,213.959058895816
"AAPL",2025-07-24,213.759994506836,213.748090388165
"AAPL",2025-07-25,213.880004882812,213.35778551785
"AAPL",2025-07-28,214.050003051758,213.513483665516
"AAPL",2025-07-29,211.270004272461,213.706173930195
"AAPL",2025-07-30,209.050003051758,210.980064336363
"AAPL",2025-07-31,207.570007324219,208.78071875573
"AAPL",2025-08-01,202.380004882813,207.400112850109
"AAPL",2025-08-04,203.350006103516,202.232998873084
"AAPL",2025-08-05,202.919998168945,203.209458357909
"AAPL",2025-08-06,213.25,202.816188483435
"AAPL",2025-08-07,220.029998779297,212.868178187058
"AAPL",2025-08-08,229.350006103516,219.513400032187
"AAPL",2025-08-11,227.179992675781,228.650653866605
"AAPL",2025-08-12,229.649993896484,226.550917593257
"AAPL",2025-08-13,233.330001831055,228.93243668852
"AAPL",2025-08-14,232.779998779297,232.534527076813
"AAPL",2025-08-15,231.589996337891,231.981934519132
"AAPL",2025-08-18,230.889999389648,230.881383901909
"AAPL",2025-08-19,230.559997558594,230.216716729587
"AAPL",2025-08-20,226.009994506836,229.791734337609
"AAPL",2025-08-21,224.899993896484,225.367534733668
"AAPL",2025-08-22,227.759994506836,224.274200369629
"AAPL",2025-08-25,227.160003662109,227.112280410118
"AAPL",2025-08-26,229.309997558594,226.516933565921
"AAPL",2025-08-27,230.490005493164,228.620407156278
"AAPL",2025-08-28,232.559997558594,229.784130714522
"AAPL",2025-08-29,232.139999389649,231.791656059826
"AAPL",2025-09-02,229.720001220703,231.304200398799
"AAPL",2025-09-03,238.470001220703,228.917489401298
"AAPL",2025-09-04,239.779998779297,237.462473808026
"AAPL",2025-09-05,239.690002441406,238.722993392195
"AAPL",2025-09-08,237.880004882813,238.46577716087
"AAPL",2025-09-09,234.350006103516,236.686986588055
"AAPL",2025-09-10,226.789993286133,233.356682677271
"AAPL",2025-09-11,230.029998779297,226.421901846941
"AAPL",2025-09-12,234.070007324219,229.49146808537
"AAPL",2025-09-15,236.699996948242,233.342137808242
"AAPL",2025-09-16,238.149993896484,235.981310010159
"AAPL",2025-09-17,238.990005493164,237.460022586037
"AAPL",2025-09-18,237.880004882813,238.328756507327
"AAPL",2025-09-19,245.5,237.227298511908
"AAPL",2025-09-22,256.079986572266,244.800499908646
"AAPL",2025-09-23,254.429992675781,255.429532711576
"AAPL",2025-09-24,252.309997558594,253.730586302939
"AAPL",2025-09-25,256.869995117187,251.619554585494
"AAPL",2025-09-26,255.460006713867,256.000456102275
"AAPL",2025-09-29,254.429992675781,254.561737295948
"AAPL",2025-09-30,254.630004882813,253.618841014145
"AAPL",2025-10-01,255.449996948242,253.820876376194
"AAPL",2025-10-02,257.130004882813,254.679105642168
"AAPL",2025-10-03,258.019989013672,256.326239491945
"AAPL",2025-10-06,256.690002441406,257.160549566248
"AAPL",2025-10-07,256.480010986328,256.10485078416
"AAPL",2025-10-08,258.059997558594,255.863823615551
"AAPL",2025-10-09,254.039993286133,257.496472204933
"AAPL",2025-10-10,245.270004272461,253.63407544633
"AAPL",2025-10-13,247.660003662109,245.050175505852
"AAPL",2025-10-14,247.770004272461,247.323345988369
"AAPL",2025-10-15,249.339996337891,247.44014186284
"AAPL",2025-10-16,247.449996948242,249.047857319892
"AAPL",2025-10-17,252.289993286133,247.217008760797
"AAPL",2025-10-20,262.239990234375,251.832982161834
"AAPL",2025-10-21,262.769989013672,261.502859638225
"AAPL",2025-10-22,258.450012207031,262.048689023585
"AAPL",2025-10-23,259.579986572266,257.775805777446
"AAPL",2025-10-24,262.820007324219,258.93395238875
"AAPL",2025-10-27,268.809997558594,262.129432872451
"AAPL",2025-10-28,269,267.971516455949
"AAPL",2025-10-29,269.700012207031,268.098660860303
"AAPL",2025-10-30,271.399993896484,268.684324377505
"AAPL",2025-10-31,270.369995117188,270.22066018687
"AAPL",2025-11-03,269.049987792969,269.328219660814
"AAPL",2025-11-04,270.040008544922,268.069666983041
"AAPL",2025-11-05,270.140014648438,268.982809109552
"AAPL",2025-11-06,269.769989013672,269.043022421008
"AAPL",2025-11-07,268.470001220703,268.563603641579
"AAPL",2025-11-10,269.429992675781,267.28609833579
"AAPL",2025-11-11,275.25,268.245842853641
"AAPL",2025-11-12,273.470001220703,273.925916023832
"AAPL",2025-11-13,272.950012207031,272.135745488884
"AAPL",2025-11-14,272.410003662109,271.597181964516
"AAPL",2025-11-17,267.459991455078,271.11623428604
"AAPL",2025-11-18,267.440002441406,266.208704449498
"AAPL",2025-11-19,268.559997558594,266.181000500547
"AAPL",2025-11-20,266.25,267.235989041541
"AAPL",2025-11-21,271.489990234375,264.815115056341
"AAPL",2025-11-24,275.920013427734,269.82862580037
"AAPL",2025-11-25,276.970001220703,273.935563457138
"AAPL",2025-11-26,277.549987792969,274.818860730423
"AAPL",2025-11-28,278.850006103516,275.438763673164
"AAPL",2025-12-01,283.100006103516,276.630327364526
"AAPL",2025-12-02,286.190002441406,280.90386072988
"AAPL",2025-12-03,284.149993896484,283.96188558617
"AAPL",2025-12-04,280.700012207031,282.095906080973
"AAPL",2025-12-05,278.779998779297,278.819212386106
"AAPL",2025-12-08,277.890014648437,276.912276400737
"AAPL",2025-12-09,277.179992675781,276.024596834019
"AAPL",2025-12-10,278.779998779297,275.306493133865
"AAPL",2025-12-11,278.029998779297,276.846105773148
"AAPL",2025-12-12,278.279998779297,275.851410911075
"AAPL",2025-12-15,274.109985351563,276.267192600517
"AAPL",2025-12-16,274.609985351562,272.280280640945
"AAPL",2025-12-17,271.839996337891,272.825301505825
"AAPL",2025-12-18,272.190002441406,270.031890551784
"AAPL",2025-12-19,273.670013427734,270.372360656338
"AAPL",2025-12-22,270.970001220703,271.955692577362
"AAPL",2025-12-23,272.359985351562,269.403448078719
"AAPL",2025-12-24,273.809997558594,270.681649965435
"AAPL",2025-12-26,273.399993896484,272.110487296342
"AAPL",2025-12-29,273.760009765625,271.715697900244
"AAPL",2025-12-30,273.079986572266,272.037409233114
"AAPL",2025-12-31,271.859985351563,271.384736355495
"MSFT",2023-10-31,338.109985351563,336.498172530444
"MSFT",2023-11-01,346.070007324219,337.381028952147
"MSFT",2023-11-02,348.320007324219,345.050462022428
"MSFT",2023-11-03,352.799987792969,347.209431349861
"MSFT",2023-11-06,356.529998779297,351.544070358681
"MSFT",2023-11-07,360.529998779297,355.157783763516
"MSFT",2023-11-08,363.200012207031,358.903321020822
"MSFT",2023-11-09,360.690002441406,361.553058608948
"MSFT",2023-11-10,369.670013427734,359.263266686603
"MSFT",2023-11-13,366.679992675781,367.699567555699
"MSFT",2023-11-14,370.269989013672,365.052327963545
"MSFT",2023-11-15,369.670013427734,368.514413411939
"MSFT",2023-11-16,376.170013427734,367.92170780587
"MSFT",2023-11-17,369.850006103516,374.215211487373
"MSFT",2023-11-20,377.440002441406,368.343973918737
"MSFT",2023-11-21,373.070007324219,375.572738313061
"MSFT",2023-11-22,377.850006103516,371.562299900943
"MSFT",2023-11-24,377.429992675781,376.177329699168
"MSFT",2023-11-27,378.609985351562,375.847256920279
"MSFT",2023-11-28,382.700012207031,377.200287070692
"MSFT",2023-11-29,378.850006103516,381.142317275698
"MSFT",2023-11-30,378.910003662109,377.675211007392
"MSFT",2023-12-01,374.510009765625,377.826066491346
"MSFT",2023-12-04,369.140014648438,373.781202231284
"MSFT",2023-12-05,372.519989013672,368.709516691981
"MSFT",2023-12-06,368.799987792969,371.92945004578
"MSFT",2023-12-07,370.950012207031,368.395899260554
"MSFT",2023-12-08,374.230010986328,370.498323200996
"MSFT",2023-12-11,371.299987792969,373.58827299496
"MSFT",2023-12-12,374.380004882812,370.612170287599
"MSFT",2023-12-13,374.369995117188,372.805182294449
"MSFT",2023-12-14,365.929992675781,372.858810119759
"MSFT",2023-12-15,370.730010986328,364.781463443251
"MSFT",2023-12-18,372.649993896484,369.361047401383
"MSFT",2023-12-19,373.260009765625,371.227785512646
"MSFT",2023-12-20,370.619995117188,371.892352825618
"MSFT",2023-12-21,373.540008544922,369.370204081117
"MSFT",2023-12-22,374.579986572266,372.201071765802
"MSFT",2023-12-26,374.660003662109,373.231667116428
"MSFT",2023-12-27,374.070007324219,373.323688098308
"MSFT",2023-12-28,375.279998779297,372.797589054933
"MSFT",2023-12-29,376.040008544922,373.984650440498
"MSFT",2024-01-02,370.869995117187,374.692121952241
"MSFT",2024-01-03,370.600006103516,369.848550111849
"MSFT",2024-01-04,367.940002441406,369.616008324572
"MSFT",2024-01-05,367.75,367.181289713274
"MSFT",2024-01-08,374.690002441406,367.060041742152
"MSFT",2024-01-09,375.790008544922,373.675018705319
"MSFT",2024-01-10,382.769989013672,374.68321613074
"MSFT",2024-01-11,384.630004882812,381.298273716705
"MSFT",2024-01-12,388.470001220703,383.057982318613
"MSFT",2024-01-16,390.269989013672,386.746582879892
"MSFT",2024-01-17,389.470001220703,388.573635320533
"MSFT",2024-01-18,393.869995117187,387.925406311114
"MSFT",2024-01-19,398.670013427735,392.125001871405
"MSFT",2024-01-22,396.510009765625,396.568868559525
"MSFT",2024-01-23,398.899993896484,394.544453030645
"MSFT",2024-01-24,402.559997558594,396.901780647026
"MSFT",2024-01-25,404.869995117187,400.497953387631
"MSFT",2024-01-26,403.929992675781,402.861031450033
"MSFT",2024-01-29,409.720001220703,402.114299776472
"MSFT",2024-01-30,408.589996337891,407.561663310399
"MSFT",2024-01-31,397.579986572265,406.618118339332
"MSFT",2024-02-01,403.779998779297,396.298933834637
"MSFT",2024-02-02,411.220001220703,402.306362060713
"MSFT",2024-02-05,405.649993896484,409.401967307652
"MSFT",2024-02-06,405.489990234375,404.246418983852
"MSFT",2024-02-07,414.049987792969,404.135823621153
"MSFT",2024-02-08,414.109985351563,412.29280491507
"MSFT",2024-02-09,420.549987792969,412.382100083964
"MSFT",2024-02-12,415.260009765625,418.509095592889
"MSFT",2024-02-13,406.320007324219,413.630611473255
"MSFT",2024-02-14,409.489990234375,405.210833216677
"MSFT",2024-02-15,406.559997558594,408.297816595954
"MSFT",2024-02-16,404.059997558594,405.484246334301
"MSFT",2024-02-20,402.790008544922,403.137042926895
"MSFT",2024-02-21,402.179992675781,401.829436907505
"MSFT",2024-02-22,411.649993896484,401.224195516113
"MSFT",2024-02-23,410.339996337891,410.23715501013
"MSFT",2024-02-26,407.540008544922,409.096240180562
"MSFT",2024-02-27,407.480010986328,406.418823676398
"MSFT",2024-02-28,407.720001220703,406.41924023536
"MSFT",2024-02-29,413.640014648438,406.676381255808
"MSFT",2024-03-01,415.5,412.347918399186
"MSFT",2024-03-04,414.920013427734,414.0219143621
"MSFT",2024-03-05,402.649993896484,413.601684088764
"MSFT",2024-03-06,402.089996337891,402.142390468214
"MSFT",2024-03-07,409.140014648437,401.749484386286
"MSFT",2024-03-08,406.220001220703,408.394881893581
"MSFT",2024-03-11,404.519989013672,405.780168494327
"MSFT",2024-03-12,415.279998779297,404.178720668895
"MSFT",2024-03-13,415.100006103516,414.993170047038
"MSFT",2024-03-14,425.220001220703,414.847840033261
"MSFT",2024-03-15,416.420013427734,424.312673547851
"MSFT",2024-03-18,417.320007324219,416.169812363037
"MSFT",2024-03-19,421.410003662109,417.140190290036
"MSFT",2024-03-20,425.230010986328,421.039112787676
"MSFT",2024-03-21,429.369995117188,424.558307784782
"MSFT",2024-03-22,428.739990234375,428.333430568534
"MSFT",2024-03-25,422.859985351562,427.755192089282
"MSFT",2024-03-26,421.649993896484,422.220668724208
"MSFT",2024-03-27,421.429992675781,421.180044882511
"MSFT",2024-03-28,420.720001220703,420.952694984954
"MSFT",2024-04-01,424.570007324219,420.312720577461
"MSFT",2024-04-02,421.440002441406,423.938892568516
"MSFT",2024-04-03,420.450012207031,420.974135424024
"MSFT",2024-04-04,417.880004882812,420.093934391418
"MSFT",2024-04-05,425.519989013672,417.665482646493
"MSFT",2024-04-08,424.589996337891,424.898320013194
"MSFT",2024-04-09,426.279998779297,424.057079213328
"MSFT",2024-04-10,423.260009765625,425.648527735601
"MSFT",2024-04-11,427.929992675781,422.819227649166
"MSFT",2024-04-12,421.899993896484,427.112946248355
"MSFT",2024-04-15,413.640014648438,421.378104628518
"MSFT",2024-04-16,414.579986572266,413.633758074533
"MSFT",2024-04-17,411.839996337891,414.536203925439
"MSFT",2024-04-18,404.269989013672,411.933948312866
"MSFT",2024-04-19,399.119995117188,404.699709377139
"MSFT",2024-04-22,400.959991455078,399.777272085884
"MSFT",2024-04-23,407.570007324219,401.431726075708
"MSFT",2024-04-24,409.059997558594,407.639402279661
"MSFT",2024-04-25,399.040008544922,408.954980094641
"MSFT",2024-04-26,406.320007324219,399.375655039009
"MSFT",2024-04-29,402.25,406.232642417098
"MSFT",2024-04-30,389.329986572265,402.331248309348
"MSFT",2024-05-01,394.940002441406,390.082610176934
"MSFT",2024-05-02,397.839996337891,395.445995757139
"MSFT",2024-05-03,406.660003662109,398.19711825941
"MSFT",2024-05-06,413.540008544922,406.394052369313
"MSFT",2024-05-07,409.339996337891,412.934201564293
"MSFT",2024-05-08,410.540008544922,408.922718758169
"MSFT",2024-05-09,412.320007324219,409.940992007721
"MSFT",2024-05-10,414.739990234375,411.585594981053
"MSFT",2024-05-13,413.720001220703,413.818191261945
"MSFT",2024-05-14,416.559997558594,412.791534882749
"MSFT",2024-05-15,423.079986572266,415.566412251131
"MSFT",2024-05-16,420.989990234375,421.645430430063
"MSFT",2024-05-17,420.209991455078,419.8113720871
"MSFT",2024-05-20,425.339996337891,419.216919843763
"MSFT",2024-05-21,429.040008544922,424.107855534373
"MSFT",2024-05-22,430.519989013672,427.67234084115
"MSFT",2024-05-23,427,429.151126644183
"MSFT",2024-05-24,430.160003662109,425.953032900523
"MSFT",2024-05-28,430.320007324219,428.921110588152
"MSFT",2024-05-29,429.170013427734,429.262631713855
"MSFT",2024-05-30,414.670013427734,428.24084325825
"MSFT",2024-05-31,415.130004882813,414.388351312683
"MSFT",2024-06-03,413.519989013672,414.94707617898
"MSFT",2024-06-04,416.070007324219,413.58356185958
"MSFT",2024-06-05,424.010009765625,415.964345986174
"MSFT",2024-06-06,424.519989013672,423.431555955428
"MSFT",2024-06-07,423.850006103516,424.006119573417
"MSFT",2024-06-10,427.869995117188,423.482033222669
"MSFT",2024-06-11,432.679992675781,427.13777820691
"MSFT",2024-06-12,441.059997558594,431.491830696412
"MSFT",2024-06-13,441.579986572266,440.019987391027
"MSFT",2024-06-14,442.570007324219,440.002574387228
"MSFT",2024-06-17,448.369995117188,440.777677412255
"MSFT",2024-06-18,446.339996337891,446.141276582765
"MSFT",2024-06-20,445.700012207031,444.519151906249
"MSFT",2024-06-21,449.779998779297,444.080857253658
"MSFT",2024-06-24,447.670013427734,448.087548155455
"MSFT",2024-06-25,450.950012207031,446.180972022847
"MSFT",2024-06-26,452.160003662109,449.396306282795
"MSFT",2024-06-27,452.850006103516,450.474176143247
"MSFT",2024-06-28,446.950012207031,451.249068420855
"MSFT",2024-07-01,456.730010986328,445.804418579428
"MSFT",2024-07-02,459.279998779297,454.989652135054
"MSFT",2024-07-03,460.769989013672,457.472179925381
"MSFT",2024-07-05,467.559997558594,458.879512279837
"MSFT",2024-07-08,466.239990234375,465.447001090308
"MSFT",2024-07-09,459.540008544922,464.248272025054
"MSFT",2024-07-10,466.25,457.91130194471
"MSFT",2024-07-11,454.700012207031,464.399698891529
"MSFT",2024-07-12,453.549987792969,453.677479637438
"MSFT",2024-07-15,453.959991455078,452.748361842698
"MSFT",2024-07-16,449.519989013672,453.026217122522
"MSFT",2024-07-17,443.519989013672,448.894753933023
"MSFT",2024-07-18,440.369995117187,443.310921146448
"MSFT",2024-07-19,437.109985351562,440.189106909138
"MSFT",2024-07-22,442.940002441406,437.14466437128
"MSFT",2024-07-23,444.850006103516,442.677887755499
"MSFT",2024-07-24,428.899993896484,444.494962145929
"MSFT",2024-07-25,418.399993896484,429.496174775478
"MSFT",2024-07-26,425.269989013672,419.505563780465
"MSFT",2024-07-29,426.730010986328,425.948415485994
"MSFT",2024-07-30,422.920013427734,427.284075332831
"MSFT",2024-07-31,418.350006103516,423.632317063572
"MSFT",2024-08-01,417.109985351563,419.064371021363
"MSFT",2024-08-02,408.489990234375,417.988825385119
"MSFT",2024-08-05,395.149993896485,409.601440337333
"MSFT",2024-08-06,399.609985351562,396.713161807075
"MSFT",2024-08-07,398.429992675781,400.833350312516
"MSFT",2024-08-08,402.690002441406,399.674182823914
"MSFT",2024-08-09,406.019989013672,403.562084674087
"MSFT",2024-08-12,406.809997558594,406.646590147775
"MSFT",2024-08-13,414.010009765625,407.365770927333
"MSFT",2024-08-14,416.859985351562,414.024985289
"MSFT",2024-08-15,421.029998779297,416.67469007734
"MSFT",2024-08-16,418.470001220703,420.467829795276
"MSFT",2024-08-19,421.529998779297,418.070738316955
"MSFT",2024-08-20,424.799987792969,420.955755839909
"MSFT",2024-08-21,424.140014648438,424.061321420574
"MSFT",2024-08-22,415.549987792969,423.487370448538
"MSFT",2024-08-23,416.790008544922,415.320858317994
"MSFT",2024-08-26,413.489990234375,416.460901012522
"MSFT",2024-08-27,413.839996337891,413.430177193736
"MSFT",2024-08-28,410.600006103516,413.685519764383
"MSFT",2024-08-29,413.119995117188,410.629890778876
"MSFT",2024-08-30,417.140014648438,413.001249833485
"MSFT",2024-09-03,409.440002441406,416.742001004915
"MSFT",2024-09-04,408.899993896484,409.533765510266
"MSFT",2024-09-05,408.390014648438,409.055947147956
"MSFT",2024-09-06,401.700012207031,408.685488064425
"MSFT",2024-09-09,405.720001220703,402.705558469972
"MSFT",2024-09-10,414.200012207031,406.377927856793
"MSFT",2024-09-11,423.040008544922,414.741411426881
"MSFT",2024-09-12,427,422.962847419988
"MSFT",2024-09-13,430.589996337891,426.678642935164
"MSFT",2024-09-16,431.339996337891,430.019094507526
"MSFT",2024-09-17,435.149993896484,431.093434277756
"MSFT",2024-09-18,430.809997558594,434.622772718773
"MSFT",2024-09-19,438.690002441406,430.410142388324
"MSFT",2024-09-20,435.269989013672,437.860223336526
"MSFT",2024-09-23,433.510009765625,434.557872225584
"MSFT",2024-09-24,429.170013427734,432.831901693333
"MSFT",2024-09-25,432.109985351563,428.78251144106
"MSFT",2024-09-26,431.309997558594,431.621422483975
"MSFT",2024-09-27,428.019989013672,430.954920661753
"MSFT",2024-09-30,430.299987792969,427.958451686402
"MSFT",2024-10-01,420.690002441406,430.128193335079
"MSFT",2024-10-02,417.130004882813,421.08647033739
"MSFT",2024-10-03,416.540008544922,417.690833175978
"MSFT",2024-10-04,416.059997558594,417.154724264744
"MSFT",2024-10-07,409.540008544922,416.780507805408
"MSFT",2024-10-08,414.709991455078,410.697748690745
"MSFT",2024-10-09,417.459991455078,415.591865744682
"MSFT",2024-10-10,415.839996337891,418.135483758618
"MSFT",2024-10-11,416.320007324219,416.489849756538
"MSFT",2024-10-14,419.140014648437,417.082769304623
"MSFT",2024-10-15,418.739990234375,419.712341254197
"MSFT",2024-10-16,416.119995117188,419.290824799065
"MSFT",2024-10-17,416.720001220703,416.838478379311
"MSFT",2024-10-18,418.160003662109,417.371780038503
"MSFT",2024-10-21,418.779998779297,418.687956735743
"MSFT",2024-10-22,427.510009765625,419.262152796214
"MSFT",2024-10-23,424.600006103516,427.526668033745
"MSFT",2024-10-24,424.730010986328,424.865010591789
"MSFT",2024-10-25,428.149993896484,425.073512327684
"MSFT",2024-10-28,426.589996337891,428.274521189274
"MSFT",2024-10-29,431.950012207031,426.756727588602
"MSFT",2024-10-30,432.529998779297,431.720451720811
"MSFT",2024-10-31,406.350006103516,432.293202915413
"MSFT",2024-11-01,410.369995117188,407.47924750065
"MSFT",2024-11-04,408.459991455078,411.382524122373
"MSFT",2024-11-05,411.459991455078,409.568074606776
"MSFT",2024-11-06,420.179992675781,412.364978895357
"MSFT",2024-11-07,425.429992675781,420.787082858025
"MSFT",2024-11-08,422.540008544922,425.857091638255
"MSFT",2024-11-11,418.010009765625,423.211381074842
"MSFT",2024-11-12,423.029998779297,419.01031153351
"MSFT",2024-11-13,425.200012207031,423.825473038093
"MSFT",2024-11-14,426.890014648438,425.895871124552
"MSFT",2024-11-15,415,427.521231608962
"MSFT",2024-11-18,415.760009765625,416.298102348088
"MSFT",2024-11-19,417.790008544922,417.053508738134
"MSFT",2024-11-20,415.489990234375,419.103644479935
"MSFT",2024-11-21,412.869995117188,416.991292508664
"MSFT",2024-11-22,417,414.536897625534
"MSFT",2024-11-25,418.790008544922,418.373615654132
"MSFT",2024-11-26,427.989990234375,419.860629127754
"MSFT",2024-11-27,422.989990234375,428.570168183808
"MSFT",2024-11-29,423.459991455078,423.725621986462
"MSFT",2024-12-02,430.980010986328,424.212817461541
"MSFT",2024-12-03,431.200012207031,431.18690367853
"MSFT",2024-12-04,437.420013427734,431.44634557641
"MSFT",2024-12-05,442.619995117187,437.496555301552
"MSFT",2024-12-06,443.570007324219,442.3828019826
"MSFT",2024-12-09,446.019989013672,443.184629799823
"MSFT",2024-12-10,443.329986572266,445.410433150773
"MSFT",2024-12-11,448.989990234375,442.659271036534
"MSFT",2024-12-12,449.559997558594,447.825170433656
"MSFT",2024-12-13,447.269989013672,448.346636447259
"MSFT",2024-12-16,451.589996337891,445.133241805556
"MSFT",2024-12-17,454.459991455078,448.661357139403
"MSFT",2024-12-18,437.390014648438,451.538440685556
"MSFT",2024-12-19,437.029998779297,435.743680075273
"MSFT",2024-12-20,436.600006103516,435.629063966451
"MSFT",2024-12-23,435.25,435.270767908657
"MSFT",2024-12-24,439.329986572266,433.896215161735
"MSFT",2024-12-26,438.109985351562,437.692717435266
"MSFT",2024-12-27,430.529998779297,436.442454007875
"MSFT",2024-12-30,424.829986572266,429.317659099146
"MSFT",2024-12-31,421.5,424.009634805921
"MSFT",2025-01-02,418.579986572266,420.889383747397
"MSFT",2025-01-03,423.350006103516,418.17548128802
"MSFT",2025-01-06,427.850006103515,422.742509796899
"MSFT",2025-01-07,422.369995117188,426.964153782173
"MSFT",2025-01-08,424.559997558594,421.723574581612
"MSFT",2025-01-10,418.950012207031,423.707366431622
"MSFT",2025-01-13,417.190002441406,418.175254796553
"MSFT",2025-01-14,415.670013427734,416.393048366749
"MSFT",2025-01-15,426.309997558594,414.98142111006
"MSFT",2025-01-16,424.579986572266,425.019149945805
"MSFT",2025-01-17,429.029998779297,423.420833467767
"MSFT",2025-01-21,428.5,427.485875225614
"MSFT",2025-01-22,446.200012207031,427.38323403517
"MSFT",2025-01-23,446.709991455078,444.430384469304
"MSFT",2025-01-24,444.059997558594,445.01057199666
"MSFT",2025-01-27,434.559997558594,442.337744549029
"MSFT",2025-01-28,447.200012207031,433.122698700143
"MSFT",2025-01-29,442.329986572266,445.146212844259
"MSFT",2025-01-30,414.989990234375,440.543970265241
"MSFT",2025-01-31,415.059997558594,414.924497462029
"MSFT",2025-02-03,410.920013427734,414.814583709178
"MSFT",2025-02-04,412.369995117187,410.892078676954
"MSFT",2025-02-05,413.290008544922,412.166153588049
"MSFT",2025-02-06,415.820007324219,412.943018191611
"MSFT",2025-02-07,409.75,415.36387771117
"MSFT",2025-02-10,412.220001220703,409.801630035666
"MSFT",2025-02-11,411.440002441406,412.102859894311
"MSFT",2025-02-12,409.040008544922,411.278019658802
"MSFT",2025-02-13,410.540008544922,408.793854662951
"MSFT",2025-02-14,408.429992675781,410.221968016282
"MSFT",2025-02-18,409.640014648438,408.288028979483
"MSFT",2025-02-19,414.769989013672,409.648909211688
"MSFT",2025-02-20,416.130004882813,414.484245395409
"MSFT",2025-02-21,408.209991455078,415.579363947588
"MSFT",2025-02-24,404,407.897508932436
"MSFT",2025-02-25,397.899993896484,404.047516407967
"MSFT",2025-02-26,399.730010986328,398.224237172473
"MSFT",2025-02-27,392.529998779297,399.845303569864
"MSFT",2025-02-28,396.989990234375,392.886222519223
"MSFT",2025-03-03,388.489990234375,397.05773040445
"MSFT",2025-03-04,388.609985351562,389.01568909836
"MSFT",2025-03-05,401.019989013672,389.005661954941
"MSFT",2025-03-06,396.890014648437,400.742467415898
"MSFT",2025-03-07,393.309997558594,396.649034489591
"MSFT",2025-03-10,380.16000366211,393.021766386681
"MSFT",2025-03-11,380.450012207031,380.540236113934
"MSFT",2025-03-12,383.269989013672,380.520346059196
"MSFT",2025-03-13,378.769989013672,383.369156734534
"MSFT",2025-03-14,388.559997558594,379.007785902715
"MSFT",2025-03-17,388.700012207031,388.204197570292
"MSFT",2025-03-18,383.519989013672,388.484716178765
"MSFT",2025-03-19,387.820007324219,383.48921223139
"MSFT",2025-03-20,386.839996337891,387.449725622258
"MSFT",2025-03-21,391.260009765625,386.617142132351
"MSFT",2025-03-24,393.079986572266,390.653459567085
"MSFT",2025-03-25,395.160003662109,392.514083079852
"MSFT",2025-03-26,389.970001220703,394.477502812936
"MSFT",2025-03-27,390.579986572266,389.476343270785
"MSFT",2025-03-28,378.799987792969,390.067749652375
"MSFT",2025-03-31,375.390014648437,378.808397041447
"MSFT",2025-04-01,382.190002441406,375.528026650917
"MSFT",2025-04-02,382.140014648438,381.973513623197
"MSFT",2025-04-03,373.109985351562,381.925914302723
"MSFT",2025-04-04,359.839996337891,373.41357270261
"MSFT",2025-04-07,357.859985351563,360.595209944193
"MSFT",2025-04-08,354.559997558594,358.465611314089
"MSFT",2025-04-09,390.489990234375,355.10637658714
"MSFT",2025-04-10,381.350006103516,388.996332630199
"MSFT",2025-04-11,388.450012207031,380.35656731927
"MSFT",2025-04-14,387.809997558594,386.802999412999
"MSFT",2025-04-15,385.730010986328,386.333696382226
"MSFT",2025-04-16,371.609985351562,384.363104080828
"MSFT",2025-04-17,367.779998779297,370.904140018555
"MSFT",2025-04-21,359.119995117187,367.25220098187
"MSFT",2025-04-22,366.820007324219,358.880194059891
"MSFT",2025-04-23,374.390014648437,366.155414286213
"MSFT",2025-04-24,387.299987792969,373.273027392693
"MSFT",2025-04-25,391.850006103515,385.414875280752
"MSFT",2025-04-28,391.160003662109,389.671752452157
"MSFT",2025-04-29,394.040008544922,389.059385434415
"MSFT",2025-04-30,395.260009765625,391.833130023194
"MSFT",2025-05-01,425.399993896484,392.976434504549
"MSFT",2025-05-02,435.279998779297,421.339448934685
"MSFT",2025-05-05,436.170013427734,430.843775204458
"MSFT",2025-05-06,433.309997558594,431.881168501476
"MSFT",2025-05-07,433.350006103516,429.286339190201
"MSFT",2025-05-08,438.170013427734,429.50760405263
"MSFT",2025-05-09,438.730010986328,434.089207293884
"MSFT",2025-05-12,449.260009765625,434.733097597632
"MSFT",2025-05-13,449.140014648437,444.712643608049
"MSFT",2025-05-14,452.940002441406,444.790831004052
"MSFT",2025-05-15,453.130004882812,448.599259847988
"MSFT",2025-05-16,454.269989013672,448.798610497903
"MSFT",2025-05-19,458.869995117188,450.198058384833
"MSFT",2025-05-20,458.170013427734,454.635182196559
"MSFT",2025-05-21,452.570007324219,454.182926549401
"MSFT",2025-05-22,454.859985351563,449.04966823506
"MSFT",2025-05-23,450.179992675781,451.353799216422
"MSFT",2025-05-27,460.690002441406,447.108429753735
"MSFT",2025-05-28,457.359985351562,457.221670177386
"MSFT",2025-05-29,458.679992675781,454.212316846626
"MSFT",2025-05-30,460.359985351562,455.550944522916
"MSFT",2025-06-02,461.970001220703,457.229749007271
"MSFT",2025-06-03,462.970001220703,458.770057064168
"MSFT",2025-06-04,463.869995117188,459.763944138657
"MSFT",2025-06-05,467.679992675781,460.615189516292
"MSFT",2025-06-06,470.380004882812,464.382113917419
"MSFT",2025-06-09,472.75,467.357975322543
"MSFT",2025-06-10,470.920013427734,469.906960169873
"MSFT",2025-06-11,472.619995117188,468.31385898457
"MSFT",2025-06-12,478.869995117187,469.79793286409
"MSFT",2025-06-13,474.959991455078,476.396071747253
"MSFT",2025-06-16,479.140014648438,473.343394772419
"MSFT",2025-06-17,478.040008544922,477.28705427074
"MSFT",2025-06-18,480.239990234375,476.328607334725
"MSFT",2025-06-20,477.399993896484,478.522916715323
"MSFT",2025-06-23,486,475.773925800296
"MSFT",2025-06-24,490.109985351563,483.929352963628
"MSFT",2025-06-25,492.269989013672,488.082484502386
"MSFT",2025-06-26,497.450012207031,490.143220456614
"MSFT",2025-06-27,495.940002441406,495.086141667817
"MSFT",2025-06-30,497.41000366211,493.762899810168
"MSFT",2025-07-01,492.049987792969,495.324691142412
"MSFT",2025-07-02,491.08999633789,490.524158459185
"MSFT",2025-07-03,498.839996337891,489.97276647206
"MSFT",2025-07-07,497.720001220703,497.47159548365
"MSFT",2025-07-08,496.619995117188,496.38294145239
"MSFT",2025-07-09,503.510009765625,495.579456350977
"MSFT",2025-07-10,501.480010986328,502.103058650642
"MSFT",2025-07-11,503.320007324219,500.356355480046
"MSFT",2025-07-14,503.019989013672,502.12533526705
"MSFT",2025-07-15,505.820007324219,501.870504456382
"MSFT",2025-07-16,505.619995117188,504.775251672201
"MSFT",2025-07-17,511.700012207031,504.852831371567
"MSFT",2025-07-18,510.049987792969,510.786692434185
"MSFT",2025-07-21,510.059997558594,509.241721600297
"MSFT",2025-07-22,505.269989013672,509.175713406024
"MSFT",2025-07-23,505.869995117188,504.697917179748
"MSFT",2025-07-24,510.880004882813,505.391523948069
"MSFT",2025-07-25,513.710021972656,510.143013470234
"MSFT",2025-07-28,512.5,512.933122049582
"MSFT",2025-07-29,512.570007324219,511.884394943939
"MSFT",2025-07-30,513.239990234375,512.029065102093
"MSFT",2025-07-31,533.5,512.700514178425
"MSFT",2025-08-01,524.109985351562,532.083559487062
"MSFT",2025-08-04,535.640014648438,523.134246352403
"MSFT",2025-08-05,527.75,534.193490603505
"MSFT",2025-08-06,524.940002441406,526.98162150949
"MSFT",2025-08-07,520.840026855469,524.113645790904
"MSFT",2025-08-08,522.039978027344,520.171048150326
"MSFT",2025-08-11,521.77001953125,521.31051991014
"MSFT",2025-08-12,529.239990234375,521.216569508202
"MSFT",2025-08-13,520.580017089844,528.201730084557
"MSFT",2025-08-14,522.47998046875,519.928738598234
"MSFT",2025-08-15,520.169982910156,521.726781023184
"MSFT",2025-08-18,517.099975585937,519.730999410558
"MSFT",2025-08-19,509.769989013672,516.9220796922
"MSFT",2025-08-20,505.720001220703,509.73266883529
"MSFT",2025-08-21,504.239990234375,506.004369005388
"MSFT",2025-08-22,507.230010986328,504.577973119955
"MSFT",2025-08-25,504.260009765625,507.45341473122
"MSFT",2025-08-26,502.040008544922,504.615966753159
"MSFT",2025-08-27,506.739990234375,502.444706349498
"MSFT",2025-08-28,509.640014648438,506.876200791688
"MSFT",2025-08-29,506.690002441406,509.536388571568
"MSFT",2025-09-02,505.119995117188,506.459944414899
"MSFT",2025-09-03,505.350006103515,504.884220107729
"MSFT",2025-09-04,507.970001220703,504.901286953851
"MSFT",2025-09-05,495,507.286515052535
"MSFT",2025-09-08,498.200012207031,494.755569672656
"MSFT",2025-09-09,498.41000366211,497.741986623839
"MSFT",2025-09-10,500.369995117188,498.203521033247
"MSFT",2025-09-11,501.010009765625,501.526074688907
"MSFT",2025-09-12,509.899993896484,501.812903778411
"MSFT",2025-09-15,515.359985351562,509.862741149618
"MSFT",2025-09-16,509.040008544922,515.159064504806
"MSFT",2025-09-17,510.019989013672,509.321364886989
"MSFT",2025-09-18,508.450012207031,510.323145240381
"MSFT",2025-09-19,517.929992675781,508.827235893227
"MSFT",2025-09-22,514.450012207031,517.98298259064
"MSFT",2025-09-23,509.230010986328,515.227722499188
"MSFT",2025-09-24,510.149993896484,510.057335587922
"MSFT",2025-09-25,507.029998779297,510.820258550273
"MSFT",2025-09-26,511.459991455078,507.535233238067
"MSFT",2025-09-29,514.599975585938,511.558813038168
"MSFT",2025-09-30,517.950012207031,514.674251563671
"MSFT",2025-10-01,519.710021972656,517.843008334777
"MSFT",2025-10-02,515.739990234375,519.706293528991
"MSFT",2025-10-03,517.349975585938,515.931546771332
"MSFT",2025-10-06,528.570007324219,517.404822739573
"MSFT",2025-10-07,523.97998046875,528.466198412642
"MSFT",2025-10-08,524.849975585938,524.014849822482
"MSFT",2025-10-09,522.400024414062,525.003432323567
"MSFT",2025-10-10,510.959991455078,522.934907482981
"MSFT",2025-10-13,514.049987792969,512.221146076549
"MSFT",2025-10-14,513.570007324219,515.035204710283
"MSFT",2025-10-15,513.429992675781,514.526964747858
"MSFT",2025-10-16,511.609985351563,514.493591426117
"MSFT",2025-10-17,513.580017089844,512.917153783035
"MSFT",2025-10-20,516.789978027344,514.34902070397
"MSFT",2025-10-21,517.659973144531,517.052344748199
"MSFT",2025-10-22,520.539978027344,517.908552575106
"MSFT",2025-10-23,520.559997558594,520.581359909906
"MSFT",2025-10-24,523.609985351562,520.767298064373
"MSFT",2025-10-27,531.52001953125,523.684951638692
"MSFT",2025-10-28,542.070007324219,531.036134973113
"MSFT",2025-10-29,541.549987792969,540.887331767303
"MSFT",2025-10-30,525.760009765625,540.188320791248
"MSFT",2025-10-31,517.809997558594,524.97731229225
"MSFT",2025-11-03,517.030029296875,517.739072337129
"MSFT",2025-11-04,514.330017089844,517.047021903766
"MSFT",2025-11-05,507.16000366211,514.279340646591
"MSFT",2025-11-06,497.100006103516,507.454742800303
"MSFT",2025-11-07,496.820007324219,497.681971226779
"MSFT",2025-11-10,506,497.348325686112
"MSFT",2025-11-11,508.679992675781,506.029096396626
"MSFT",2025-11-12,511.140014648437,508.414092543399
"MSFT",2025-11-13,503.290008544922,510.534081619352
"MSFT",2025-11-14,510.179992675781,502.990865371217
"MSFT",2025-11-17,507.489990234375,509.618802565572
"MSFT",2025-11-18,493.790008544922,506.955417005348
"MSFT",2025-11-19,487.119995117188,493.961675291586
"MSFT",2025-11-20,478.429992675781,487.539506117192
"MSFT",2025-11-21,472.119995117188,478.843693317223
"MSFT",2025-11-24,474,472.5023337655
"MSFT",2025-11-25,476.989990234375,473.763870528583
"MSFT",2025-11-26,485.5,476.202200500523
"MSFT",2025-11-28,492.010009765625,484.239708849845
"MSFT",2025-12-01,486.739990234375,490.134659972396
"MSFT",2025-12-02,490,485.309937476982
"MSFT",2025-12-03,477.730010986328,488.372010087921
"MSFT",2025-12-04,480.839996337891,476.985593677064
"MSFT",2025-12-05,483.160003662109,480.050443477382
"MSFT",2025-12-08,491.019989013672,482.190591273888
"MSFT",2025-12-09,492.019989013672,489.563060631339
"MSFT",2025-12-10,478.559997558594,490.440374240813
"MSFT",2025-12-11,483.470001220703,477.687828943659
"MSFT",2025-12-12,478.529998779297,481.62476019329
"MSFT",2025-12-15,474.820007324219,477.157652682825
"MSFT",2025-12-16,476.390014648437,473.730922749934
"MSFT",2025-12-17,476.119995117187,475.23594007733
"MSFT",2025-12-18,483.980010986328,474.735006023226
"MSFT",2025-12-19,485.920013427734,482.158861657086
"MSFT",2025-12-22,484.920013427734,484.307420118651
"MSFT",2025-12-23,486.850006103516,483.612989462253
"MSFT",2025-12-24,488.019989013672,485.261549117883
"MSFT",2025-12-26,487.709991455078,486.423252405432
"MSFT",2025-12-29,487.100006103516,486.136737952766
"MSFT",2025-12-30,487.480010986328,485.496171368563
"MSFT",2025-12-31,483.619995117187,485.886549644953
"AVGO",2023-10-31,84.1370010375976,84.067450987973
"AVGO",2023-11-01,85.2939987182617,84.1018366826505
"AVGO",2023-11-02,87.129997253418,85.2667965668075
"AVGO",2023-11-03,88.2679977416992,87.053037079002
"AVGO",2023-11-06,88.0830001831054,88.1694375354962
"AVGO",2023-11-07,89.7819976806641,88.0086243091081
"AVGO",2023-11-08,91.1129989624024,89.643481790589
"AVGO",2023-11-09,91.1380004882812,90.9777885101274
"AVGO",2023-11-10,95.7519989013672,90.9971261144769
"AVGO",2023-11-13,94.693000793457,95.4487408696386
"AVGO",2023-11-14,97.2959976196289,94.4558696332607
"AVGO",2023-11-15,97.5400009155274,96.9857939631169
"AVGO",2023-11-16,95.9550018310547,97.1804074391106
"AVGO",2023-11-17,97.7730026245117,95.6788986191449
"AVGO",2023-11-20,99.5709991455078,97.4424853871985
"AVGO",2023-11-21,98.120002746582,99.1877883743432
"AVGO",2023-11-22,97.1999969482422,97.7967220636028
"AVGO",2023-11-24,97.8870010375977,96.9103512929491
"AVGO",2023-11-27,95.0240020751953,97.5624391751618
"AVGO",2023-11-28,94.6350021362305,94.8208176279613
"AVGO",2023-11-29,94.0830001831054,94.4460839350964
"AVGO",2023-11-30,92.572998046875,93.929095096345
"AVGO",2023-12-01,93,92.465018050353
"AVGO",2023-12-04,92.3970031738281,92.9058385759769
"AVGO",2023-12-05,91.311996459961,92.3072897770454
"AVGO",2023-12-06,90.363998413086,91.2611239962535
"AVGO",2023-12-07,92.2259979248047,90.3132524961682
"AVGO",2023-12-08,94.4300003051758,92.1592071104513
"AVGO",2023-12-11,102.924003601074,94.2892606534677
"AVGO",2023-12-12,107.227996826172,102.453365963096
"AVGO",2023-12-13,108.96900177002,106.333958593313
"AVGO",2023-12-14,110.649002075195,108.045474461412
"AVGO",2023-12-15,112.973999023437,109.607411324149
"AVGO",2023-12-18,114.699996948242,111.898187030818
"AVGO",2023-12-19,113.958000183105,113.592272340317
"AVGO",2023-12-20,111.03800201416,112.917286896888
"AVGO",2023-12-21,112.728996276855,110.099117431911
"AVGO",2023-12-22,112.197998046875,111.720594914634
"AVGO",2023-12-26,113.189002990723,111.216268019975
"AVGO",2023-12-27,112.616996765137,112.182713810183
"AVGO",2023-12-28,112.240997314453,111.654620067973
"AVGO",2023-12-29,111.625,111.322936515396
"AVGO",2024-01-02,108.53800201416,110.725040642584
"AVGO",2024-01-03,105.858001708984,107.742371059424
"AVGO",2024-01-04,104.901000976563,105.142679175356
"AVGO",2024-01-05,104.928001403809,104.241414169075
"AVGO",2024-01-08,107.485000610352,104.28844515993
"AVGO",2024-01-09,108.249000549316,106.812970253628
"AVGO",2024-01-10,108.056999206543,107.559656868078
"AVGO",2024-01-11,109.998001098633,107.395244444617
"AVGO",2024-01-12,110.767997741699,109.269099906097
"AVGO",2024-01-16,111.496002197266,110.047545148655
"AVGO",2024-01-17,110.366996765137,110.781048325766
"AVGO",2024-01-18,114.390998840332,109.723724658513
"AVGO",2024-01-19,121.120002746582,113.641253271132
"AVGO",2024-01-22,122.050003051758,120.125201474696
"AVGO",2024-01-23,122.630996704102,121.011965642678
"AVGO",2024-01-24,125.387001037598,121.629298932624
"AVGO",2024-01-25,123,124.353031284703
"AVGO",2024-01-26,120.487998962402,122.094408477857
"AVGO",2024-01-29,121.777000427246,119.696157937239
"AVGO",2024-01-30,120.81600189209,120.913317838704
"AVGO",2024-01-31,118,120.019639941378
"AVGO",2024-02-01,120.000999450684,117.283855230375
"AVGO",2024-02-02,122.43399810791,119.291351053912
"AVGO",2024-02-05,124.309997558594,121.655171832083
"AVGO",2024-02-06,122.264999389648,123.499139437073
"AVGO",2024-02-07,125.706001281738,121.530341396716
"AVGO",2024-02-08,127.475997924805,124.876073330401
"AVGO",2024-02-09,128.343994140625,126.570716256515
"AVGO",2024-02-12,126.5,127.422636175398
"AVGO",2024-02-13,125.165000915527,125.662477120533
"AVGO",2024-02-14,126.22200012207,124.403865368633
"AVGO",2024-02-15,126.50700378418,125.464843882176
"AVGO",2024-02-16,124.547996520996,125.714275641118
"AVGO",2024-02-20,122.654998779297,123.838464500901
"AVGO",2024-02-21,122.745002746582,121.926841824199
"AVGO",2024-02-22,130.490005493164,121.996959026027
"AVGO",2024-02-23,129.636993408203,129.556936877302
"AVGO",2024-02-26,130.912994384766,128.760782795065
"AVGO",2024-02-27,129.623001098633,129.943595370401
"AVGO",2024-02-28,128.942001342773,128.711968508811
"AVGO",2024-02-29,130.04899597168,128.077118970175
"AVGO",2024-03-01,139.917007446289,129.17521069947
"AVGO",2024-03-04,140.225997924805,138.656755813479
"AVGO",2024-03-05,134.274993896484,138.990276025359
"AVGO",2024-03-06,135,133.284653132505
"AVGO",2024-03-07,140.70100402832,134.045658665864
"AVGO",2024-03-08,130.871994018555,139.540592025159
"AVGO",2024-03-11,129.311996459961,130.090395770023
"AVGO",2024-03-12,129.188003540039,128.631028913161
"AVGO",2024-03-13,125.787002563477,128.794543487288
"AVGO",2024-03-14,126.226997375488,125.495443649488
"AVGO",2024-03-15,123.550003051758,125.888579931222
"AVGO",2024-03-18,123.723999023438,123.337833320618
"AVGO",2024-03-19,123.801002502441,123.552307708341
"AVGO",2024-03-20,127.599998474121,123.633198781492
"AVGO",2024-03-21,134.800003051758,127.271219909315
"AVGO",2024-03-22,135.34700012207,134.05929748145
"AVGO",2024-03-25,135.158004760742,134.594068913375
"AVGO",2024-03-26,133.149002075195,134.354512372872
"AVGO",2024-03-27,131.873001098633,132.421035968286
"AVGO",2024-03-28,132.541000366211,131.177433720506
"AVGO",2024-04-01,135.026000976562,131.842405900457
"AVGO",2024-04-02,133.876007080078,134.188288925137
"AVGO",2024-04-03,136.320999145508,133.066635356729
"AVGO",2024-04-04,131.75,135.421553992475
"AVGO",2024-04-05,133.942993164062,130.977624283597
"AVGO",2024-04-08,133.610000610352,133.110806988025
"AVGO",2024-04-09,133.408004760742,132.784102544946
"AVGO",2024-04-10,132.236999511719,132.568041849678
"AVGO",2024-04-11,138.246002197266,131.431186368431
"AVGO",2024-04-12,134.406997680664,137.211444133603
"AVGO",2024-04-15,131.069000244141,133.511266475186
"AVGO",2024-04-16,132.906005859375,130.292092282555
"AVGO",2024-04-17,128.263000488281,132.074976931033
"AVGO",2024-04-18,125.899002075195,127.582451035813
"AVGO",2024-04-19,120.471000671387,125.312087839062
"AVGO",2024-04-22,122.445999145508,120.042174579705
"AVGO",2024-04-23,124.918998718262,121.941037325482
"AVGO",2024-04-24,125.681999206543,124.321615156509
"AVGO",2024-04-25,129.442001342773,125.040680609715
"AVGO",2024-04-26,134.406997680664,128.685028132582
"AVGO",2024-04-29,133.861999511719,133.490919701089
"AVGO",2024-04-30,130.026992797852,132.987637962341
"AVGO",2024-05-01,124.286003112793,129.284477630333
"AVGO",2024-05-02,123.857002258301,123.748159862967
"AVGO",2024-05-03,127.810997009277,123.354194770278
"AVGO",2024-05-06,131.031005859375,127.177807217044
"AVGO",2024-05-07,130.311004638672,130.297946942175
"AVGO",2024-05-08,132.537002563477,129.600549238942
"AVGO",2024-05-09,130.567001342773,131.715241864462
"AVGO",2024-05-10,133.279998779297,129.811299915647
"AVGO",2024-05-13,133.751007080078,132.389501102708
"AVGO",2024-05-14,138.003005981445,132.82205870339
"AVGO",2024-05-15,143.617004394531,136.979531466273
"AVGO",2024-05-16,141.212997436523,142.37125702049
"AVGO",2024-05-17,139.529006958008,140.099459696169
"AVGO",2024-05-20,141.40299987793,138.528564741296
"AVGO",2024-05-21,139.919998168945,140.330853217787
"AVGO",2024-05-22,139.223999023438,138.922464743277
"AVGO",2024-05-23,139.328994750977,138.264819972104
"AVGO",2024-05-24,140.783996582031,138.400607433628
"AVGO",2024-05-28,141.244995117187,139.787783800764
"AVGO",2024-05-29,139.067001342773,140.306685952806
"AVGO",2024-05-30,136.408004760742,138.204434834981
"AVGO",2024-05-31,132.854995727539,135.574416880893
"AVGO",2024-06-03,132.190002441406,132.18230950859
"AVGO",2024-06-04,133.082000732422,131.596257343359
"AVGO",2024-06-05,141.309005737305,132.46267388379
"AVGO",2024-06-06,140.126998901367,140.38746081625
"AVGO",2024-06-07,140.664001464844,139.290950753072
"AVGO",2024-06-10,144.046997070312,139.86180133629
"AVGO",2024-06-11,146.102996826172,143.012304535082
"AVGO",2024-06-12,149.550994873047,144.962350959056
"AVGO",2024-06-13,167.899002075195,148.586971659767
"AVGO",2024-06-14,173.503997802734,166.085519233472
"AVGO",2024-06-17,182.886993408203,171.408813161569
"AVGO",2024-06-18,180.251998901367,180.346022700931
"AVGO",2024-06-20,173.455993652344,177.916209226925
"AVGO",2024-06-21,165.863006591797,171.490423658001
"AVGO",2024-06-24,159.220993041992,164.237237305619
"AVGO",2024-06-25,158.078994750977,157.830911967227
"AVGO",2024-06-26,159.199996948242,156.767749799601
"AVGO",2024-06-27,158.666000366211,157.814194205591
"AVGO",2024-06-28,160.552993774414,157.415692440034
"AVGO",2024-07-01,164.080001831055,159.272071947584
"AVGO",2024-07-02,165.748001098633,162.660325280341
"AVGO",2024-07-03,172.921997070312,164.283768477657
"AVGO",2024-07-05,170.330993652344,171.167002735182
"AVGO",2024-07-08,174.585998535156,168.775828815132
"AVGO",2024-07-09,173.330993652344,172.908119212164
"AVGO",2024-07-10,174.468994140625,171.658720246553
"AVGO",2024-07-11,170.595001220703,172.792675497784
"AVGO",2024-07-12,170.067001342773,169.137612896203
"AVGO",2024-07-15,171.419998168945,168.689635104916
"AVGO",2024-07-16,169.380004882812,169.977199935763
"AVGO",2024-07-17,155.979995727539,168.061854489618
"AVGO",2024-07-18,160.520004272461,155.139873138658
"AVGO",2024-07-19,157.350006103516,159.49097921616
"AVGO",2024-07-22,161.059997558594,156.477219246193
"AVGO",2024-07-23,163.770004272461,160.103098144053
"AVGO",2024-07-24,151.339996337891,162.762318890828
"AVGO",2024-07-25,149.259994506836,150.75119381898
"AVGO",2024-07-26,151.630004882813,148.756435379294
"AVGO",2024-07-29,150.220001220703,151.039593686887
"AVGO",2024-07-30,143.520004272461,149.676407589898
"AVGO",2024-07-31,160.679992675781,143.196912590163
"AVGO",2024-08-01,147.020004272461,159.795644948651
"AVGO",2024-08-02,143.820007324219,146.639532828156
"AVGO",2024-08-05,142.080001831055,143.568566080253
"AVGO",2024-08-06,143.919998168945,141.796496361775
"AVGO",2024-08-07,136.270004272461,143.586976487211
"AVGO",2024-08-08,145.740005493164,136.184430853028
"AVGO",2024-08-09,148.259994506836,145.369227912398
"AVGO",2024-08-12,148.619995117188,147.835944540732
"AVGO",2024-08-13,156.160003662109,148.223358876564
"AVGO",2024-08-14,157.690002441406,155.525407511062
"AVGO",2024-08-15,166.130004882812,157.003708966689
"AVGO",2024-08-16,165.720001220703,165.117085692356
"AVGO",2024-08-19,167.710006713867,164.76289826464
"AVGO",2024-08-20,165.949996948242,166.734426789906
"AVGO",2024-08-21,165.779998779297,165.072746313564
"AVGO",2024-08-22,162.339996337891,164.951175204315
"AVGO",2024-08-23,166.360000610352,161.615836237122
"AVGO",2024-08-26,159.619995117188,165.558855594786
"AVGO",2024-08-27,161.389999389648,159.099395816968
"AVGO",2024-08-28,158.179992675781,160.804223944953
"AVGO",2024-08-29,156.929992675781,157.706575023795
"AVGO",2024-08-30,162.820007324219,156.470860469377
"AVGO",2024-09-03,152.789993286133,162.15572272115
"AVGO",2024-09-04,154.119995117187,152.449917948885
"AVGO",2024-09-05,152.820007324219,153.7445073644
"AVGO",2024-09-06,137,152.536090466294
"AVGO",2024-09-09,140.820007324219,137.286408193227
"AVGO",2024-09-10,148.210006713867,140.959778058637
"AVGO",2024-09-11,158.270004272461,148.357067914699
"AVGO",2024-09-12,164.559997558594,158.085991791256
"AVGO",2024-09-13,167.690002441406,164.247333422053
"AVGO",2024-09-16,164.020004272461,167.214090542914
"AVGO",2024-09-17,162.470001220703,163.852997428958
"AVGO",2024-09-18,161.669998168945,162.26866363575
"AVGO",2024-09-19,167.419998168945,161.450771101836
"AVGO",2024-09-20,171.100006103516,167.070470200668
"AVGO",2024-09-23,172.940002441406,170.578288805556
"AVGO",2024-09-24,174.839996337891,172.282007294188
"AVGO",2024-09-25,175.520004272461,174.153105758802
"AVGO",2024-09-26,178.089996337891,174.818916392187
"AVGO",2024-09-27,172.690002441406,177.215626284817
"AVGO",2024-09-30,172.5,172.052284125134
"AVGO",2024-10-01,167.470001220703,171.939068259462
"AVGO",2024-10-02,170.660003662109,167.056727697834
"AVGO",2024-10-03,171.889999389648,170.158574448442
"AVGO",2024-10-04,176.639999389648,171.351330687904
"AVGO",2024-10-07,175.080001831055,176.032949358994
"AVGO",2024-10-08,180.729995727539,174.551788874674
"AVGO",2024-10-09,185.949996948242,180.096638229051
"AVGO",2024-10-10,185.690002441406,185.187609018487
"AVGO",2024-10-11,181.479995727539,184.836615274916
"AVGO",2024-10-14,182.309997558594,180.831527942347
"AVGO",2024-10-15,175.979995727539,181.643622726046
"AVGO",2024-10-16,176.820007324219,175.515164031637
"AVGO",2024-10-17,181.529998779297,176.325789586117
"AVGO",2024-10-18,179.889999389648,180.877867596856
"AVGO",2024-10-21,179.990005493164,179.311045068281
"AVGO",2024-10-22,179.380004882812,179.46630328359
"AVGO",2024-10-23,173.509994506836,178.888869445752
"AVGO",2024-10-24,171.350006103516,173.224713231536
"AVGO",2024-10-25,173,171.166729773207
"AVGO",2024-10-28,172.020004272461,172.744944947447
"AVGO",2024-10-29,179.240005493164,171.808886936364
"AVGO",2024-10-30,176.639999389648,178.761918350344
"AVGO",2024-10-31,169.770004272461,176.234293034555
"AVGO",2024-11-01,168.919998168945,169.563615173252
"AVGO",2024-11-04,168.550003051758,168.781461671292
"AVGO",2024-11-05,173.899993896484,168.400849795291
"AVGO",2024-11-06,179.550003051758,173.573925462709
"AVGO",2024-11-07,183.809997558594,179.136852203074
"AVGO",2024-11-08,183.639999389648,183.356322435561
"AVGO",2024-11-11,178.910003662109,183.262509906902
"AVGO",2024-11-12,176.220001220703,178.741673961836
"AVGO",2024-11-13,173.580001831055,176.201199915873
"AVGO",2024-11-14,170.380004882812,173.671926905908
"AVGO",2024-11-15,164.839996337891,170.568843028074
"AVGO",2024-11-18,165.669998168945,165.201006927877
"AVGO",2024-11-19,165.350006103516,166.048623224625
"AVGO",2024-11-20,163.25,165.834196863773
"AVGO",2024-11-21,163.940002441406,163.826748742399
"AVGO",2024-11-22,164.229995727539,164.490414806332
"AVGO",2024-11-25,164.820007324219,164.738192761955
"AVGO",2024-11-26,164.740005493164,165.198035038364
"AVGO",2024-11-27,159.669998168945,165.154003046769
"AVGO",2024-11-29,162.080001831055,160.171949022471
"AVGO",2024-12-02,166.509994506836,162.558181850022
"AVGO",2024-12-03,168.149993896484,166.782611952347
"AVGO",2024-12-04,170.559997558594,168.38976300022
"AVGO",2024-12-05,170.470001220703,170.786800319771
"AVGO",2024-12-06,179.529998779297,170.666924593667
"AVGO",2024-12-09,178.940002441406,179.44027987362
"AVGO",2024-12-10,171.809997558594,178.772880620219
"AVGO",2024-12-11,183.199996948242,171.711055300729
"AVGO",2024-12-12,180.660003662109,182.647419562917
"AVGO",2024-12-13,224.800003051758,180.182390133718
"AVGO",2024-12-16,250,222.22169628303
"AVGO",2024-12-17,240.229995727539,245.985773063829
"AVGO",2024-12-18,223.619995117188,236.679657414925
"AVGO",2024-12-19,218.320007324219,220.889491321747
"AVGO",2024-12-20,220.789993286133,216.162012877562
"AVGO",2024-12-23,232.350006103516,218.544282609907
"AVGO",2024-12-24,239.679992675781,229.641148667457
"AVGO",2024-12-26,245.360000610352,236.690455589485
"AVGO",2024-12-27,241.75,242.091934856193
"AVGO",2024-12-30,235.580001831055,238.630595599743
"AVGO",2024-12-31,231.839996337891,232.781543781588
"AVGO",2025-01-02,231.979995727539,229.221042958049
"AVGO",2025-01-03,232.550003051758,229.336861043375
"AVGO",2025-01-06,236.410003662109,229.934829511354
"AVGO",2025-01-07,228.639999389649,233.540253525313
"AVGO",2025-01-08,229.309997558594,225.969419931299
"AVGO",2025-01-10,224.309997558594,226.635563477601
"AVGO",2025-01-13,225.289993286133,221.615301224822
"AVGO",2025-01-14,224.699996948242,222.584991376956
"AVGO",2025-01-15,228,222.055529668562
"AVGO",2025-01-16,229.410003662109,225.235532434447
"AVGO",2025-01-17,237.440002441406,226.610530075435
"AVGO",2025-01-21,240.309997558594,234.303590444123
"AVGO",2025-01-22,240.910003662109,237.335783125908
"AVGO",2025-01-23,240.279998779297,238.221267443193
"AVGO",2025-01-24,244.699996948242,237.751809870478
"AVGO",2025-01-27,202.130004882813,241.904461744208
"AVGO",2025-01-28,207.360000610352,200.693188603928
"AVGO",2025-01-29,206.350006103516,205.938569762479
"AVGO",2025-01-30,215.660003662109,204.936871287922
"AVGO",2025-01-31,221.270004272461,214.107063472163
"AVGO",2025-02-03,217.729995727539,219.438026464089
"AVGO",2025-02-04,222.429992675781,216.016827612001
"AVGO",2025-02-05,232,220.565812488341
"AVGO",2025-02-06,231.360000610352,229.765843413654
"AVGO",2025-02-07,224.869995117188,229.204068332714
"AVGO",2025-02-10,235.039993286133,223.121701647017
"AVGO",2025-02-11,235.039993286133,232.952662869251
"AVGO",2025-02-12,236.350006103516,232.985297173145
"AVGO",2025-02-13,235.800003051758,234.190974196567
"AVGO",2025-02-14,233.039993286133,233.716771084917
"AVGO",2025-02-18,228.529998779297,231.126450001003
"AVGO",2025-02-19,228.729995727539,226.899845833446
"AVGO",2025-02-20,226.740005493164,227.171570384968
"AVGO",2025-02-21,218.660003662109,225.184883502932
"AVGO",2025-02-24,207.929992675781,217.307376280466
"AVGO",2025-02-25,202.539993286133,207.110976906827
"AVGO",2025-02-26,212.940002441406,201.916826819116
"AVGO",2025-02-27,197.800003051758,211.949456175592
"AVGO",2025-02-28,199.429992675781,197.235378413195
"AVGO",2025-03-03,187.369995117188,198.826258061227
"AVGO",2025-03-04,187.479995727539,187.105818448731
"AVGO",2025-03-05,191.580001831055,187.127507769753
"AVGO",2025-03-06,179.449996948242,191.085535682763
"AVGO",2025-03-07,194.960006713867,179.195932812265
"AVGO",2025-03-10,184.449996948242,194.159371907152
"AVGO",2025-03-11,190.089996337891,183.94258021055
"AVGO",2025-03-12,194.229995727539,189.202491372412
"AVGO",2025-03-13,191.360000610352,193.306019967625
"AVGO",2025-03-14,195.539993286133,190.450061901969
"AVGO",2025-03-17,194.5,194.452881900078
"AVGO",2025-03-18,188.669998168945,193.548091021194
"AVGO",2025-03-19,195.570007324219,187.838576718753
"AVGO",2025-03-20,190.539993286133,194.523408026435
"AVGO",2025-03-21,191.660003662109,189.712625556006
"AVGO",2025-03-24,191.25,190.837801625717
"AVGO",2025-03-25,188.259994506836,190.548319477182
"AVGO",2025-03-26,179.270004272461,187.681262591378
"AVGO",2025-03-27,171.990005493164,178.857470628816
"AVGO",2025-03-28,169.119995117187,171.776328826422
"AVGO",2025-03-31,167.429992675781,168.912329387216
"AVGO",2025-04-01,168.520004272461,167.269555551754
"AVGO",2025-04-02,172.089996337891,168.318293580691
"AVGO",2025-04-03,154.009994506836,171.817693443717
"AVGO",2025-04-04,146.289993286133,154.246570465009
"AVGO",2025-04-07,154.139999389648,146.612700080007
"AVGO",2025-04-08,156.029998779297,154.071015022592
"AVGO",2025-04-09,185.149993896484,155.787267272608
"AVGO",2025-04-10,172.300003051758,184.107532728378
"AVGO",2025-04-11,181.940002441406,171.647361049802
"AVGO",2025-04-14,178.360000610352,180.907310575182
"AVGO",2025-04-15,178.949996948242,177.518411070121
"AVGO",2025-04-16,174.610000610352,178.076595152585
"AVGO",2025-04-17,170.990005493164,173.742821456051
"AVGO",2025-04-21,166.210006713867,170.227130829889
"AVGO",2025-04-22,169.580001831055,165.482877407318
"AVGO",2025-04-23,176.910003662109,168.764287872341
"AVGO",2025-04-24,188.149993896484,175.874730548288
"AVGO",2025-04-25,192.309997558594,186.715221037959
"AVGO",2025-04-28,192.470001220703,190.69706511347
"AVGO",2025-04-29,191.169998168945,190.870676410892
"AVGO",2025-04-30,192.470001220703,189.646221214009
"AVGO",2025-05-01,197.330001831055,190.877456173313
"AVGO",2025-05-02,203.639999389648,195.531862291578
"AVGO",2025-05-05,200.720001220703,201.613335271192
"AVGO",2025-05-06,200.089996337891,198.774800478632
"AVGO",2025-05-07,204.809997558594,198.109702458835
"AVGO",2025-05-08,207.770004272461,202.646598246862
"AVGO",2025-05-09,208.199996948242,205.445834658141
"AVGO",2025-05-12,221.580001831055,205.851004601056
"AVGO",2025-05-13,232.419998168945,218.753045144037
"AVGO",2025-05-14,232.119995117188,229.222583906588
"AVGO",2025-05-15,232.639999389648,229.061009204092
"AVGO",2025-05-16,228.610000610352,229.441940716506
"AVGO",2025-05-19,230.630004882812,225.643491887535
"AVGO",2025-05-20,231.679992675781,227.496555511704
"AVGO",2025-05-21,229.729995727539,228.509359709995
"AVGO",2025-05-22,230.529998779297,226.592477681862
"AVGO",2025-05-23,228.720001220703,227.373575679836
"AVGO",2025-05-27,235.649993896484,225.632877331403
"AVGO",2025-05-28,239.429992675781,232.384225148211
"AVGO",2025-05-29,241.970001220703,236.026600416356
"AVGO",2025-05-30,242.070007324219,238.449149024022
"AVGO",2025-06-02,248.710006713867,238.603134753012
"AVGO",2025-06-03,256.850006103516,244.93767478524
"AVGO",2025-06-04,261.079986572266,252.735142031616
"AVGO",2025-06-05,259.929992675781,256.737102439328
"AVGO",2025-06-06,246.929992675781,255.658155706762
"AVGO",2025-06-09,244.279998779297,243.442573330308
"AVGO",2025-06-10,244.630004882813,241.047265259078
"AVGO",2025-06-11,252.910003662109,241.420989835248
"AVGO",2025-06-12,256.070007324219,249.221535565915
"AVGO",2025-06-13,248.699996948242,252.810094087147
"AVGO",2025-06-16,252.100006103516,246.144031512005
"AVGO",2025-06-17,249.369995117187,249.387180405938
"AVGO",2025-06-18,251.259994506836,246.767846560704
"AVGO",2025-06-20,249.990005493164,248.657803920948
"AVGO",2025-06-23,253.770004272461,247.364509947648
"AVGO",2025-06-24,263.769989013672,251.035363048045
"AVGO",2025-06-25,264.649993896484,260.791385078315
"AVGO",2025-06-26,270.170013427734,261.656604129784
"AVGO",2025-06-27,269.350006103516,266.997931850613
"AVGO",2025-06-30,275.649993896484,266.250827236081
"AVGO",2025-07-01,264.739990234375,272.490561588745
"AVGO",2025-07-02,269.899993896484,262.140412170349
"AVGO",2025-07-03,275.179992675781,267.412686655434
"AVGO",2025-07-07,274.179992675781,272.632465636448
"AVGO",2025-07-08,271.799987792969,271.604418956232
"AVGO",2025-07-09,277.899993896484,269.403610795172
"AVGO",2025-07-10,275.399993896484,275.32030137689
"AVGO",2025-07-11,274.380004882812,273.007058395993
"AVGO",2025-07-14,275.600006103516,271.972900609661
"AVGO",2025-07-15,280.940002441406,273.207652008793
"AVGO",2025-07-16,280.809997558594,278.558254538569
"AVGO",2025-07-17,286.450012207031,278.695289847943
"AVGO",2025-07-18,283.339996337891,284.320700625525
"AVGO",2025-07-21,288.209991455078,281.277391326985
"AVGO",2025-07-22,278.589996337891,285.930501320593
"AVGO",2025-07-23,283.690002441406,276.690805206756
"AVGO",2025-07-24,288.709991455078,281.727461737625
"AVGO",2025-07-25,290.179992675781,286.567866101467
"AVGO",2025-07-28,294.299987792969,288.075119742031
"AVGO",2025-07-29,297.420013427734,292.162907428265
"AVGO",2025-07-30,302.619995117187,295.211030612687
"AVGO",2025-07-31,293.700012207031,300.208478973368
"AVGO",2025-08-01,288.640014648438,291.760590877336
"AVGO",2025-08-04,297.720001220703,286.767633336322
"AVGO",2025-08-05,292.929992675781,295.643012831547
"AVGO",2025-08-06,301.670013427734,291.128886606232
"AVGO",2025-08-07,303.760009765625,299.502804885674
"AVGO",2025-08-08,304.970001220703,301.452496235006
"AVGO",2025-08-11,303.899993896484,302.579702310644
"AVGO",2025-08-12,312.829986572266,301.558599051741
"AVGO",2025-08-13,309.089996337891,310.080503308426
"AVGO",2025-08-14,311.230010986328,306.461262602405
"AVGO",2025-08-15,306.339996337891,308.496900307552
"AVGO",2025-08-18,305.760009765625,303.958617170446
"AVGO",2025-08-19,294.910003662109,303.419094915249
"AVGO",2025-08-20,291.170013427734,292.680700911708
"AVGO",2025-08-21,289.600006103516,289.19479095818
"AVGO",2025-08-22,294,287.680314705185
"AVGO",2025-08-25,294.230010986328,292.001388272095
"AVGO",2025-08-26,298.010009765625,292.231750134091
"AVGO",2025-08-27,300.25,295.891448749966
"AVGO",2025-08-28,308.649993896484,298.058387726533
"AVGO",2025-08-29,297.390014648438,306.132912720774
"AVGO",2025-09-02,298.239990234375,295.031214303808
"AVGO",2025-09-03,302.390014648437,295.818248343637
"AVGO",2025-09-04,306.100006103516,299.773493874281
"AVGO",2025-09-05,334.890014648437,303.241371463355
"AVGO",2025-09-08,345.649993896485,330.742827114951
"AVGO",2025-09-09,336.670013427734,341.134851194808
"AVGO",2025-09-10,369.570007324219,332.710230018051
"AVGO",2025-09-11,359.630004882812,366.015002138667
"AVGO",2025-09-12,359.869995117187,355.980234243622
"AVGO",2025-09-15,364.089996337891,355.817251563718
"AVGO",2025-09-16,360,360.086062891328
"AVGO",2025-09-17,346.170013427734,356.315305628112
"AVGO",2025-09-18,345.350006103516,342.994744452817
"AVGO",2025-09-19,344.940002441406,342.084136605025
"AVGO",2025-09-22,338.790008544922,342.017250938121
"AVGO",2025-09-23,338.940002441406,336.668150849675
"AVGO",2025-09-24,339.309997558594,336.536545261347
"AVGO",2025-09-25,336.100006103516,336.834765282858
"AVGO",2025-09-26,334.529998779297,333.530702733636
"AVGO",2025-09-29,327.899993896484,331.839620117332
"AVGO",2025-09-30,329.910003662109,325.464191332416
"AVGO",2025-10-01,333.390014648437,327.361609271201
"AVGO",2025-10-02,338.179992675781,330.734334639231
"AVGO",2025-10-03,338.369995117187,335.380557108916
"AVGO",2025-10-06,335.489990234375,335.435587804265
"AVGO",2025-10-07,336.410003662109,333.015255457298
"AVGO",2025-10-08,345.5,333.862328604221
"AVGO",2025-10-09,345.019989013672,342.732430223796
"AVGO",2025-10-10,324.630004882812,342.522537207753
"AVGO",2025-10-13,356.700012207031,322.9028437101
"AVGO",2025-10-14,344.130004882812,353.835512799939
"AVGO",2025-10-15,351.329986572266,341.666810817108
"AVGO",2025-10-16,354.149993896484,348.747695097358
"AVGO",2025-10-17,349.329986572266,351.536908760314
"AVGO",2025-10-20,349.239990234375,346.50190825344
"AVGO",2025-10-21,342.660003662109,346.131514219213
"AVGO",2025-10-22,340.299987792969,339.839258848747
"AVGO",2025-10-23,344.290008544922,337.497082286202
"AVGO",2025-10-24,354.130004882813,341.451691833826
"AVGO",2025-10-27,362.049987792969,350.940806681013
"AVGO",2025-10-28,372.970001220703,358.518636067069
"AVGO",2025-10-29,385.980010986328,368.933454092683
"AVGO",2025-10-30,376.470001220703,381.247079684456
"AVGO",2025-10-31,369.630004882812,371.787299396449
"AVGO",2025-11-03,362.549987792969,365.506906638521
"AVGO",2025-11-04,351.940002441406,358.640023715171
"AVGO",2025-11-05,358.980010986328,348.356188718901
"AVGO",2025-11-06,355.589996337891,354.997531466343
"AVGO",2025-11-07,349.429992675781,351.496836953437
"AVGO",2025-11-10,358.390014648437,345.50910966805
"AVGO",2025-11-11,351.959991455078,354.087375765896
"AVGO",2025-11-12,355.220001220703,347.88912693205
"AVGO",2025-11-13,339.980010986328,350.829009133263
"AVGO",2025-11-14,342.459991455078,336.072576554775
"AVGO",2025-11-17,342.649993896484,338.493891662725
"AVGO",2025-11-18,340.5,338.560633196016
"AVGO",2025-11-19,354.420013427734,336.605218993397
"AVGO",2025-11-20,346.820007324219,350.033955922385
"AVGO",2025-11-21,340.200012207031,342.479281090068
"AVGO",2025-11-24,377.959991455078,335.779120361155
"AVGO",2025-11-25,385.029998779297,371.563193413603
"AVGO",2025-11-26,397.570007324219,378.013843309518
"AVGO",2025-11-28,402.959991455078,390.1382209402
"AVGO",2025-12-01,386.079986572266,395.038310014856
"AVGO",2025-12-02,381.570007324219,379.133841988838
"AVGO",2025-12-03,380.609985351562,374.888286318721
"AVGO",2025-12-04,381.029998779297,374.329318286113
"AVGO",2025-12-05,390.239990234375,375.022779393779
"AVGO",2025-12-08,401.100006103516,383.74771749257
"AVGO",2025-12-09,406.290008544922,394.058572283211
"AVGO",2025-12-10,412.970001220703,398.964112069413
"AVGO",2025-12-11,406.369995117188,405.32411772815
"AVGO",2025-12-12,359.929992675781,398.261004103104
"AVGO",2025-12-15,339.809997558594,354.134366106463
"AVGO",2025-12-16,341.299987792969,334.934127022594
"AVGO",2025-12-17,326.019989013672,336.52885069272
"AVGO",2025-12-18,329.880004882812,321.610685830952
"AVGO",2025-12-19,340.359985351563,325.157493963602
"AVGO",2025-12-22,341.450012207031,335.48390707797
"AVGO",2025-12-23,349.320007324219,336.684745918368
"AVGO",2025-12-24,350.220001220703,344.094560299736
"AVGO",2025-12-26,352.130004882812,344.945266712421
"AVGO",2025-12-29,349.390014648438,346.810788575482
"AVGO",2025-12-30,349.850006103516,344.055104787298
"AVGO",2025-12-31,346.100006103516,344.553007685987
"MU",2023-10-31,66.8700027465821,66.0517259426869
"MU",2023-11-01,69.4000015258789,66.8386909094392
"MU",2023-11-02,70.4400024414062,69.3292871574249
"MU",2023-11-03,72.5800018310547,70.3468227895136
"MU",2023-11-06,72.9199981689453,72.4516284133954
"MU",2023-11-07,72.8000030517578,72.7851316635637
"MU",2023-11-08,72.2799987792969,72.6554910465585
"MU",2023-11-09,73.5699996948242,72.1552389526871
"MU",2023-11-10,75.3600006103516,73.4156026814253
"MU",2023-11-13,74.7799987792968,75.1671212514118
"MU",2023-11-14,77.1699981689453,74.6189495351536
"MU",2023-11-15,77.1399993896485,76.9535766226752
"MU",2023-11-16,76.6699981689453,76.9078495345592
"MU",2023-11-17,77.5599975585937,76.4596294644816
"MU",2023-11-20,78.620002746582,77.3432774091994
"MU",2023-11-21,76.7099990844727,78.3686836179738
"MU",2023-11-22,77.0999984741211,76.5192662580792
"MU",2023-11-24,76.870002746582,76.8985547829004
"MU",2023-11-27,77.5100021362305,76.6707978154869
"MU",2023-11-28,76.120002746582,77.3122715978923
"MU",2023-11-29,76.6900024414062,75.9605728898999
"MU",2023-11-30,76.120002746582,76.545557138114
"MU",2023-12-01,75.9300003051758,75.9749173915167
"MU",2023-12-04,74.2900009155273,75.8105003681995
"MU",2023-12-05,73.6900024414062,74.2070114937222
"MU",2023-12-06,73.129997253418,73.617723170074
"MU",2023-12-07,73.6500015258789,73.0729323411388
"MU",2023-12-08,74.9599990844727,73.6169287797521
"MU",2023-12-11,77.7900009155274,74.8887623552157
"MU",2023-12-12,78.1600036621094,77.6283157213106
"MU",2023-12-13,79.7900009155273,77.9240204382095
"MU",2023-12-14,82.1900024414062,79.5097019597467
"MU",2023-12-15,81.4100036621094,81.8467506705573
"MU",2023-12-18,81.5599975585937,81.0945280471359
"MU",2023-12-19,82.1699981689453,81.2558007962419
"MU",2023-12-20,78.6900024414063,81.8603830000114
"MU",2023-12-21,85.4800033569336,78.4608529763465
"MU",2023-12-22,86.4899978637695,85.0680021983697
"MU",2023-12-26,87.0599975585938,86.0581358032744
"MU",2023-12-27,86.6600036621093,86.6381882968138
"MU",2023-12-28,86,86.2739693843779
"MU",2023-12-29,85.3399963378906,85.6525525216597
"MU",2024-01-02,82.3399963378906,85.0142368469095
"MU",2024-01-03,82.2600021362305,82.1011229701849
"MU",2024-01-04,82.7099990844727,82.0170859038629
"MU",2024-01-05,83.4499969482422,82.4786220819845
"MU",2024-01-08,84.9499969482422,83.2276833536846
"MU",2024-01-09,83.3300018310547,84.7256605240912
"MU",2024-01-10,82.379997253418,83.1689267040829
"MU",2024-01-11,83.3899993896484,82.2392588866367
"MU",2024-01-12,82.3899993896484,83.2226037560022
"MU",2024-01-16,84.6100006103516,82.2484424513255
"MU",2024-01-17,83.2799987792969,84.453845182154
"MU",2024-01-18,84.8199996948242,83.1847230154383
"MU",2024-01-19,87.5100021362305,84.7192634994503
"MU",2024-01-22,89.2399978637695,87.3462591865471
"MU",2024-01-23,87.5299987792969,89.0088347633228
"MU",2024-01-24,88.0800018310546,87.3608865986276
"MU",2024-01-25,89.1999969482422,87.9404671231183
"MU",2024-01-26,88.0500030517578,89.0468135170433
"MU",2024-01-29,89.0699996948242,87.9423579851485
"MU",2024-01-30,86.1600036621094,88.9259207048898
"MU",2024-01-31,85.75,86.1056193250601
"MU",2024-02-01,85.6100006103516,85.7106596034395
"MU",2024-02-02,86.4800033569336,85.5862245969389
"MU",2024-02-05,86.9800033569336,86.4637744238245
"MU",2024-02-06,84.5999984741211,86.9846278764143
"MU",2024-02-07,85.1699981689453,84.6527391485293
"MU",2024-02-08,84.879997253418,85.2314062865888
"MU",2024-02-09,85.5599975585938,84.9776502625476
"MU",2024-02-12,85.6999969482422,85.6443923337724
"MU",2024-02-13,81.5299987792969,85.7915813877272
"MU",2024-02-14,81.8300018310547,81.7394634400048
"MU",2024-02-15,81.629997253418,82.0611726191015
"MU",2024-02-16,79.5,81.8535357278387
"MU",2024-02-20,80.7099990844727,79.7692237068051
"MU",2024-02-21,81.4899978637696,80.9015584890123
"MU",2024-02-22,85.9100036621093,81.6421212724211
"MU",2024-02-23,86,86.028516184482
"MU",2024-02-26,89.4599990844727,86.122628803595
"MU",2024-02-27,91.8499984741211,89.4964083395858
"MU",2024-02-28,89.7099990844727,91.8187781307319
"MU",2024-02-29,90.6100006103516,89.7343401714428
"MU",2024-03-01,95.1500015258789,90.6514715530451
"MU",2024-03-04,95.7699966430664,95.1071347139325
"MU",2024-03-05,94.4700012207032,95.7773736501488
"MU",2024-03-06,95.5599975585938,94.5642010292079
"MU",2024-03-07,98.9800033569336,95.6995261317031
"MU",2024-03-08,97.620002746582,99.0644903713481
"MU",2024-03-11,94.5100021362305,97.7316555624985
"MU",2024-03-12,97.4199981689453,94.6599664634387
"MU",2024-03-13,94.1600036621094,97.6045064111732
"MU",2024-03-14,91.4300003051758,94.4161737577017
"MU",2024-03-15,93.25,91.6855175514852
"MU",2024-03-18,93.7799987792968,93.4973960604644
"MU",2024-03-19,94,94.027569105918
"MU",2024-03-20,96.25,94.2127940003933
"MU",2024-03-21,109.849998474121,96.3888694848231
"MU",2024-03-22,110.209999084473,109.609625285034
"MU",2024-03-25,117.129997253418,109.994748382239
"MU",2024-03-26,118.800003051758,116.735681871251
"MU",2024-03-27,119.25,118.369491118544
"MU",2024-03-28,117.889999389648,118.793740303578
"MU",2024-04-01,124.300003051758,117.507985900582
"MU",2024-04-02,122.75,123.75843078063
"MU",2024-04-03,128.009994506836,122.266240164289
"MU",2024-04-04,124.089996337891,127.393041182864
"MU",2024-04-05,123.580001831055,123.559532824434
"MU",2024-04-08,122.949996948242,123.096142231126
"MU",2024-04-09,122.629997253418,122.514235402981
"MU",2024-04-10,122.199996948242,122.217481449893
"MU",2024-04-11,127.51000213623,121.841002191348
"MU",2024-04-12,122.519996643066,126.986673050418
"MU",2024-04-15,121.370002746582,122.131509294297
"MU",2024-04-16,121.769996643066,121.051706789544
"MU",2024-04-17,116.330001831055,121.488016295718
"MU",2024-04-18,111.930000305176,116.193985869468
"MU",2024-04-19,106.769996643066,111.930576913605
"MU",2024-04-22,109.120002746582,106.846540586448
"MU",2024-04-23,112.459999084473,109.159473513026
"MU",2024-04-24,111.779998779297,112.431867810032
"MU",2024-04-25,111.580001831055,111.735672676634
"MU",2024-04-26,114.839996337891,111.600105719975
"MU",2024-04-29,114.360000610352,114.801832897427
"MU",2024-04-30,112.959999084473,114.347049565971
"MU",2024-05-01,109.699996948242,113.024217466708
"MU",2024-05-02,112.330001831055,109.786939351353
"MU",2024-05-03,114.699996948242,112.362336007583
"MU",2024-05-06,120.129997253418,114.656212472338
"MU",2024-05-07,119.209999084473,119.967355705455
"MU",2024-05-08,119.319999694824,119.066972497389
"MU",2024-05-09,117.809997558594,119.169678108425
"MU",2024-05-10,121.23999786377,117.680589582894
"MU",2024-05-13,123,121.041595763245
"MU",2024-05-14,124.809997558594,122.725241771757
"MU",2024-05-15,127.809997558594,124.528536133858
"MU",2024-05-16,127.889999389648,127.465835731718
"MU",2024-05-17,125.290000915527,127.572604290793
"MU",2024-05-20,129,125.077767583199
"MU",2024-05-21,127.5,128.702031419443
"MU",2024-05-22,126.279998779297,127.254191895476
"MU",2024-05-23,126.269996643066,126.103669075089
"MU",2024-05-24,129.490005493164,126.176751015435
"MU",2024-05-28,132.669998168945,129.339050300217
"MU",2024-05-29,131.580001831055,132.514782919527
"MU",2024-05-30,126.290000915527,131.437373134064
"MU",2024-05-31,125,126.306824122956
"MU",2024-06-03,128.169998168945,125.066318566529
"MU",2024-06-04,126.639999389648,128.21453641139
"MU",2024-06-05,133.710006713867,126.70513730828
"MU",2024-06-06,130.070007324219,133.640644589362
"MU",2024-06-07,130.940002441406,130.117438373523
"MU",2024-06-10,134.820007324219,130.993154467772
"MU",2024-06-11,135.070007324219,134.741208840939
"MU",2024-06-12,140.75,134.883681646131
"MU",2024-06-13,143.139999389648,140.506773055341
"MU",2024-06-14,141.360000610352,142.753317444699
"MU",2024-06-17,147.830001831055,141.014463771854
"MU",2024-06-18,153.449996948242,147.251007072357
"MU",2024-06-20,144.190002441406,152.779989324061
"MU",2024-06-21,139.539993286133,143.852396662256
"MU",2024-06-24,139.009994506836,139.34277624198
"MU",2024-06-25,141.119995117188,138.776752225238
"MU",2024-06-26,142.360000610352,140.89571866811
"MU",2024-06-27,132.229995727539,142.063442912099
"MU",2024-06-28,131.529998779297,132.235933538625
"MU",2024-07-01,131.520004272461,131.608876294903
"MU",2024-07-02,132.589996337891,131.526765500958
"MU",2024-07-03,136.820007324219,132.583918611234
"MU",2024-07-05,131.600006103516,136.732025547199
"MU",2024-07-08,130.690002441406,131.668476819799
"MU",2024-07-09,131.139999389648,130.821450492908
"MU",2024-07-10,136.389999389648,131.264989617388
"MU",2024-07-11,130.229995727539,136.418218682439
"MU",2024-07-12,133.550003051758,130.42548916189
"MU",2024-07-15,130.869995117188,133.68652298217
"MU",2024-07-16,127.48999786377,131.03015251412
"MU",2024-07-17,119.5,127.742351777293
"MU",2024-07-18,117.449996948242,119.846542015426
"MU",2024-07-19,114.260002136231,117.836292013418
"MU",2024-07-22,115.279998779297,114.677372214069
"MU",2024-07-23,114.25,115.699168725334
"MU",2024-07-24,110.279998779297,114.668636594997
"MU",2024-07-25,107.449996948242,110.751485525406
"MU",2024-07-26,109.410003662109,107.976284375681
"MU",2024-07-29,107.849998474121,109.869862999555
"MU",2024-07-30,102.559997558594,108.314542601623
"MU",2024-07-31,109.819999694824,103.08810877702
"MU",2024-08-01,101.51000213623,110.253018392859
"MU",2024-08-02,92.6999969482422,102.062979785311
"MU",2024-08-05,90.4199981689453,93.3942316055645
"MU",2024-08-06,89,91.1502218760493
"MU",2024-08-07,86.8000030517578,89.7569563407406
"MU",2024-08-08,92.0699996948242,87.5595417415912
"MU",2024-08-09,93.0800018310547,92.7486736155815
"MU",2024-08-12,94.6399993896484,93.7040618558048
"MU",2024-08-13,97.4400024414062,95.2359380061555
"MU",2024-08-14,100.410003662109,97.9726232929694
"MU",2024-08-15,106.949996948242,100.848419778769
"MU",2024-08-16,107.98999786377,107.233459360139
"MU",2024-08-19,108.629997253418,108.260674200567
"MU",2024-08-20,107.98999786377,108.915730432302
"MU",2024-08-21,108.330001831055,108.263709881574
"MU",2024-08-22,104.26000213623,108.603862084004
"MU",2024-08-23,102.849998474121,104.598604949609
"MU",2024-08-26,98.9100036621093,103.250244810135
"MU",2024-08-27,97.8600006103516,99.3865293543779
"MU",2024-08-28,94.8600006103515,98.3550638630128
"MU",2024-08-29,95.5699996948243,95.3996911156548
"MU",2024-08-30,96.2399978637695,96.0401390256364
"MU",2024-09-03,88.5800018310547,96.6929990239659
"MU",2024-09-04,89.2900009155274,89.1306417369541
"MU",2024-09-05,89.3899993896484,89.8276056028287
"MU",2024-09-06,86.3799972534179,89.9365714394854
"MU",2024-09-09,86.2699966430664,86.9911810396964
"MU",2024-09-10,86.8499984741211,86.8921270192352
"MU",2024-09-11,90.6500015258789,87.4793515365755
"MU",2024-09-12,87.2099990844727,91.216662501276
"MU",2024-09-13,91.2200012207031,87.8380545779652
"MU",2024-09-16,87.1800003051758,91.7370061497372
"MU",2024-09-17,88.7300033569336,87.7977554186883
"MU",2024-09-18,87.3499984741211,89.2697249441056
"MU",2024-09-19,89.25,87.8814795152273
"MU",2024-09-20,90.9000015258789,89.752462938217
"MU",2024-09-23,93.5699996948242,91.3319949145223
"MU",2024-09-24,94,93.9269973629301
"MU",2024-09-25,95.7699966430664,94.3886448055842
"MU",2024-09-26,109.879997253418,96.1259433929431
"MU",2024-09-27,107.5,109.897804821583
"MU",2024-09-30,103.709999084473,107.559799940939
"MU",2024-10-01,100.309997558594,103.844719340939
"MU",2024-10-02,99.8499984741211,100.545528836296
"MU",2024-10-03,101.819999694824,100.121024886269
"MU",2024-10-04,102.25,102.082746664161
"MU",2024-10-07,102.910003662109,102.544783633967
"MU",2024-10-08,102.540000915527,103.252429341172
"MU",2024-10-09,101.699996948242,102.903028703593
"MU",2024-10-10,105.690002441406,102.066244582883
"MU",2024-10-11,106.919998168945,105.941017643603
"MU",2024-10-14,108.339996337891,107.197226251739
"MU",2024-10-15,104.319999694824,108.585682355063
"MU",2024-10-16,109.239997863769,104.61563296816
"MU",2024-10-17,112.050003051758,109.451463897654
"MU",2024-10-18,111.150001525879,112.263996119747
"MU",2024-10-21,109.080001831055,111.378089782595
"MU",2024-10-22,107.819999694824,109.399304132294
"MU",2024-10-23,105.050003051758,108.140182474277
"MU",2024-10-24,106.849998474121,105.468250682403
"MU",2024-10-25,107.910003662109,107.230820317682
"MU",2024-10-28,106.389999389648,108.278571241534
"MU",2024-10-29,108.180000305176,106.772696634089
"MU",2024-10-30,104.080001831055,108.516244342807
"MU",2024-10-31,99.6500015258789,104.464177438476
"MU",2024-11-01,99.7300033569336,100.16139348784
"MU",2024-11-04,101.730003356934,100.255890478013
"MU",2024-11-05,105.48999786377,102.208347052117
"MU",2024-11-06,111.830001831055,105.890606139027
"MU",2024-11-07,113.410003662109,112.094244483079
"MU",2024-11-08,111.900001525879,113.67800624888
"MU",2024-11-11,108.650001525879,112.221705782064
"MU",2024-11-12,104.099998474121,109.05490941944
"MU",2024-11-13,99.9199981689453,104.606154497581
"MU",2024-11-14,99.1800003051758,100.481820028806
"MU",2024-11-15,96.3399963378907,99.753624885171
"MU",2024-11-18,97.5100021362304,96.9795278686156
"MU",2024-11-19,97.7300033569336,98.1284683353489
"MU",2024-11-20,98.370002746582,98.3811858003776
"MU",2024-11-21,102.76000213623,99.0078875281462
"MU",2024-11-22,102.639999389648,103.323782287515
"MU",2024-11-25,104.480003356934,103.172275134279
"MU",2024-11-26,101.800003051758,104.91166542726
"MU",2024-11-27,98.1999969482422,102.261693934141
"MU",2024-11-29,97.9499969482422,98.732887205768
"MU",2024-12-02,98.5500030517578,98.5085064181981
"MU",2024-12-03,99.8399963378907,99.0993518025828
"MU",2024-12-04,103.199996948242,100.372776082535
"MU",2024-12-05,100.870002746582,103.678285155844
"MU",2024-12-06,101.169998168945,101.383909364244
"MU",2024-12-09,102.819999694824,101.629621172785
"MU",2024-12-10,98.0999984741211,103.159905389145
"MU",2024-12-11,102.059997558594,98.4877001746954
"MU",2024-12-12,98.2399978637695,102.336748735681
"MU",2024-12-13,102.5,98.5888298387229
"MU",2024-12-16,108.26000213623,102.615185420503
"MU",2024-12-17,108.599998474121,108.120550857938
"MU",2024-12-18,103.900001525879,108.443461494955
"MU",2024-12-19,87.0899963378906,103.92771450946
"MU",2024-12-20,90.120002746582,87.5589062241076
"MU",2024-12-23,89.7200012207031,90.5204236074449
"MU",2024-12-24,89.2799987792969,90.1621757979747
"MU",2024-12-26,89.8199996948242,89.7031746811667
"MU",2024-12-27,88.629997253418,90.1963535507198
"MU",2024-12-30,85.3099975585938,89.0358248220356
"MU",2024-12-31,84.1600036621094,85.7971795052055
"MU",2025-01-02,87.3300018310547,84.6548111982119
"MU",2025-01-03,89.870002746582,87.783849784127
"MU",2025-01-06,99.2600021362305,90.3030376221896
"MU",2025-01-07,101.910003662109,99.4975767342266
"MU",2025-01-08,99.4100036621094,102.032518825937
"MU",2025-01-10,99.3399963378906,99.5560270784194
"MU",2025-01-13,95.0599975585938,99.459644570333
"MU",2025-01-14,97.3600006103516,95.2666078179644
"MU",2025-01-15,103.190002441406,97.5091585771157
"MU",2025-01-16,102.599998474121,103.191463634724
"MU",2025-01-17,105.75,102.654415145631
"MU",2025-01-21,109.379997253418,105.702251535933
"MU",2025-01-22,109.230003356934,109.327582773154
"MU",2025-01-23,104.839996337891,109.228334758953
"MU",2025-01-24,103.190002441406,104.976475770749
"MU",2025-01-27,91.1100006103516,103.33734194958
"MU",2025-01-28,88.25,91.3812920273476
"MU",2025-01-29,89.0100021362305,88.6169551038691
"MU",2025-01-30,92.5,89.3528788159129
"MU",2025-01-31,91.2399978637695,92.8541559519196
"MU",2025-02-03,89.9199981689453,91.5896591508103
"MU",2025-02-04,90.6600036621094,90.2836338590991
"MU",2025-02-05,93.5999984741211,91.0183689062689
"MU",2025-02-06,94.5400009155273,93.8768818108223
"MU",2025-02-07,92.3000030517578,94.7967023977918
"MU",2025-02-10,95.9300003051758,92.6375681314557
"MU",2025-02-11,94.0800018310546,96.1877525182888
"MU",2025-02-12,91.6800003051758,94.3704989852061
"MU",2025-02-13,95.6600036621094,91.9946619408317
"MU",2025-02-14,99.5199966430664,95.8623921272698
"MU",2025-02-18,106.790000915527,99.6497116606457
"MU",2025-02-19,104.360000610352,106.749014164013
"MU",2025-02-20,103.180000305176,104.371808218695
"MU",2025-02-21,98.8399963378906,103.202169264651
"MU",2025-02-24,95.4100036621094,98.9512389675108
"MU",2025-02-25,93.2200012207031,95.6011121669781
"MU",2025-02-26,97.7099990844727,93.4534231922994
"MU",2025-02-27,91.8199996948242,97.8619344402386
"MU",2025-02-28,93.629997253418,92.0535007031158
"MU",2025-03-03,90.5400009155273,93.8119936867711
"MU",2025-03-04,91.1999969482422,90.7703298248374
"MU",2025-03-05,94.3399963378907,91.4434514526254
"MU",2025-03-06,89.2699966430664,94.4959283548884
"MU",2025-03-07,92.9599990844727,89.4977488222881
"MU",2025-03-10,87.0800018310547,93.0808093778583
"MU",2025-03-11,89.0500030517578,87.3534130108722
"MU",2025-03-12,95.6399993896484,89.2612343508749
"MU",2025-03-13,94.879997253418,95.7633857274872
"MU",2025-03-14,100.790000915527,95.0191817881707
"MU",2025-03-17,103.110000610352,100.778261107457
"MU",2025-03-18,101.720001220703,103.074850063843
"MU",2025-03-19,102.059997558594,101.708097323276
"MU",2025-03-20,103,102.037252169308
"MU",2025-03-21,94.7200012207031,102.99739581251
"MU",2025-03-24,96.9400024414062,94.9046980953464
"MU",2025-03-25,94.1800003051757,97.1303459898858
"MU",2025-03-26,92.129997253418,94.4349755490992
"MU",2025-03-27,91.1600036621094,92.3828871618321
"MU",2025-03-28,88.4400024414062,91.3999647752743
"MU",2025-03-31,86.8899993896485,88.7445969136127
"MU",2025-04-01,88.7099990844726,87.2238449548882
"MU",2025-04-02,88.5999984741211,88.9958299301816
"MU",2025-04-03,74.3399963378906,88.8916386265054
"MU",2025-04-04,64.7200012207031,74.9199839391457
"MU",2025-04-07,68.370002746582,65.4253075377795
"MU",2025-04-08,65.5400009155273,68.9888864184806
"MU",2025-04-09,77.870002746582,66.1692120116391
"MU",2025-04-10,70.0500030517578,78.2708009925145
"MU",2025-04-11,69.5500030517578,70.5778119034195
"MU",2025-04-14,71.0199966430664,70.0655265958621
"MU",2025-04-15,71.0400009155274,71.4952852485695
"MU",2025-04-16,69.3300018310547,71.5135075433911
"MU",2025-04-17,68.8000030517578,69.7940733456123
"MU",2025-04-21,66.7399978637696,69.2519161968815
"MU",2025-04-22,70.2099990844726,67.2025100785528
"MU",2025-04-23,72.9300003051758,70.5785720667668
"MU",2025-04-24,77.4199981689453,73.2427792605925
"MU",2025-04-25,79.7799987792969,77.6193782771191
"MU",2025-04-28,78.5599975585938,79.9209169423907
"MU",2025-04-29,76.8799972534179,78.7150199871866
"MU",2025-04-30,76.9499969482422,77.0704973360079
"MU",2025-05-01,77.7699966430664,77.131325706294
"MU",2025-05-02,80.7200012207031,77.8867076778646
"MU",2025-05-05,80.4199981689453,80.7931267523755
"MU",2025-05-06,80.5100021362305,80.5162528801301
"MU",2025-05-07,82.620002746582,80.587515799103
"MU",2025-05-08,85.1500015258789,82.6721370303006
"MU",2025-05-09,85.8600006103515,85.1232028264353
"MU",2025-05-12,92.2900009155273,85.820914595698
"MU",2025-05-13,96.9300003051758,92.0909250951427
"MU",2025-05-14,95.3199996948242,96.6576367417698
"MU",2025-05-15,95.4499969482422,95.1521366650771
"MU",2025-05-16,98,95.2655119332885
"MU",2025-05-19,98.6500015258789,97.7778367484014
"MU",2025-05-20,98.0999984741211,98.4019230500467
"MU",2025-05-21,95.8399963378906,97.8825676897055
"MU",2025-05-22,94.8300018310547,95.7015747471902
"MU",2025-05-23,93.370002746582,94.7382029259676
"MU",2025-05-27,96.379997253418,93.3318780530305
"MU",2025-05-28,96.1800003051758,96.2818085024681
"MU",2025-05-29,96.8000030517578,96.0853815941636
"MU",2025-05-30,94.4599990844727,96.7054706723091
"MU",2025-06-02,98.1800003051758,94.4053879725432
"MU",2025-06-03,102.25,98.0357614738096
"MU",2025-06-04,103.25,102.014004058911
"MU",2025-06-05,106.290000915527,103.006781103237
"MU",2025-06-06,108.559997558594,105.960078416099
"MU",2025-06-09,110.949996948242,108.216130969395
"MU",2025-06-10,114.139999389648,110.60395063552
"MU",2025-06-11,116.029998779297,113.743516585342
"MU",2025-06-12,116.180000305176,115.562358546314
"MU",2025-06-13,115.599998474121,115.783602854074
"MU",2025-06-16,119.839996337891,115.286477573136
"MU",2025-06-17,120.339996337891,119.455935991565
"MU",2025-06-18,121.819999694824,119.972384242852
"MU",2025-06-20,123.599998474121,121.430871473835
"MU",2025-06-23,122.080001831055,123.146875774582
"MU",2025-06-24,127.910003662109,121.683532664293
"MU",2025-06-25,127.25,127.452460559463
"MU",2025-06-26,126,126.879901858514
"MU",2025-06-27,124.76000213623,125.68973500435
"MU",2025-06-30,123.25,124.544525754578
"MU",2025-07-01,120.889999389648,123.089265093873
"MU",2025-07-02,121.739997863769,120.809417237863
"MU",2025-07-03,122.290000915527,121.728632739765
"MU",2025-07-07,119.919998168945,122.282119512068
"MU",2025-07-08,124.419998168945,119.963258037285
"MU",2025-07-09,122.239997863769,124.387715277543
"MU",2025-07-10,123.110000610352,122.28219010987
"MU",2025-07-11,124.529998779297,123.172426506349
"MU",2025-07-14,118.610000610352,124.573823590007
"MU",2025-07-15,120.110000610352,118.821362230478
"MU",2025-07-16,116.430000305176,120.381937804065
"MU",2025-07-17,113.26000213623,116.842222422655
"MU",2025-07-18,114.389999389648,113.781617002248
"MU",2025-07-21,113.230003356934,114.857940060622
"MU",2025-07-22,109.220001220703,113.701075117776
"MU",2025-07-23,109.830001831055,109.764622493718
"MU",2025-07-24,111.730003356934,110.401611059623
"MU",2025-07-25,111.26000213623,112.261798830169
"MU",2025-07-28,111.25,111.822730006772
"MU",2025-07-29,111.959999084473,111.837130061564
"MU",2025-07-30,114.73999786377,112.540333762693
"MU",2025-07-31,109.139999389648,115.275555114069
"MU",2025-08-01,104.879997253418,109.770745779186
"MU",2025-08-04,107.769996643066,105.576455186813
"MU",2025-08-05,109.059997558594,108.420182881959
"MU",2025-08-06,108.779998779297,109.680606123138
"MU",2025-08-07,111.870002746582,109.327725141144
"MU",2025-08-08,118.889999389648,112.381939242657
"MU",2025-08-11,123.720001220703,119.204169061443
"MU",2025-08-12,127.75,123.929616247805
"MU",2025-08-13,124.269996643066,127.838474635671
"MU",2025-08-14,125.290000915527,124.473741187026
"MU",2025-08-15,120.870002746582,125.459676480858
"MU",2025-08-18,123.550003051758,121.170322109365
"MU",2025-08-19,122.050003051758,123.811888303496
"MU",2025-08-20,117.209999084473,122.275716823175
"MU",2025-08-21,115.790000915527,117.580477821837
"MU",2025-08-22,117.680000305176,116.19247263085
"MU",2025-08-25,116.419998168945,118.066005705079
"MU",2025-08-26,116.5,116.84533912741
"MU",2025-08-27,117.75,116.941721690145
"MU",2025-08-28,122,118.148865331692
"MU",2025-08-29,119.01000213623,122.27278865899
"MU",2025-09-02,118.480003356934,119.290624196657
"MU",2025-09-03,118.720001220703,118.762474926566
"MU",2025-09-04,124.209999084473,118.968542020059
"MU",2025-09-05,131.369995117187,124.311770083165
"MU",2025-09-08,131.460006713867,131.244485755244
"MU",2025-09-09,135.240005493164,131.349816373562
"MU",2025-09-10,140,135.110337015896
"MU",2025-09-11,150.570007324219,140.009059639805
"MU",2025-09-12,157.229995727539,150.216863165738
"MU",2025-09-15,157.770004272461,156.619784166531
"MU",2025-09-16,158.820007324219,157.183254583238
"MU",2025-09-17,159.990005493164,158.252549207936
"MU",2025-09-18,168.889999389648,159.401783149127
"MU",2025-09-19,162.729995727539,168.095257396873
"MU",2025-09-22,164.619995117187,162.132661503967
"MU",2025-09-23,166.410003662109,164.12361536865
"MU",2025-09-24,161.710006713867,165.899001327996
"MU",2025-09-25,156.830001831055,161.352326473084
"MU",2025-09-26,157.270004272461,156.592262147563
"MU",2025-09-29,163.899993896484,156.999042893276
"MU",2025-09-30,167.320007324219,163.498691445152
"MU",2025-10-01,182.149993896484,166.879212233479
"MU",2025-10-02,183.75,181.350085082176
"MU",2025-10-03,187.830001831055,182.982049884393
"MU",2025-10-06,190.960006713867,186.942365982781
"MU",2025-10-07,185.690002441406,190.253242298289
"MU",2025-10-08,196.539993286133,185.183617892553
"MU",2025-10-09,192.330001831055,195.894435010915
"MU",2025-10-10,181.600006103516,191.907290461125
"MU",2025-10-13,192.770004272461,181.45594545387
"MU",2025-10-14,187.059997558594,192.395309681369
"MU",2025-10-15,191.940002441406,186.835724301061
"MU",2025-10-16,202.529998779297,191.721256036106
"MU",2025-10-17,202.380004882813,202.049319892205
"MU",2025-10-20,206.770004272461,201.833465333216
"MU",2025-10-21,202.289993286133,206.057587623726
"MU",2025-10-22,198.470001220703,201.733144110185
"MU",2025-10-23,206.710006713867,198.009234501851
"MU",2025-10-24,219.020004272461,206.09493858782
"MU",2025-10-27,220.100006103516,218.146918396421
"MU",2025-10-28,221.910003662109,219.229262797257
"MU",2025-10-29,226.630004882812,221.016125720696
"MU",2025-10-30,224.009994506836,225.64461324398
"MU",2025-10-31,223.770004272461,223.094620254874
"MU",2025-11-03,234.699996948242,222.996228860544
"MU",2025-11-04,218.029998779297,233.707121913911
"MU",2025-11-05,237.5,217.467344945488
"MU",2025-11-06,238.330001831055,236.393312319155
"MU",2025-11-07,237.919998168945,237.125111899871
"MU",2025-11-10,253.300003051758,236.764122917565
"MU",2025-11-11,241.110000610352,251.794420931528
"MU",2025-11-12,244.899993896484,239.943188946269
"MU",2025-11-13,236.949996948242,243.708429519059
"MU",2025-11-14,246.830001831055,235.970814196051
"MU",2025-11-17,241.949996948242,245.604327390732
"MU",2025-11-18,228.5,240.883198564196
"MU",2025-11-19,225.919998168945,227.875435373951
"MU",2025-11-20,201.369995117187,225.441440333663
"MU",2025-11-21,207.369995117188,201.468368435165
"MU",2025-11-24,223.929992675781,207.231660014036
"MU",2025-11-25,224.529998779297,223.29008849441
"MU",2025-11-26,230.259994506836,223.746227872982
"MU",2025-11-28,236.479995727539,229.365410914478
"MU",2025-12-01,240.460006713867,235.331832528264
"MU",2025-12-02,239.490005493164,239.279742271376
"MU",2025-12-03,234.160003662109,238.361074351359
"MU",2025-12-04,226.649993896484,233.369395414312
"MU",2025-12-05,237.220001220703,226.150021092558
"MU",2025-12-08,246.919998168945,236.409747416448
"MU",2025-12-09,252.419998168945,245.846897104472
"MU",2025-12-10,263.709991455078,251.182871276164
"MU",2025-12-11,258.459991455078,262.211504586403
"MU",2025-12-12,241.139999389649,256.94431572805
"MU",2025-12-15,237.5,240.177502590518
"MU",2025-12-16,232.509994506836,236.712673112731
"MU",2025-12-17,225.520004272461,231.910297736428
"MU",2025-12-18,248.550003051758,224.983191348296
"MU",2025-12-19,265.920013427734,247.335159064457
"MU",2025-12-22,276.589996337891,264.354473813805
"MU",2025-12-23,276.269989013672,274.842728103153
"MU",2025-12-24,286.679992675781,274.567778874999
"MU",2025-12-26,284.790008544922,284.678500562771
"MU",2025-12-29,294.369995117187,282.947732512702
"MU",2025-12-30,292.630004882813,292.209191456906
"MU",2025-12-31,285.410003662109,290.580036542661
"ORCL",2023-10-31,103.400001525879,101.815237291839
"ORCL",2023-11-01,105.75,103.50693349054
"ORCL",2023-11-02,106.870002746582,105.785454618679
"ORCL",2023-11-03,108.050003051758,106.873906860421
"ORCL",2023-11-06,109.110000610352,108.013892675948
"ORCL",2023-11-07,108.989997863769,109.039896428221
"ORCL",2023-11-08,112.330001831055,108.923251389637
"ORCL",2023-11-09,112.180000305176,112.157382600208
"ORCL",2023-11-10,113.069999694824,112.00926375256
"ORCL",2023-11-13,114.150001525879,112.884196423107
"ORCL",2023-11-14,116.099998474121,113.931321218433
"ORCL",2023-11-15,114.059997558594,115.821511876058
"ORCL",2023-11-16,114.669998168945,113.849508599913
"ORCL",2023-11-17,115.360000610352,114.444307628844
"ORCL",2023-11-20,116.919998168945,115.122571409178
"ORCL",2023-11-21,116.080001831055,116.636954251433
"ORCL",2023-11-22,116.23999786377,115.839859377255
"ORCL",2023-11-24,116.25,116.003436736957
"ORCL",2023-11-27,116.470001220703,116.022189658222
"ORCL",2023-11-28,116.23999786377,116.245551828837
"ORCL",2023-11-29,116.209999084473,116.03966749641
"ORCL",2023-11-30,116.209999084473,116.025500502978
"ORCL",2023-12-01,117.160003662109,116.027508604788
"ORCL",2023-12-04,115.779998779297,116.963009989079
"ORCL",2023-12-05,114.529998779297,115.634639005966
"ORCL",2023-12-06,112.029998779297,114.436920432681
"ORCL",2023-12-07,112.870002746582,112.022115769649
"ORCL",2023-12-08,113.610000610352,112.850775208346
"ORCL",2023-12-11,115.129997253418,113.569521896325
"ORCL",2023-12-12,100.809997558594,115.035487239389
"ORCL",2023-12-13,102.98999786377,101.143101242033
"ORCL",2023-12-14,100.309997558594,103.249721591421
"ORCL",2023-12-15,103.319999694824,100.634705751999
"ORCL",2023-12-18,105,103.548675452724
"ORCL",2023-12-19,106.25,105.171533210586
"ORCL",2023-12-20,104.150001525879,106.374649701655
"ORCL",2023-12-21,105.860000610352,104.325146239401
"ORCL",2023-12-22,106.199996948242,105.961292964241
"ORCL",2023-12-26,106.190002441406,106.278885238816
"ORCL",2023-12-27,105.940002441406,106.264926572747
"ORCL",2023-12-28,106.25,106.018291754847
"ORCL",2023-12-29,105.430000305176,106.31437127677
"ORCL",2024-01-02,104.059997558594,105.509995855455
"ORCL",2024-01-03,102.459999084473,104.165510472585
"ORCL",2024-01-04,102.589996337891,102.597669050797
"ORCL",2024-01-05,102.730003356934,102.712698224416
"ORCL",2024-01-08,104.660003662109,102.844176495333
"ORCL",2024-01-09,103.629997253418,104.722047030832
"ORCL",2024-01-10,103.919998168945,103.724583560442
"ORCL",2024-01-11,104.769996643066,103.998889449457
"ORCL",2024-01-12,106.599998474121,104.823553340291
"ORCL",2024-01-16,106.569999694824,106.600321378859
"ORCL",2024-01-17,106.430000305176,106.578698833606
"ORCL",2024-01-18,108.699996948242,106.45192223398
"ORCL",2024-01-19,109.669998168945,108.672617948803
"ORCL",2024-01-22,110.099998474121,109.619281235788
"ORCL",2024-01-23,111.830001831055,110.032852950198
"ORCL",2024-01-24,114.309997558594,111.719377757945
"ORCL",2024-01-25,115,114.13403819407
"ORCL",2024-01-26,114.639999389648,114.805453917104
"ORCL",2024-01-29,113.75,114.465882582104
"ORCL",2024-01-30,114.160003662109,113.607321235898
"ORCL",2024-01-31,111.699996948242,114.014700994637
"ORCL",2024-02-01,115.529998779297,111.633534076799
"ORCL",2024-02-02,115.790000915527,115.35449606722
"ORCL",2024-02-05,116.389999389648,115.624720879361
"ORCL",2024-02-06,115.300003051758,116.229657822964
"ORCL",2024-02-07,117.269996643066,115.188443168234
"ORCL",2024-02-08,116.680000305176,117.114961625895
"ORCL",2024-02-09,116.639999389648,116.56772939219
"ORCL",2024-02-12,115.839996337891,116.539804808077
"ORCL",2024-02-13,113.680000305176,115.769641013845
"ORCL",2024-02-14,114.260002136231,113.695771225419
"ORCL",2024-02-15,112.779998779297,114.270174614539
"ORCL",2024-02-16,111.309997558594,112.837107055859
"ORCL",2024-02-20,108.449996948242,111.415402672599
"ORCL",2024-02-21,108.160003662109,108.623077244537
"ORCL",2024-02-22,111.01000213623,108.331325846644
"ORCL",2024-02-23,111.949996948242,111.110655729906
"ORCL",2024-02-26,110.970001220703,112.016356267073
"ORCL",2024-02-27,111.379997253418,111.057165885431
"ORCL",2024-02-28,111.680000305176,111.445126069768
"ORCL",2024-02-29,111.680000305176,111.73744771085
"ORCL",2024-03-01,113.779998779297,111.74552919503
"ORCL",2024-03-04,114.059997558594,113.783325023402
"ORCL",2024-03-05,110.940002441406,114.063047769297
"ORCL",2024-03-06,112.269996643066,111.039631027135
"ORCL",2024-03-07,114.540000915527,112.340724831389
"ORCL",2024-03-08,112.419998168945,114.543583632341
"ORCL",2024-03-11,114.129997253418,112.480513368644
"ORCL",2024-03-12,127.540000915527,114.130787467078
"ORCL",2024-03-13,125.519996643066,127.116620935859
"ORCL",2024-03-14,125.529998779297,125.180198588961
"ORCL",2024-03-15,125.540000915527,125.195870263085
"ORCL",2024-03-18,127.800003051758,125.216843649495
"ORCL",2024-03-19,129.190002441406,127.417831846074
"ORCL",2024-03-20,129.240005493164,128.776063287035
"ORCL",2024-03-21,129.009994506836,128.844336919068
"ORCL",2024-03-22,127.790000915527,128.597463487517
"ORCL",2024-03-25,126.080001831055,127.445706181716
"ORCL",2024-03-26,126.470001220703,125.793655094043
"ORCL",2024-03-27,125.269996643066,126.175534644509
"ORCL",2024-03-28,125.610000610352,125.02645190972
"ORCL",2024-04-01,125.480003356934,125.372943557465
"ORCL",2024-04-02,124.339996337891,125.251054462174
"ORCL",2024-04-03,126.23999786377,124.158761047124
"ORCL",2024-04-04,124.190002441406,126.002948283977
"ORCL",2024-04-05,124.900001525879,124.025745374885
"ORCL",2024-04-08,124.349998474121,124.730473357127
"ORCL",2024-04-09,123.230003356934,124.211795008808
"ORCL",2024-04-10,121.75,123.139636490562
"ORCL",2024-04-11,123.23999786377,121.707702777015
"ORCL",2024-04-12,121.110000610352,123.15036367439
"ORCL",2024-04-15,119.879997253418,121.087934146598
"ORCL",2024-04-16,120.620002746582,119.887939418103
"ORCL",2024-04-17,118.669998168945,120.599820987314
"ORCL",2024-04-18,116,118.704835632609
"ORCL",2024-04-19,114.879997253418,116.113220190895
"ORCL",2024-04-22,114.529998779297,115.002691684521
"ORCL",2024-04-23,115.089996337891,114.657485420367
"ORCL",2024-04-24,115.339996337891,115.194095168667
"ORCL",2024-04-25,114.889999389648,115.424507024033
"ORCL",2024-04-26,117.209999084473,114.999422212238
"ORCL",2024-04-29,116.489997863769,117.243215763896
"ORCL",2024-04-30,113.75,116.548264898084
"ORCL",2024-05-01,114.629997253418,113.887547535985
"ORCL",2024-05-02,114.959999084473,114.720023205586
"ORCL",2024-05-03,115.800003051758,115.037026316529
"ORCL",2024-05-06,118.339996337891,115.858385381866
"ORCL",2024-05-07,117.930000305176,118.307627088376
"ORCL",2024-05-08,117.389999389648,117.906876176945
"ORCL",2024-05-09,116.639999389648,117.384266359487
"ORCL",2024-05-10,116.669998168945,116.653325216019
"ORCL",2024-05-13,116.370002746582,116.680334154133
"ORCL",2024-05-14,120.870002746582,116.382108898736
"ORCL",2024-05-15,121.629997253418,120.746128504158
"ORCL",2024-05-16,122.160003662109,121.491862509705
"ORCL",2024-05-17,123.5,122.009009643391
"ORCL",2024-05-20,124.519996643066,123.31771695341
"ORCL",2024-05-21,124.629997253418,124.31161930053
"ORCL",2024-05-22,124.599998474121,124.430982075466
"ORCL",2024-05-23,124.089996337891,124.41353489712
"ORCL",2024-05-24,122.910003662109,123.939086611483
"ORCL",2024-05-28,124.48999786377,122.806223454817
"ORCL",2024-05-29,123.73999786377,124.346575491116
"ORCL",2024-05-30,117.089996337891,123.62191938876
"ORCL",2024-05-31,117.190002441406,117.194914905872
"ORCL",2024-06-03,119.279998779297,117.290963775442
"ORCL",2024-06-04,120.069999694824,119.322813369086
"ORCL",2024-06-05,122.629997253418,120.086788428911
"ORCL",2024-06-06,123.5,122.575401670618
"ORCL",2024-06-07,125.919998168945,123.426433934405
"ORCL",2024-06-10,124.5,125.779496050181
"ORCL",2024-06-11,123.879997253418,124.399390789315
"ORCL",2024-06-12,140.380004882812,123.806733969911
"ORCL",2024-06-13,139.850006103516,139.768309681023
"ORCL",2024-06-14,138.130004882812,139.275740436481
"ORCL",2024-06-17,141.309997558594,137.637529977048
"ORCL",2024-06-18,144.639999389648,140.712273486607
"ORCL",2024-06-20,142.910003662109,143.936917418488
"ORCL",2024-06-21,141.5,142.300197047196
"ORCL",2024-06-24,139.889999389648,140.957908728248
"ORCL",2024-06-25,139.169998168945,139.401552107661
"ORCL",2024-06-26,138.229995727539,138.736826911852
"ORCL",2024-06-27,140.179992675781,137.841736974641
"ORCL",2024-06-28,141.199996948242,139.766086787386
"ORCL",2024-07-01,143.089996337891,140.783515279841
"ORCL",2024-07-02,143.279998779297,142.631499786125
"ORCL",2024-07-03,144.380004882813,142.847460360944
"ORCL",2024-07-05,144.830001831055,143.943838901136
"ORCL",2024-07-08,145.029998779297,144.422029476265
"ORCL",2024-07-09,140.679992675781,144.656256512374
"ORCL",2024-07-10,142.070007324219,140.47385240674
"ORCL",2024-07-11,142.759994506836,141.841697193064
"ORCL",2024-07-12,144.770004272461,142.528629436944
"ORCL",2024-07-15,143.070007324219,144.482486562938
"ORCL",2024-07-16,142.610000610352,142.852632611212
"ORCL",2024-07-17,139.259994506836,142.426542482411
"ORCL",2024-07-18,138.029998779297,139.165219764618
"ORCL",2024-07-19,138.559997558594,137.981511365191
"ORCL",2024-07-22,140.169998168945,138.490399180308
"ORCL",2024-07-23,143.110000610352,140.063047159722
"ORCL",2024-07-24,138.770004272461,142.916579558362
"ORCL",2024-07-25,137.820007324219,138.703266446696
"ORCL",2024-07-26,139.009994506836,137.795143158398
"ORCL",2024-07-29,138.309997558594,138.945464516167
"ORCL",2024-07-30,135.669998168945,138.267997612468
"ORCL",2024-07-31,139.449996948242,135.705724534056
"ORCL",2024-08-01,137.509994506836,139.39196499129
"ORCL",2024-08-02,133.279998779297,137.502877859126
"ORCL",2024-08-05,127.860000610352,133.417934354693
"ORCL",2024-08-06,128.210006713867,128.14401420849
"ORCL",2024-08-07,125.900001525879,128.490682861957
"ORCL",2024-08-08,128.960006713867,126.236840059163
"ORCL",2024-08-09,132.059997558594,129.208601786956
"ORCL",2024-08-12,132.580001831055,132.206040484359
"ORCL",2024-08-13,134.259994506836,132.710159600732
"ORCL",2024-08-14,135.600006103516,134.345671179589
"ORCL",2024-08-15,136.929992675781,135.63229975
"ORCL",2024-08-16,137.470001220703,136.918957824067
"ORCL",2024-08-19,137.919998168945,137.447528209774
"ORCL",2024-08-20,139.169998168945,137.894521503679
"ORCL",2024-08-21,140.199996948242,139.097017339706
"ORCL",2024-08-22,138.080001831055,140.09952070474
"ORCL",2024-08-23,139.190002441406,138.049038640144
"ORCL",2024-08-26,138.899993896484,139.147097431611
"ORCL",2024-08-27,138.479995727539,138.87154440417
"ORCL",2024-08-28,137.880004882812,138.476494663881
"ORCL",2024-08-29,139.419998168945,137.896338636606
"ORCL",2024-08-30,141.289993286133,139.373522001442
"ORCL",2024-09-03,139.5,141.193146302078
"ORCL",2024-09-04,140.75,139.454428811059
"ORCL",2024-09-05,142.610000610352,140.671636159629
"ORCL",2024-09-06,141.809997558594,142.49247850005
"ORCL",2024-09-09,139.889999389648,141.721928719482
"ORCL",2024-09-10,155.889999389648,139.886580116229
"ORCL",2024-09-11,157.179992675781,155.375160355444
"ORCL",2024-09-12,161.380004882813,156.657225781569
"ORCL",2024-09-13,162.029998779297,160.755371224119
"ORCL",2024-09-16,170.330001831055,161.389460314503
"ORCL",2024-09-17,167.470001220703,169.426318894201
"ORCL",2024-09-18,164.529998779297,166.684568129376
"ORCL",2024-09-19,167.589996337891,163.88287184019
"ORCL",2024-09-20,168,166.887209233913
"ORCL",2024-09-23,165.949996948242,167.299813650637
"ORCL",2024-09-24,165.800003051758,165.339612038684
"ORCL",2024-09-25,166.279998779297,165.246589599548
"ORCL",2024-09-26,168.100006103516,165.73649804567
"ORCL",2024-09-27,168.740005493164,167.481413932579
"ORCL",2024-09-30,170.399993896484,168.120537140575
"ORCL",2024-10-01,167.160003662109,169.76462922537
"ORCL",2024-10-02,167.710006713867,166.667735369648
"ORCL",2024-10-03,166.860000610352,167.24216107203
"ORCL",2024-10-04,170.860000610352,166.45524253817
"ORCL",2024-10-07,169.970001220703,170.363261119959
"ORCL",2024-10-08,174.369995117187,169.544823666544
"ORCL",2024-10-09,178.289993286133,173.831705588008
"ORCL",2024-10-10,175.410003662109,177.647490166702
"ORCL",2024-10-11,175.770004272461,174.866632582017
"ORCL",2024-10-14,176.119995117187,175.239118259873
"ORCL",2024-10-15,174.089996337891,175.592683871762
"ORCL",2024-10-16,174.770004272461,173.640773960503
"ORCL",2024-10-17,175.679992675781,174.3038406299
"ORCL",2024-10-18,174.690002441406,175.221959433951
"ORCL",2024-10-21,173.759994506836,174.280277368159
"ORCL",2024-10-22,175.309997558594,173.419487192152
"ORCL",2024-10-23,173.100006103516,174.924155767294
"ORCL",2024-10-24,174.380004882812,172.80803938299
"ORCL",2024-10-25,173.520004272461,174.048820740953
"ORCL",2024-10-28,172.419998168945,173.236611522389
"ORCL",2024-10-29,173.429992675781,172.17911718125
"ORCL",2024-10-30,174.559997558594,173.168078232831
"ORCL",2024-10-31,167.839996337891,174.265112208689
"ORCL",2024-11-01,170.020004272461,167.783425475205
"ORCL",2024-11-04,169.589996337891,169.900448593691
"ORCL",2024-11-05,171.779998779297,169.480608395415
"ORCL",2024-11-06,181.240005493164,171.602470112597
"ORCL",2024-11-07,186.369995117187,180.733523497369
"ORCL",2024-11-08,189.25,185.723727412204
"ORCL",2024-11-11,189.130004882813,188.529507584364
"ORCL",2024-11-12,189.580001831055,188.433432877589
"ORCL",2024-11-13,189.630004882812,188.905805666351
"ORCL",2024-11-14,187.050003051758,188.979090607435
"ORCL",2024-11-15,183.740005493164,186.516905159018
"ORCL",2024-11-18,185.729995727539,183.339574179751
"ORCL",2024-11-19,188.899993896484,185.28313650119
"ORCL",2024-11-20,190.75,188.377308183813
"ORCL",2024-11-21,192.429992675781,190.17888216413
"ORCL",2024-11-22,192.289993286133,191.809505523381
"ORCL",2024-11-25,187.990005493164,191.6855238074
"ORCL",2024-11-26,190.369995117188,187.525357252816
"ORCL",2024-11-27,182.699996948242,189.845847282372
"ORCL",2024-11-29,184.839996337891,182.454993811757
"ORCL",2024-12-02,181.410003662109,184.557583968329
"ORCL",2024-12-03,182.889999389648,181.268201911894
"ORCL",2024-12-04,188.190002441406,182.721543960563
"ORCL",2024-12-05,186.240005493164,187.859073453076
"ORCL",2024-12-06,191.690002441406,185.992007985199
"ORCL",2024-12-09,190.449996948242,191.257757855694
"ORCL",2024-12-10,177.740005493164,190.037122724263
"ORCL",2024-12-11,178.580001831055,177.736370605126
"ORCL",2024-12-12,175.320007324219,178.535097551564
"ORCL",2024-12-13,173.389999389648,175.378363892505
"ORCL",2024-12-16,171.229995727539,173.488106955307
"ORCL",2024-12-17,169.710006713867,171.358423506305
"ORCL",2024-12-18,165.410003662109,169.864796044864
"ORCL",2024-12-19,168.789993286133,165.68755547098
"ORCL",2024-12-20,169.660003662109,169.023469394153
"ORCL",2024-12-23,169.139999389648,169.849687828096
"ORCL",2024-12-24,171.410003662109,169.360157264873
"ORCL",2024-12-26,171.679992675781,171.550274504142
"ORCL",2024-12-27,168.960006713867,171.789489421319
"ORCL",2024-12-30,166.910003662109,169.143030922658
"ORCL",2024-12-31,166.639999389648,167.153575074903
"ORCL",2025-01-02,166.029998779297,166.874286114682
"ORCL",2025-01-03,166.320007324219,166.262392512954
"ORCL",2025-01-06,165.690002441406,166.535061190758
"ORCL",2025-01-07,162.029998779297,165.891682552215
"ORCL",2025-01-08,163.139999389648,162.280655211091
"ORCL",2025-01-10,154.5,163.332566737686
"ORCL",2025-01-13,153.919998168945,154.916615034374
"ORCL",2025-01-14,156.309997558594,154.335730504123
"ORCL",2025-01-15,158.309997558594,156.625624188192
"ORCL",2025-01-16,159.539993286133,158.544703278752
"ORCL",2025-01-17,161.029998779297,159.727822629134
"ORCL",2025-01-21,172.570007324219,161.155079715374
"ORCL",2025-01-22,184.220001220703,172.329193413772
"ORCL",2025-01-23,186.470001220703,183.605284572685
"ORCL",2025-01-24,183.600006103516,185.810799893707
"ORCL",2025-01-27,158.279998779297,183.047451741043
"ORCL",2025-01-28,164,158.501589375997
"ORCL",2025-01-29,162.020004272461,164.079797545992
"ORCL",2025-01-30,170.380004882812,162.145395236315
"ORCL",2025-01-31,170.059997558594,170.254487807882
"ORCL",2025-02-03,168.600006103516,169.939309303906
"ORCL",2025-02-04,167.889999389648,168.504588622969
"ORCL",2025-02-05,171.660003662109,167.830168955788
"ORCL",2025-02-06,172.350006103516,171.474353670194
"ORCL",2025-02-07,174.460006713867,172.148216404254
"ORCL",2025-02-10,178.919998168945,174.196901011058
"ORCL",2025-02-11,177.190002441406,178.520603655578
"ORCL",2025-02-12,172.220001220703,176.879979756033
"ORCL",2025-02-13,173.860000610352,172.094912423956
"ORCL",2025-02-14,174.160003662109,173.676532983507
"ORCL",2025-02-18,179.800003051758,173.974758178143
"ORCL",2025-02-19,181.520004272461,179.410646712578
"ORCL",2025-02-20,176,181.082579094588
"ORCL",2025-02-21,167.809997558594,175.742927351391
"ORCL",2025-02-24,169.960006713867,167.806339724638
"ORCL",2025-02-25,168.539993286133,169.872641649645
"ORCL",2025-02-26,172.470001220703,168.503616909225
"ORCL",2025-02-27,164.759994506836,172.303356994151
"ORCL",2025-02-28,166.059997558594,164.819640350543
"ORCL",2025-03-03,162.020004272461,166.074240537862
"ORCL",2025-03-04,157.470001220703,162.134701775627
"ORCL",2025-03-05,161.559997558594,157.725848574272
"ORCL",2025-03-06,150.940002441406,161.67352100042
"ORCL",2025-03-07,155.160003662109,151.347166948274
"ORCL",2025-03-10,148.789993286133,155.424599392704
"ORCL",2025-03-11,144.179992675781,149.218781712264
"ORCL",2025-03-12,150.889999389648,144.699817096548
"ORCL",2025-03-13,147.660003662109,151.188653622394
"ORCL",2025-03-14,149.270004272461,148.019411149071
"ORCL",2025-03-17,154.009994506836,149.551778128869
"ORCL",2025-03-18,149.449996948242,154.127034373043
"ORCL",2025-03-19,152.449996948242,149.675191432864
"ORCL",2025-03-20,152.720001220703,152.565987035134
"ORCL",2025-03-21,152.229995727539,152.813113077777
"ORCL",2025-03-24,154.869995117188,152.354036634127
"ORCL",2025-03-25,153.929992675781,154.912587707625
"ORCL",2025-03-26,147.800003051758,154.002572271367
"ORCL",2025-03-27,145.779998779297,148.022556274289
"ORCL",2025-03-28,140.869995117188,146.036119766981
"ORCL",2025-03-31,139.809997558594,141.25130457037
"ORCL",2025-04-01,141.940002441406,140.21201917962
"ORCL",2025-04-02,145.860000610352,142.261037467739
"ORCL",2025-04-03,137.229995727539,146.05210147375
"ORCL",2025-04-04,128.270004272461,137.663498928048
"ORCL",2025-04-07,127.160003662109,128.924082658687
"ORCL",2025-04-08,124.5,127.798194227647
"ORCL",2025-04-09,139.690002441406,125.17911597123
"ORCL",2025-04-10,133.350006103516,139.952932736776
"ORCL",2025-04-11,132.350006103516,133.783589215003
"ORCL",2025-04-14,134.639999389648,132.816852632877
"ORCL",2025-04-15,133.940002441406,135.016823918324
"ORCL",2025-04-16,129.759994506836,134.325592910991
"ORCL",2025-04-17,128.619995117187,130.222232861377
"ORCL",2025-04-21,122.819999694824,129.090356594727
"ORCL",2025-04-22,127.23999786377,123.415722999406
"ORCL",2025-04-23,131.399993896484,127.680307034872
"ORCL",2025-04-24,137.509994506836,131.704028291874
"ORCL",2025-04-25,138.490005493164,137.610830666997
"ORCL",2025-04-28,140.139999389648,138.547631104527
"ORCL",2025-04-29,140.789993286133,140.139000676165
"ORCL",2025-04-30,140.720001220703,140.771651396419
"ORCL",2025-05-01,145.490005493164,140.700537466856
"ORCL",2025-05-02,150.729995727539,145.301294263754
"ORCL",2025-05-05,149.289993286133,150.3638923242
"ORCL",2025-05-06,147.699996948242,148.978494439378
"ORCL",2025-05-07,149.369995117188,147.446390397934
"ORCL",2025-05-08,150.300003051758,149.078031185813
"ORCL",2025-05-09,150.339996337891,149.971056264959
"ORCL",2025-05-12,157.220001220703,150.02054258375
"ORCL",2025-05-13,162.270004272461,156.693322089329
"ORCL",2025-05-14,162.949996948242,161.598332071056
"ORCL",2025-05-15,159.399993896484,162.29989623691
"ORCL",2025-05-16,160.490005493164,158.893495336523
"ORCL",2025-05-19,159.639999389648,159.967135064239
"ORCL",2025-05-20,160.309997558594,159.168936050689
"ORCL",2025-05-21,157.179992675781,159.844870279077
"ORCL",2025-05-22,157.309997558594,156.846509248586
"ORCL",2025-05-23,155.970001220703,156.998867317013
"ORCL",2025-05-27,161.910003662109,155.714140968587
"ORCL",2025-05-28,163.850006103516,161.480210859746
"ORCL",2025-05-29,162.899993896484,163.372894859524
"ORCL",2025-05-30,165.529998779297,162.481523714917
"ORCL",2025-06-02,166.570007324219,165.035813315405
"ORCL",2025-06-03,169.139999389648,166.04986967913
"ORCL",2025-06-04,168.100006103516,168.547559892888
"ORCL",2025-06-05,171.139999389648,167.56829778709
"ORCL",2025-06-06,174.020004272461,170.502023613224
"ORCL",2025-06-09,177.149993896484,173.304382075958
"ORCL",2025-06-10,177.479995727539,176.349158876979
"ORCL",2025-06-11,176.380004882812,176.694521626096
"ORCL",2025-06-12,199.860000610352,175.639414684524
"ORCL",2025-06-13,215.220001220703,198.28159473528
"ORCL",2025-06-16,211.100006103516,213.074614163114
"ORCL",2025-06-17,208.179992675781,209.193942377144
"ORCL",2025-06-18,210.869995117187,206.446272256347
"ORCL",2025-06-20,205.169998168945,209.090133947594
"ORCL",2025-06-23,207.039993286133,203.669031082658
"ORCL",2025-06-24,215.270004272461,205.531539592461
"ORCL",2025-06-25,210.720001220703,213.520042687948
"ORCL",2025-06-26,212.820007324219,209.235688910775
"ORCL",2025-06-27,210.240005493164,211.322315512106
"ORCL",2025-06-30,218.630004882813,208.920929067212
"ORCL",2025-07-01,218.960006713867,217.065854403789
"ORCL",2025-07-02,229.979995727539,217.45254808427
"ORCL",2025-07-03,237.320007324219,228.157139254044
"ORCL",2025-07-07,232.259994506836,235.296975511229
"ORCL",2025-07-08,234.5,230.50981857791
"ORCL",2025-07-09,235.809997558594,232.726554934533
"ORCL",2025-07-10,235,234.083336364674
"ORCL",2025-07-11,230.559997558594,233.385630109346
"ORCL",2025-07-14,229.279998779297,229.180846169017
"ORCL",2025-07-15,234.960006713867,228.016056167621
"ORCL",2025-07-16,241.300003051758,233.553305358299
"ORCL",2025-07-17,248.75,239.730498756118
"ORCL",2025-07-18,245.449996948242,246.985856208881
"ORCL",2025-07-21,243.539993286133,243.848173043396
"ORCL",2025-07-22,238.110000610352,242.070050321846
"ORCL",2025-07-23,241.899993896484,236.899009520646
"ORCL",2025-07-24,242.830001831055,240.613525524798
"ORCL",2025-07-25,245.119995117187,241.554308013018
"ORCL",2025-07-28,247.710006713867,243.820089251933
"ORCL",2025-07-29,249.979995727539,246.377711105521
"ORCL",2025-07-30,250.600006103516,248.604326272289
"ORCL",2025-07-31,253.770004272461,249.243538334296
"ORCL",2025-08-01,244.419998168945,252.343809514111
"ORCL",2025-08-04,252.529998779297,243.361237938413
"ORCL",2025-08-05,255.669998168945,251.21748781416
"ORCL",2025-08-06,256.429992675781,254.263924182661
"ORCL",2025-08-07,249.389999389648,255.043673405339
"ORCL",2025-08-08,250.050003051758,248.322936208957
"ORCL",2025-08-11,252.679992675781,248.971592347518
"ORCL",2025-08-12,253.860000610352,251.51980270451
"ORCL",2025-08-13,244.179992675781,252.680109813093
"ORCL",2025-08-14,244.960006713867,243.395403448794
"ORCL",2025-08-15,248.279998779297,244.152832309208
"ORCL",2025-08-18,249.070007324219,247.39128923668
"ORCL",2025-08-19,234.619995117187,248.171051088672
"ORCL",2025-08-20,235.059997558594,234.201410669136
"ORCL",2025-08-21,233.160003662109,234.647487013039
"ORCL",2025-08-22,236.369995117188,232.818284511265
"ORCL",2025-08-25,235.410003662109,235.941064908024
"ORCL",2025-08-26,234.210006713867,235.022601742784
"ORCL",2025-08-27,235.809997558594,233.871007502508
"ORCL",2025-08-28,240.320007324219,235.404687033245
"ORCL",2025-08-29,226.130004882813,239.736146671282
"ORCL",2025-09-02,225.300003051758,225.989945525379
"ORCL",2025-09-03,223.449996948242,225.16114422428
"ORCL",2025-09-04,223,223.363472837402
"ORCL",2025-09-05,232.800003051758,222.886943899141
"ORCL",2025-09-08,238.479995727539,232.329764505194
"ORCL",2025-09-09,241.509994506836,237.818339497148
"ORCL",2025-09-10,328.329986572266,240.737535976239
"ORCL",2025-09-11,307.859985351563,324.219218675212
"ORCL",2025-09-12,292.179992675781,304.638214459208
"ORCL",2025-09-15,302.140014648437,289.624891807117
"ORCL",2025-09-16,306.649993896484,299.245821586052
"ORCL",2025-09-17,301.410003662109,303.635072569037
"ORCL",2025-09-18,296.619995117187,298.666702090551
"ORCL",2025-09-19,308.660003662109,294.119145063693
"ORCL",2025-09-22,328.149993896484,305.780314610198
"ORCL",2025-09-23,313.829986572266,324.616225377493
"ORCL",2025-09-24,308.459991455078,310.983006581361
"ORCL",2025-09-25,291.329986572266,305.922019454352
"ORCL",2025-09-26,283.459991455078,289.539070880426
"ORCL",2025-09-29,282.760009765625,281.988923544623
"ORCL",2025-09-30,281.239990234375,281.348023090378
"ORCL",2025-10-01,289.010009765625,279.943689323843
"ORCL",2025-10-02,288.779998779297,287.45900655967
"ORCL",2025-10-03,286.140014648437,287.3161128257
"ORCL",2025-10-06,291.589996337891,284.809196737402
"ORCL",2025-10-07,284.239990234375,290.155508194487
"ORCL",2025-10-08,288.630004882812,283.130505982997
"ORCL",2025-10-09,296.959991455078,287.355021236781
"ORCL",2025-10-10,292.959991455078,295.394351059332
"ORCL",2025-10-13,308.010009765625,291.51812003166
"ORCL",2025-10-14,299,306.038661154295
"ORCL",2025-10-15,303.619995117187,297.363937654821
"ORCL",2025-10-16,313,301.844964543054
"ORCL",2025-10-17,291.309997558594,310.845331781851
"ORCL",2025-10-20,277.179992675781,289.954623040514
"ORCL",2025-10-21,275.149993896484,276.297110606684
"ORCL",2025-10-22,272.660003662109,274.318159105038
"ORCL",2025-10-23,280.070007324219,271.878001536253
"ORCL",2025-10-24,283.329986572266,279.014133007366
"ORCL",2025-10-27,281.399993896484,282.159005797446
"ORCL",2025-10-28,280.829986572266,280.3216023699
"ORCL",2025-10-29,275.299987792969,279.784846252141
"ORCL",2025-10-30,256.890014648438,274.454342141037
"ORCL",2025-10-31,262.609985351563,256.647371630305
"ORCL",2025-11-03,257.850006103516,262.171218964388
"ORCL",2025-11-04,248.169998168945,257.532642971668
"ORCL",2025-11-05,250.309997558594,248.152835266693
"ORCL",2025-11-06,243.800003051758,250.150857173442
"ORCL",2025-11-07,239.259994506836,243.784335009138
"ORCL",2025-11-10,240.830001831055,239.340866464521
"ORCL",2025-11-11,236.149993896484,240.812842242508
"ORCL",2025-11-12,226.990005493164,236.25077432596
"ORCL",2025-11-13,217.570007324219,227.322368171502
"ORCL",2025-11-14,222.850006103516,218.110916182467
"ORCL",2025-11-17,219.860000610352,223.16547617789
"ORCL",2025-11-18,220.490005493164,220.215928238052
"ORCL",2025-11-19,225.529998779297,220.805544222108
"ORCL",2025-11-20,210.690002441406,225.66351626107
"ORCL",2025-11-21,198.759994506836,211.241169338903
"ORCL",2025-11-24,200.279998779297,199.562256762154
"ORCL",2025-11-25,197.029998779297,200.959167989471
"ORCL",2025-11-26,204.960006713867,197.71121983936
"ORCL",2025-11-28,201.949996948242,205.347051821882
"ORCL",2025-12-01,200.940002441406,202.353888358524
"ORCL",2025-12-02,201.100006103516,201.313887163843
"ORCL",2025-12-03,207.729995727539,201.41659359482
"ORCL",2025-12-04,214.330001831055,207.820724384966
"ORCL",2025-12-05,217.580001831055,214.183734113801
"ORCL",2025-12-08,220.539993286133,217.269737265271
"ORCL",2025-12-09,221.529998779297,220.093932127272
"ORCL",2025-12-10,223.009994506836,221.01293788248
"ORCL",2025-12-11,198.850006103516,222.416860805047
"ORCL",2025-12-12,189.970001220703,198.999178268186
"ORCL",2025-12-15,184.919998168945,190.35673876649
"ORCL",2025-12-16,188.649993896484,185.411369743731
"ORCL",2025-12-17,178.460006713867,189.004294730522
"ORCL",2025-12-18,180.029998779297,179.045356479295
"ORCL",2025-12-19,191.970001220703,180.487463015034
"ORCL",2025-12-22,198.380004882813,192.028362686288
"ORCL",2025-12-23,195.339996337891,198.207866763112
"ORCL",2025-12-24,197.490005493164,195.255870626175
"ORCL",2025-12-26,197.990005493164,197.303830687444
"ORCL",2025-12-29,195.380004882812,197.775612425534
"ORCL",2025-12-30,197.210006713867,195.205624696684
"ORCL",2025-12-31,194.910003662109,196.956841145919
"AMD",2023-10-31,98.5,96.4138183048972
"AMD",2023-11-01,108.040000915527,98.6881574408243
"AMD",2023-11-02,107.830001831055,108.083608196852
"AMD",2023-11-03,112.25,107.849699000445
"AMD",2023-11-06,111.75,112.227641649477
"AMD",2023-11-07,113.449996948242,111.769863478301
"AMD",2023-11-08,113.589996337891,113.400534754805
"AMD",2023-11-09,113.48999786377,113.556871608814
"AMD",2023-11-10,118.589996337891,113.43314056347
"AMD",2023-11-13,116.790000915527,118.399641415283
"AMD",2023-11-14,119.879997253418,116.674392813888
"AMD",2023-11-15,118,119.659053152384
"AMD",2023-11-16,119.830001831055,117.767122258892
"AMD",2023-11-17,120.620002746582,119.652134386786
"AMD",2023-11-20,121.529998779297,120.333392972371
"AMD",2023-11-21,119.160003662109,121.242499124576
"AMD",2023-11-22,122.510002136231,118.934365590418
"AMD",2023-11-24,122.309997558594,122.235730784987
"AMD",2023-11-27,122.650001525879,122.008801328939
"AMD",2023-11-28,122.01000213623,122.428443580639
"AMD",2023-11-29,123.849998474121,121.851839050592
"AMD",2023-11-30,121.160003662109,123.664194930941
"AMD",2023-12-01,121.389999389648,121.029571253612
"AMD",2023-12-04,118.569999694824,121.225383468012
"AMD",2023-12-05,118.379997253418,118.435593237124
"AMD",2023-12-06,116.819999694824,118.287381329654
"AMD",2023-12-07,128.369995117187,116.747983946542
"AMD",2023-12-08,128.919998168945,128.05597887727
"AMD",2023-12-11,134.410003662109,128.566430442315
"AMD",2023-12-12,137.610000610352,133.667297178435
"AMD",2023-12-13,138.190002441406,136.580105323447
"AMD",2023-12-14,138,137.084424907362
"AMD",2023-12-15,139.149993896484,136.748608139335
"AMD",2023-12-18,138.899993896484,137.915159740866
"AMD",2023-12-19,140.149993896484,137.724180461192
"AMD",2023-12-20,135.470001220703,138.960100818067
"AMD",2023-12-21,139.910003662109,134.44727621
"AMD",2023-12-22,139.600006103516,138.722348380767
"AMD",2023-12-26,143.410003662109,138.455129972107
"AMD",2023-12-27,146.070007324219,142.172185425111
"AMD",2023-12-28,148.759994506836,144.789080807634
"AMD",2023-12-29,147.410003662109,147.450749318722
"AMD",2024-01-02,138.580001831055,146.183351470965
"AMD",2024-01-03,135.320007324219,137.69408803063
"AMD",2024-01-04,136.009994506836,134.566601053208
"AMD",2024-01-05,138.580001831055,135.281326427681
"AMD",2024-01-08,146.179992675781,137.831953685521
"AMD",2024-01-09,149.259994506836,145.300410873617
"AMD",2024-01-10,148.539993286133,148.353612024112
"AMD",2024-01-11,148.020004272461,147.761634347746
"AMD",2024-01-12,146.559997558594,147.253586696823
"AMD",2024-01-16,158.740005493164,145.886569898435
"AMD",2024-01-17,160.169998168945,157.833570521715
"AMD",2024-01-18,162.669998168945,159.313971901207
"AMD",2024-01-19,174.229995727539,161.731991778639
"AMD",2024-01-22,168.179992675781,172.862234487089
"AMD",2024-01-23,168.419998168945,166.871424839449
"AMD",2024-01-24,178.289993286133,167.175892917841
"AMD",2024-01-25,180.330001831055,176.857955691783
"AMD",2024-01-26,177.25,178.956921009829
"AMD",2024-01-29,177.830001831055,176.078329819399
"AMD",2024-01-30,172.059997558594,176.698204363308
"AMD",2024-01-31,167.690002441406,171.219190872827
"AMD",2024-02-01,170.479995727539,166.917488680877
"AMD",2024-02-02,177.660003662109,169.706111561472
"AMD",2024-02-05,174.229995727539,176.842065928104
"AMD",2024-02-06,167.880004882812,173.474369563756
"AMD",2024-02-07,170.940002441406,167.322861808123
"AMD",2024-02-08,169.350006103516,170.421199077354
"AMD",2024-02-09,172.479995727539,168.916840107008
"AMD",2024-02-12,171.910003662109,172.061885903468
"AMD",2024-02-13,171.539993286133,171.515561128274
"AMD",2024-02-14,178.699996948242,171.183714817045
"AMD",2024-02-15,176.759994506836,178.287337844471
"AMD",2024-02-16,173.869995117188,176.333835806365
"AMD",2024-02-20,165.690002441406,173.586418607082
"AMD",2024-02-21,164.289993286133,165.503725381907
"AMD",2024-02-22,181.860000610352,164.063416031128
"AMD",2024-02-23,176.520004272461,181.361563473391
"AMD",2024-02-26,176.009994506836,176.213410396184
"AMD",2024-02-27,178,175.6304446757
"AMD",2024-02-28,176.539993286133,177.539290181796
"AMD",2024-02-29,192.529998779297,176.174618430823
"AMD",2024-03-01,202.639999389648,191.909123373561
"AMD",2024-03-04,205.360000610352,201.621409983988
"AMD",2024-03-05,205.130004882812,204.480808197887
"AMD",2024-03-06,210.630004882812,204.392841209863
"AMD",2024-03-07,211.380004882812,209.911415376873
"AMD",2024-03-08,207.389999389648,210.700688165038
"AMD",2024-03-11,198.389999389648,206.912407849223
"AMD",2024-03-12,202.759994506836,198.07563050318
"AMD",2024-03-13,194.789993286133,202.786765130067
"AMD",2024-03-14,187.059997558594,195.118213286564
"AMD",2024-03-15,191.059997558594,187.556201540516
"AMD",2024-03-18,190.649993896484,191.451728071979
"AMD",2024-03-19,181.419998168945,191.075675054689
"AMD",2024-03-20,179.729995727539,182.014392281258
"AMD",2024-03-21,178.679992675781,180.235486010961
"AMD",2024-03-22,179.649993896484,179.007107038863
"AMD",2024-03-25,178.630004882813,179.977389329566
"AMD",2024-03-26,177.869995117188,178.853302163211
"AMD",2024-03-27,179.589996337891,178.10823539061
"AMD",2024-03-28,180.490005493164,179.691053115022
"AMD",2024-04-01,183.339996337891,180.611253828183
"AMD",2024-04-02,178.699996948242,183.374633521177
"AMD",2024-04-03,180.770004272461,178.828512752947
"AMD",2024-04-04,165.830001831055,180.735298079042
"AMD",2024-04-05,170.419998168945,166.131084078504
"AMD",2024-04-08,169.899993896484,170.711056683258
"AMD",2024-04-09,170.779998779297,170.220433969239
"AMD",2024-04-10,167.139999389648,171.066971148708
"AMD",2024-04-11,170.5,167.55358829223
"AMD",2024-04-12,163.279998779297,170.641934552173
"AMD",2024-04-15,160.320007324219,163.527246592478
"AMD",2024-04-16,163.460006713867,160.637887300841
"AMD",2024-04-17,154.020004272461,163.76702063418
"AMD",2024-04-18,155.080001831055,154.572389934758
"AMD",2024-04-19,146.639999389648,155.611635552661
"AMD",2024-04-22,148.639999389648,147.287302734388
"AMD",2024-04-23,152.270004272461,149.251431000294
"AMD",2024-04-24,151.740005493164,152.845793787548
"AMD",2024-04-25,153.759994506836,152.239511423835
"AMD",2024-04-26,157.399993896484,154.111862544618
"AMD",2024-04-29,160.199996948242,157.724747864929
"AMD",2024-04-30,158.380004882812,160.384178591513
"AMD",2024-05-01,144.270004272461,158.580482944679
"AMD",2024-05-02,146.160003662109,144.874554809399
"AMD",2024-05-03,150.600006103516,146.738474709738
"AMD",2024-05-06,155.779998779297,150.994753319165
"AMD",2024-05-07,154.429992675781,156.113512307182
"AMD",2024-05-08,153.619995117188,154.721535394808
"AMD",2024-05-09,152.389999389648,153.8804068206
"AMD",2024-05-10,151.919998168945,152.678991685508
"AMD",2024-05-13,150.559997558594,152.208937237868
"AMD",2024-05-14,153.160003662109,150.757055842597
"AMD",2024-05-15,159.669998168945,153.284309188139
"AMD",2024-05-16,162.619995117187,159.603371474438
"AMD",2024-05-17,164.470001220703,162.493214512349
"AMD",2024-05-20,166.330001831055,164.332540027232
"AMD",2024-05-21,164.660003662109,166.140616073781
"AMD",2024-05-22,165.520004272461,164.568033821265
"AMD",2024-05-23,160.429992675781,165.474841019522
"AMD",2024-05-24,166.360000610352,160.631747082749
"AMD",2024-05-28,171.610000610352,166.402371840457
"AMD",2024-05-29,165.139999389648,171.618871642584
"AMD",2024-05-30,166.75,165.276173633829
"AMD",2024-05-31,166.899993896484,166.692133130803
"AMD",2024-06-03,163.550003051758,166.901279219058
"AMD",2024-06-04,159.990005493164,163.668476371905
"AMD",2024-06-05,166.169998168945,160.186253395849
"AMD",2024-06-06,166.779998779297,166.19158847546
"AMD",2024-06-07,167.869995117188,166.865264896176
"AMD",2024-06-10,160.339996337891,167.902821550437
"AMD",2024-06-11,158.960006713867,160.490224527726
"AMD",2024-06-12,160.240005493164,158.886275966438
"AMD",2024-06-13,159.899993896484,160.239622147659
"AMD",2024-06-14,159.630004882812,159.529909798624
"AMD",2024-06-17,158.399993896484,159.214066636074
"AMD",2024-06-18,154.630004882813,157.809887655173
"AMD",2024-06-20,161.779998779297,154.219497425316
"AMD",2024-06-21,161.229995727539,161.392150979851
"AMD",2024-06-24,160.25,161.041072055487
"AMD",2024-06-25,160.25,160.033730307615
"AMD",2024-06-26,157.539993286133,160.171962544223
"AMD",2024-06-27,159.470001220703,157.425586957038
"AMD",2024-06-28,162.210006713867,159.416119414071
"AMD",2024-07-01,157.690002441406,162.092533012967
"AMD",2024-07-02,164.309997558594,157.603436244529
"AMD",2024-07-03,163.899993896484,164.031318135082
"AMD",2024-07-05,171.899993896484,163.560989376781
"AMD",2024-07-08,178.690002441406,171.487328965381
"AMD",2024-07-09,177.100006103516,178.080269368733
"AMD",2024-07-10,183.960006713867,176.469179921327
"AMD",2024-07-11,181.940002441406,183.193122261566
"AMD",2024-07-12,181.610000610352,181.221733667381
"AMD",2024-07-15,179.830001831055,180.884837419588
"AMD",2024-07-16,177.550003051758,179.069379189685
"AMD",2024-07-17,159.429992675781,176.864920327276
"AMD",2024-07-18,155.770004272461,159.301848814573
"AMD",2024-07-19,151.580001831055,155.708268439197
"AMD",2024-07-22,155.869995117187,151.600067923245
"AMD",2024-07-23,154,155.879416339507
"AMD",2024-07-24,144.630004882812,154.023669741202
"AMD",2024-07-25,138.320007324219,144.868406822193
"AMD",2024-07-26,139.990005493164,138.641828712766
"AMD",2024-07-29,139.75,140.288728625652
"AMD",2024-07-30,138.440002441406,140.06846399668
"AMD",2024-07-31,144.479995727539,138.786092607872
"AMD",2024-08-01,132.539993286133,144.486918346012
"AMD",2024-08-02,132.5,132.979354431443
"AMD",2024-08-05,134.820007324219,132.924249563341
"AMD",2024-08-06,130.179992675781,135.148060232734
"AMD",2024-08-07,128.669998168945,130.711391069081
"AMD",2024-08-08,136.320007324219,129.273549712785
"AMD",2024-08-09,134.270004272461,136.695580475559
"AMD",2024-08-12,136.770004272461,134.642720500862
"AMD",2024-08-13,141.130004882813,137.121699894988
"AMD",2024-08-14,140.75,141.363617814248
"AMD",2024-08-15,147.360000610352,140.954496250082
"AMD",2024-08-16,148.559997558594,147.289578339895
"AMD",2024-08-19,155.279998779297,148.447124359234
"AMD",2024-08-20,156.399993896484,155.082935907571
"AMD",2024-08-21,157.809997558594,156.196671132786
"AMD",2024-08-22,151.699996948242,157.589565820746
"AMD",2024-08-23,154.979995727539,151.563347007569
"AMD",2024-08-26,149.990005493164,154.802878680355
"AMD",2024-08-27,150.5,150.007363337983
"AMD",2024-08-28,146.360000610352,150.50223284401
"AMD",2024-08-29,145.490005493164,146.485730103772
"AMD",2024-08-30,148.559997558594,145.544416308109
"AMD",2024-09-03,136.940002441406,148.521361640424
"AMD",2024-09-04,140.869995117188,137.190744603322
"AMD",2024-09-05,139.440002441406,141.017255888988
"AMD",2024-09-06,134.350006103516,139.648716998623
"AMD",2024-09-09,138.149993896484,134.850555008163
"AMD",2024-09-10,142.839996337891,138.604927692596
"AMD",2024-09-11,149.860000610352,143.267333725405
"AMD",2024-09-12,150.770004272461,150.117589257844
"AMD",2024-09-13,152.309997558594,151.033258089954
"AMD",2024-09-16,152.080001831055,152.463261402453
"AMD",2024-09-17,150.820007324219,152.453620891238
"AMD",2024-09-18,148.289993286133,151.190245513457
"AMD",2024-09-19,156.740005493164,148.601466974754
"AMD",2024-09-20,155.949996948242,156.853987351687
"AMD",2024-09-23,156.75,155.920090004976
"AMD",2024-09-24,158.320007324219,156.620327027627
"AMD",2024-09-25,162.020004272461,158.162918802379
"AMD",2024-09-26,167.490005493164,161.818219381042
"AMD",2024-09-27,164.350006103516,166.943663313115
"AMD",2024-09-30,164.080001831055,163.893147629893
"AMD",2024-10-01,159.75,163.627568212351
"AMD",2024-10-02,159.779998779297,159.444743591518
"AMD",2024-10-03,162.850006103516,159.431112565259
"AMD",2024-10-04,170.899993896484,162.462574310991
"AMD",2024-10-07,170.970001220703,170.293085054185
"AMD",2024-10-08,172.800003051758,170.446546827577
"AMD",2024-10-09,171.020004272461,172.238006632114
"AMD",2024-10-10,164.179992675781,170.426801722751
"AMD",2024-10-11,167.889999389648,163.674954407031
"AMD",2024-10-14,165.270004272461,167.433129594973
"AMD",2024-10-15,156.639999389648,164.868782088178
"AMD",2024-10-16,156.130004882813,156.44387424745
"AMD",2024-10-17,156.25,155.925607058104
"AMD",2024-10-18,155.970001220703,156.05336766392
"AMD",2024-10-21,157.899993896484,155.783215027525
"AMD",2024-10-22,154.089996337891,157.756465297329
"AMD",2024-10-23,152.910003662109,154.123640624292
"AMD",2024-10-24,153.440002441406,153.104573750743
"AMD",2024-10-25,156.229995727539,153.653004750552
"AMD",2024-10-28,159.919998168945,156.407547758636
"AMD",2024-10-29,166.25,159.971968574888
"AMD",2024-10-30,148.600006103516,166.092901270494
"AMD",2024-10-31,144.070007324219,148.88689581431
"AMD",2024-11-01,141.860000610352,144.319754717684
"AMD",2024-11-04,140.710006713867,142.279221265637
"AMD",2024-11-05,141.660003662109,141.11958583877
"AMD",2024-11-06,145.100006103516,141.997541530359
"AMD",2024-11-07,149.820007324219,145.38764281222
"AMD",2024-11-08,147.949996948242,150.030404352641
"AMD",2024-11-11,147.350006103516,148.206307280301
"AMD",2024-11-12,143.630004882813,147.673717708441
"AMD",2024-11-13,139.300003051758,144.177347404061
"AMD",2024-11-14,138.839996337891,139.971117905702
"AMD",2024-11-15,134.899993896484,139.560842401943
"AMD",2024-11-18,138.929992675781,135.679505946625
"AMD",2024-11-19,139.389999389648,139.604584358386
"AMD",2024-11-20,137.600006103516,140.166742719091
"AMD",2024-11-21,137.490005493164,138.395372090064
"AMD",2024-11-22,138.350006103516,138.233702235444
"AMD",2024-11-25,141.130004882813,139.044212212458
"AMD",2024-11-26,137.720001220703,141.625362762239
"AMD",2024-11-27,136.240005493164,138.360776286849
"AMD",2024-11-29,137.179992675781,136.926012020287
"AMD",2024-12-02,142.059997558594,137.845103391534
"AMD",2024-12-03,141.979995727539,142.630616983152
"AMD",2024-12-04,143.990005493164,142.517585317764
"AMD",2024-12-05,141.360000610352,144.535894168822
"AMD",2024-12-06,138.589996337891,142.012586148681
"AMD",2024-12-09,130.869995117188,139.131278358185
"AMD",2024-12-10,127.739997863769,131.426526047949
"AMD",2024-12-11,130.149993896484,128.335320372202
"AMD",2024-12-12,130.600006103516,130.588364632444
"AMD",2024-12-13,126.910003662109,131.046469935463
"AMD",2024-12-16,126.690002441406,126.770325580307
"AMD",2024-12-17,125.019996643066,126.177916490784
"AMD",2024-12-18,121.410003662109,124.599665187197
"AMD",2024-12-19,118.879997253418,121.167094896446
"AMD",2024-12-20,119.209999084473,118.940053055313
"AMD",2024-12-23,124.599998474121,119.196224072538
"AMD",2024-12-24,126.290000915527,124.41391353779
"AMD",2024-12-26,125.059997558594,125.999764719664
"AMD",2024-12-27,125.190002441406,124.691159488481
"AMD",2024-12-30,122.440002441406,124.798227730992
"AMD",2024-12-31,120.790000915527,122.18652895676
"AMD",2025-01-02,120.629997253418,120.571107915936
"AMD",2025-01-03,125.370002746582,120.448809038197
"AMD",2025-01-06,129.550003051758,125.165485240674
"AMD",2025-01-07,127.330001831055,129.192847192681
"AMD",2025-01-08,121.839996337891,126.925895801214
"AMD",2025-01-10,116.040000915527,121.562967503148
"AMD",2025-01-13,117.319999694824,115.862302001019
"AMD",2025-01-14,116.089996337891,117.098610041222
"AMD",2025-01-15,119.959999084473,115.869123546354
"AMD",2025-01-16,118.440002441406,119.650340276169
"AMD",2025-01-17,121.459999084473,118.238638425903
"AMD",2025-01-21,122.279998779297,121.114649166799
"AMD",2025-01-22,123.75,122.027668555411
"AMD",2025-01-23,123.040000915527,123.685057661955
"AMD",2025-01-24,122.839996337891,123.055196758787
"AMD",2025-01-27,115.01000213623,122.75364737854
"AMD",2025-01-28,114.169998168945,115.081248187433
"AMD",2025-01-29,117.349998474121,114.38659020397
"AMD",2025-01-30,118.860000610352,117.41355609324
"AMD",2025-01-31,115.949996948242,118.663069675244
"AMD",2025-02-03,114.269996643066,115.735689899248
"AMD",2025-02-04,119.5,114.104881294847
"AMD",2025-02-05,112.01000213623,119.159344746957
"AMD",2025-02-06,110.160003662109,111.788006576046
"AMD",2025-02-07,107.559997558594,110.016697481733
"AMD",2025-02-10,110.480003356934,107.561184739934
"AMD",2025-02-11,111.099998474121,110.350431535425
"AMD",2025-02-12,111.720001220703,110.91227903854
"AMD",2025-02-13,111.809997558594,111.429917273231
"AMD",2025-02-14,113.099998474121,111.467761996902
"AMD",2025-02-18,114.279998779297,112.706866878303
"AMD",2025-02-19,114.690002441406,113.86178853957
"AMD",2025-02-20,114.169998168945,114.305671882352
"AMD",2025-02-21,110.839996337891,113.799506774904
"AMD",2025-02-24,108.110000610352,110.524648550012
"AMD",2025-02-25,103.959999084473,107.910614006397
"AMD",2025-02-26,104.73999786377,103.838354169046
"AMD",2025-02-27,99.5100021362304,104.578726102975
"AMD",2025-02-28,99.8600006103515,99.4673796522199
"AMD",2025-03-03,98.2300033569336,99.8029276460757
"AMD",2025-03-04,100.75,98.2026186116839
"AMD",2025-03-05,101.669998168945,100.699146833291
"AMD",2025-03-06,98.8499984741211,101.641679727502
"AMD",2025-03-07,100.309997558594,98.8948641408266
"AMD",2025-03-10,96.629997253418,100.111191304906
"AMD",2025-03-11,96.7600021362304,96.5747321134843
"AMD",2025-03-12,100.790000915527,96.6609662202211
"AMD",2025-03-13,98.1100006103516,100.66066781068
"AMD",2025-03-14,100.970001220703,98.0583802030932
"AMD",2025-03-17,104.589996337891,100.850148173021
"AMD",2025-03-18,103.51000213623,104.396093716909
"AMD",2025-03-19,106.230003356934,103.321548544238
"AMD",2025-03-20,107.139999389648,105.940065225385
"AMD",2025-03-21,106.440002441406,106.902554108493
"AMD",2025-03-24,113.849998474121,106.258198418128
"AMD",2025-03-25,114.809997558594,113.547339659383
"AMD",2025-03-26,110.190002441406,114.525262794133
"AMD",2025-03-27,106.650001525879,109.990101416168
"AMD",2025-03-28,103.220001220703,106.547700979221
"AMD",2025-03-31,102.73999786377,103.164934509847
"AMD",2025-04-01,102.779998779297,102.656224757433
"AMD",2025-04-02,102.959999084473,102.727491665727
"AMD",2025-04-03,93.8000030517578,102.879636858558
"AMD",2025-04-04,85.7600021362305,94.190539960594
"AMD",2025-04-07,83.6399993896485,86.350243280301
"AMD",2025-04-08,78.2099990844727,84.177394211488
"AMD",2025-04-09,96.8399963378907,78.8275050045732
"AMD",2025-04-10,88.6999969482422,97.0031653164059
"AMD",2025-04-11,93.4000015258789,89.1135669456139
"AMD",2025-04-14,94.5,93.6596277692603
"AMD",2025-04-15,95.2900009155273,94.722985358956
"AMD",2025-04-16,88.2900009155274,95.4946791862035
"AMD",2025-04-17,87.5,88.54804439034
"AMD",2025-04-21,85.5599975585938,87.7382685897
"AMD",2025-04-22,86.2600021362305,85.799201893854
"AMD",2025-04-23,90.3899993896485,86.4535831829146
"AMD",2025-04-24,94.4700012207032,90.4845566170104
"AMD",2025-04-25,96.6500015258789,94.4486400316761
"AMD",2025-04-28,96.3899993896485,96.5789808111591
"AMD",2025-04-29,96.0599975585937,96.3043867538069
"AMD",2025-04-30,97.3499984741211,96.026225207996
"AMD",2025-05-01,96.6500015258789,97.2767724726169
"AMD",2025-05-02,98.8000030517578,96.750331193671
"AMD",2025-05-05,100.589996337891,98.9520550635796
"AMD",2025-05-06,98.6200027465821,100.77573749671
"AMD",2025-05-07,100.360000610352,98.8002703094503
"AMD",2025-05-08,101.699996948242,100.500363535044
"AMD",2025-05-09,102.839996337891,101.781185912958
"AMD",2025-05-12,108.120002746582,102.880129944093
"AMD",2025-05-13,112.459999084473,107.92890453087
"AMD",2025-05-14,117.720001220703,112.113074996004
"AMD",2025-05-15,114.98999786377,117.360369242574
"AMD",2025-05-16,117.169998168945,114.665856194265
"AMD",2025-05-19,114.73999786377,116.833088357157
"AMD",2025-05-20,113.51000213623,114.470425882677
"AMD",2025-05-21,112.059997558594,113.271058412694
"AMD",2025-05-22,110.709999084473,111.867043530335
"AMD",2025-05-23,110.309997558594,110.593602376228
"AMD",2025-05-27,114.559997558594,110.235427202317
"AMD",2025-05-28,112.860000610352,114.398884121511
"AMD",2025-05-29,113.029998779297,112.676148876824
"AMD",2025-05-30,110.730003356934,112.857063770493
"AMD",2025-06-02,114.629997253418,110.594022848081
"AMD",2025-06-03,117.309997558594,114.341094658005
"AMD",2025-06-04,118.580001831055,116.889040540757
"AMD",2025-06-05,115.690002441406,118.10785701566
"AMD",2025-06-06,116.190002441406,115.307701934848
"AMD",2025-06-09,121.730003356934,115.91323748514
"AMD",2025-06-10,123.23999786377,121.410825915517
"AMD",2025-06-11,121.139999389648,122.868688204674
"AMD",2025-06-12,118.5,120.76103546192
"AMD",2025-06-13,116.160003662109,118.317124463541
"AMD",2025-06-16,126.389999389648,116.137029760902
"AMD",2025-06-17,127.099998474121,126.126430586216
"AMD",2025-06-18,126.790000915527,126.860012894583
"AMD",2025-06-20,128.240005493164,126.562722420261
"AMD",2025-06-23,129.580001831055,127.874132098906
"AMD",2025-06-24,138.429992675781,129.231060106335
"AMD",2025-06-25,143.399993896484,137.893105580556
"AMD",2025-06-26,143.679992675781,142.806588193213
"AMD",2025-06-27,143.809997558594,143.110785276975
"AMD",2025-06-30,141.899993896484,143.293667756801
"AMD",2025-07-01,136.110000610352,141.386151968003
"AMD",2025-07-02,138.520004272461,135.767745519458
"AMD",2025-07-03,137.910003662109,138.144235059191
"AMD",2025-07-07,134.800003051758,137.596321084447
"AMD",2025-07-08,137.820007324219,134.580049620028
"AMD",2025-07-09,138.410003662109,137.542164263742
"AMD",2025-07-10,144.160003662109,138.168734502974
"AMD",2025-07-11,146.419998168945,143.802504064178
"AMD",2025-07-14,146.240005493164,146.042741447202
"AMD",2025-07-15,155.610000610352,145.942128699679
"AMD",2025-07-16,160.080001831055,155.19033702336
"AMD",2025-07-17,160.410003662109,159.65721815596
"AMD",2025-07-18,156.990005493164,160.107919825576
"AMD",2025-07-21,157,156.72702922664
"AMD",2025-07-22,154.720001220703,156.673441705887
"AMD",2025-07-23,158.649993896484,154.476604228674
"AMD",2025-07-24,162.119995117188,158.365431349671
"AMD",2025-07-25,166.470001220703,161.77747442903
"AMD",2025-07-28,173.660003662109,166.091555551725
"AMD",2025-07-29,177.440002441406,173.115299612232
"AMD",2025-07-30,179.509994506836,176.818796462272
"AMD",2025-07-31,176.309997558594,178.842847533641
"AMD",2025-08-01,171.699996948242,176.094352597786
"AMD",2025-08-04,176.779998779297,171.605901111084
"AMD",2025-08-05,174.309997558594,176.644704195002
"AMD",2025-08-06,163.119995117187,174.197577166821
"AMD",2025-08-07,172.399993896484,162.984625967283
"AMD",2025-08-08,172.759994506836,171.936656834047
"AMD",2025-08-11,172.279998779297,172.099108104021
"AMD",2025-08-12,174.949996948242,171.636183328221
"AMD",2025-08-13,184.419998168945,174.164966858402
"AMD",2025-08-14,180.949996948242,183.326374569273
"AMD",2025-08-15,177.509994506836,179.953271135047
"AMD",2025-08-18,176.139999389648,176.723401686972
"AMD",2025-08-19,166.550003051758,175.395690784544
"AMD",2025-08-20,165.199996948242,165.95711623279
"AMD",2025-08-21,163.710006713867,164.765884417242
"AMD",2025-08-22,167.759994506836,163.342846839079
"AMD",2025-08-25,163.360000610352,167.307109209345
"AMD",2025-08-26,166.619995117187,163.041753897499
"AMD",2025-08-27,167.130004882813,166.193399909882
"AMD",2025-08-28,168.580001831055,166.698517757192
"AMD",2025-08-29,162.630004882813,167.987423819508
"AMD",2025-09-02,162.320007324219,162.164771310307
"AMD",2025-09-03,162.130004882812,161.846101112018
"AMD",2025-09-04,161.789993286133,161.523566847699
"AMD",2025-09-05,151.139999389648,161.120939002011
"AMD",2025-09-08,151.410003662109,150.315936199091
"AMD",2025-09-09,155.820007324219,150.58318053256
"AMD",2025-09-10,159.539993286133,155.031246577411
"AMD",2025-09-11,155.669998168945,158.892535790903
"AMD",2025-09-12,158.570007324219,154.985949910278
"AMD",2025-09-15,161.160003662109,157.723198351504
"AMD",2025-09-16,160.460006713867,160.27473067832
"AMD",2025-09-17,159.160003662109,159.565979304222
"AMD",2025-09-18,157.919998168945,158.362835201871
"AMD",2025-09-19,157.389999389648,157.147262983599
"AMD",2025-09-22,159.789993286133,156.706423395489
"AMD",2025-09-23,160.899993896484,159.120272312712
"AMD",2025-09-24,160.880004882812,160.117281158315
"AMD",2025-09-25,161.270004272461,160.127805323712
"AMD",2025-09-26,159.460006713867,160.43354067219
"AMD",2025-09-29,161.360000610352,158.682932883931
"AMD",2025-09-30,161.789993286133,160.606083206262
"AMD",2025-10-01,164.009994506836,161.054946881619
"AMD",2025-10-02,169.729995727539,163.14328464211
"AMD",2025-10-03,164.669998168945,168.627780284194
"AMD",2025-10-06,203.710006713867,163.652040067349
"AMD",2025-10-07,211.509994506836,201.831641587645
"AMD",2025-10-08,235.559997558594,209.334108885561
"AMD",2025-10-09,232.889999389648,232.54371714298
"AMD",2025-10-10,214.899993896484,230.118682725555
"AMD",2025-10-13,216.419998168945,212.849730557481
"AMD",2025-10-14,218.089996337891,214.044409120095
"AMD",2025-10-15,238.600006103516,215.707712063987
"AMD",2025-10-16,234.559997558594,235.498132627814
"AMD",2025-10-17,233.080001831055,231.510788121338
"AMD",2025-10-20,240.559997558594,229.958820246804
"AMD",2025-10-21,238.029998779297,236.95352672192
"AMD",2025-10-22,230.229995727539,234.609456841916
"AMD",2025-10-23,234.990005493164,227.18079938395
"AMD",2025-10-24,252.919998168945,231.71521828924
"AMD",2025-10-27,259.670013427734,248.865063680201
"AMD",2025-10-28,258.010009765625,255.324578629207
"AMD",2025-10-29,264.329986572266,253.802469685472
"AMD",2025-10-30,254.839996337891,259.725822354846
"AMD",2025-10-31,256.119995117188,250.362095280344
"AMD",2025-11-03,259.649993896484,251.666389988811
"AMD",2025-11-04,250.050003051758,255.143220663661
"AMD",2025-11-05,256.329986572266,245.956415579513
"AMD",2025-11-06,237.699996948242,251.642537437856
"AMD",2025-11-07,233.539993286133,233.4942277342
"AMD",2025-11-10,243.979995727539,229.561468948485
"AMD",2025-11-11,237.520004272461,239.667218028189
"AMD",2025-11-12,258.890014648438,233.474032230774
"AMD",2025-11-13,247.960006713867,254.010114206339
"AMD",2025-11-14,246.809997558594,243.520181127988
"AMD",2025-11-17,240.520004272461,242.506103084755
"AMD",2025-11-18,230.289993286133,236.483527274734
"AMD",2025-11-19,223.550003051758,226.570459237416
"AMD",2025-11-20,206.020004272461,219.965658272156
"AMD",2025-11-21,203.779998779297,203.11113863409
"AMD",2025-11-24,215.050003051758,200.744496406009
"AMD",2025-11-25,206.130004882813,211.116795299452
"AMD",2025-11-26,214.240005493164,202.402439998393
"AMD",2025-11-28,217.529998779297,210.249405092653
"AMD",2025-12-01,219.759994506836,213.329114598855
"AMD",2025-12-02,215.240005493164,215.557621451394
"AMD",2025-12-03,217.600006103516,211.324437612588
"AMD",2025-12-04,215.979995727539,213.63454716216
"AMD",2025-12-05,217.970001220703,212.316248080137
"AMD",2025-12-08,221.110000610352,214.138819835942
"AMD",2025-12-09,221.619995117187,217.174230275753
"AMD",2025-12-10,221.419998168945,217.620165404816
"AMD",2025-12-11,221.429992675781,217.166544351345
"AMD",2025-12-12,210.779998779297,217.12852403135
"AMD",2025-12-15,207.580001831055,207.295303025052
"AMD",2025-12-16,209.169998168945,204.468355106458
"AMD",2025-12-17,198.110000610352,206.084880455169
"AMD",2025-12-18,201.059997558594,195.455443053505
"AMD",2025-12-19,213.429992675781,198.23335153339
"AMD",2025-12-22,214.949996948242,210.122686092922
"AMD",2025-12-23,214.899993896484,211.630678140398
"AMD",2025-12-24,215.039993286133,211.536677092424
"AMD",2025-12-26,214.990005493164,211.598572291218
"AMD",2025-12-29,215.610000610352,211.578048042108
"AMD",2025-12-30,215.339996337891,212.074790727213
"AMD",2025-12-31,214.160003662109,211.829246078947
"TSM",2023-10-31,86.3099975585938,85.9547684088426
"TSM",2023-11-01,87.8000030517578,86.2126457906378
"TSM",2023-11-02,90.4800033569336,87.7084306364752
"TSM",2023-11-03,91.7900009155274,90.3467014485485
"TSM",2023-11-06,92.5999984741211,91.6439910412773
"TSM",2023-11-07,92.4100036621094,92.453044386236
"TSM",2023-11-08,92,92.2524366109702
"TSM",2023-11-09,91.620002746582,91.8535138658382
"TSM",2023-11-10,97.4400024414062,91.4743826726194
"TSM",2023-11-13,96.4199981689453,97.1931751668174
"TSM",2023-11-14,98.9100036621093,96.2026222369941
"TSM",2023-11-15,98.8000030517578,98.650199486969
"TSM",2023-11-16,98.5400009155274,98.5236269090038
"TSM",2023-11-17,99.5800018310547,98.295500381791
"TSM",2023-11-20,99.9599990844726,99.3108040249899
"TSM",2023-11-21,98.4100036621094,99.6781351148587
"TSM",2023-11-22,98.6500015258789,98.1608967400587
"TSM",2023-11-24,97.8300018310547,98.4118901531403
"TSM",2023-11-27,97.2099990844726,97.5934019846618
"TSM",2023-11-28,97.9800033569336,97.0151532918339
"TSM",2023-11-29,98.8799972534179,97.7819097247278
"TSM",2023-11-30,97.3099975585938,98.6862446405111
"TSM",2023-12-01,98.5500030517578,97.1432805156907
"TSM",2023-12-04,97.0100021362305,98.3758430633441
"TSM",2023-12-05,96.6900024414063,96.8498221489131
"TSM",2023-12-06,97.8499984741211,96.5480429015472
"TSM",2023-12-07,99.2900009155274,97.6886647674273
"TSM",2023-12-08,100.349998474121,99.1326385937868
"TSM",2023-12-11,100.949996948242,100.162154548571
"TSM",2023-12-12,101.599998474121,100.674094422326
"TSM",2023-12-13,102.120002746582,101.20672166024
"TSM",2023-12-14,103.449996948242,101.716642640216
"TSM",2023-12-15,102.540000915527,102.994791310572
"TSM",2023-12-18,102.930000305176,102.100201363681
"TSM",2023-12-19,103.870002746582,102.481455164515
"TSM",2023-12-20,100.040000915527,103.422976966786
"TSM",2023-12-21,102.550003051758,99.6573463113251
"TSM",2023-12-22,103.150001525879,102.117018814274
"TSM",2023-12-26,104.449996948242,102.710940609899
"TSM",2023-12-27,104.650001525879,103.994402380121
"TSM",2023-12-28,104.699996948242,104.206773344256
"TSM",2023-12-29,104,104.272364244721
"TSM",2024-01-02,101.529998779297,103.583610918297
"TSM",2024-01-03,100.169998168945,101.151631589888
"TSM",2024-01-04,99.129997253418,99.8169120870144
"TSM",2024-01-05,99.6100006103516,98.803869859321
"TSM",2024-01-08,102.23999786377,99.2870187503877
"TSM",2024-01-09,101.889999389648,101.895139033028
"TSM",2024-01-10,100.800003051758,101.553035056002
"TSM",2024-01-11,101.220001220703,100.485069808859
"TSM",2024-01-12,101.23999786377,100.882118840319
"TSM",2024-01-16,101.669998168945,100.903043473118
"TSM",2024-01-17,102.949996948242,101.344394972986
"TSM",2024-01-18,113.029998779297,102.624251081529
"TSM",2024-01-19,114.199996948242,112.548749176384
"TSM",2024-01-22,113.029998779297,113.670215528237
"TSM",2024-01-23,114.129997253418,112.499288734806
"TSM",2024-01-24,116.519996643066,113.599023176958
"TSM",2024-01-25,116.559997558594,115.97028437949
"TSM",2024-01-26,117.260002136231,116.040633712906
"TSM",2024-01-29,116.980003356934,116.751645786984
"TSM",2024-01-30,116.059997558594,116.460720637892
"TSM",2024-01-31,112.959999084473,115.566427038269
"TSM",2024-02-01,113.389999389648,112.517315721621
"TSM",2024-02-02,115.75,112.958956547276
"TSM",2024-02-05,118.790000915527,115.288194860871
"TSM",2024-02-06,119.379997253418,118.282989732989
"TSM",2024-02-07,124.980003356934,118.875407639949
"TSM",2024-02-08,133.729995727539,124.385315860037
"TSM",2024-02-09,133.110000610352,132.984518807574
"TSM",2024-02-12,130.460006713867,132.386512711119
"TSM",2024-02-13,127.550003051758,129.801162233015
"TSM",2024-02-14,129.270004272461,126.963376110906
"TSM",2024-02-15,129.029998779297,128.679593660527
"TSM",2024-02-16,126.690002441406,128.429094804706
"TSM",2024-02-20,125.330001831055,126.140987090357
"TSM",2024-02-21,125.339996337891,124.768152943939
"TSM",2024-02-22,129.070007324219,124.765598371714
"TSM",2024-02-23,129.529998779297,128.446035051898
"TSM",2024-02-26,130.639999389648,128.905596897194
"TSM",2024-02-27,128.589996337891,129.96979261993
"TSM",2024-02-28,127.379997253418,127.966364170532
"TSM",2024-02-29,128.669998168945,126.787211784991
"TSM",2024-03-01,133.899993896484,128.086989364837
"TSM",2024-03-04,138.259994506836,133.173847285656
"TSM",2024-03-05,134.970001220703,137.481918648853
"TSM",2024-03-06,141.570007324219,134.297845099919
"TSM",2024-03-07,149.199996948242,140.823771269036
"TSM",2024-03-08,146.369995117188,148.292919481909
"TSM",2024-03-11,139.020004272461,145.589634118202
"TSM",2024-03-12,144.399993896484,138.372514344784
"TSM",2024-03-13,142.139999389648,143.785266365953
"TSM",2024-03-14,139.619995117188,141.577602816269
"TSM",2024-03-15,136.979995727539,139.069811300558
"TSM",2024-03-18,136.639999389648,136.508341725623
"TSM",2024-03-19,134.869995117187,136.189073157925
"TSM",2024-03-20,136.75,134.433566865334
"TSM",2024-03-21,139.449996948242,136.240538046909
"TSM",2024-03-22,140.539993286133,138.765552703986
"TSM",2024-03-25,140.229995727539,139.842335567382
"TSM",2024-03-26,138.839996337891,139.510542504064
"TSM",2024-03-27,136.690002441406,138.154426189489
"TSM",2024-03-28,136.050003051758,136.046281432556
"TSM",2024-04-01,141.490005493164,135.419865061947
"TSM",2024-04-02,140.220001220703,140.73657223873
"TSM",2024-04-03,142,139.483271362513
"TSM",2024-04-04,139.660003662109,141.214011508022
"TSM",2024-04-05,141.360000610352,138.908647089699
"TSM",2024-04-08,142.789993286133,140.579969223614
"TSM",2024-04-09,145.399993896484,141.985058462437
"TSM",2024-04-10,146.220001220703,144.548947553284
"TSM",2024-04-11,147.199996948242,145.357637261648
"TSM",2024-04-12,142.520004272461,146.277873485338
"TSM",2024-04-15,140.139999389648,141.695129232918
"TSM",2024-04-16,139.800003051758,139.37184665827
"TSM",2024-04-17,139.029998779297,139.032512009625
"TSM",2024-04-18,132.270004272461,138.292666149859
"TSM",2024-04-19,127.699996948242,131.665757509498
"TSM",2024-04-22,129.75,127.175356368982
"TSM",2024-04-23,133.429992675781,129.178943991774
"TSM",2024-04-24,132.970001220703,132.786428753259
"TSM",2024-04-25,136.580001831055,132.317708376447
"TSM",2024-04-26,138.300003051758,135.854435621289
"TSM",2024-04-29,138.5,137.522922639283
"TSM",2024-04-30,137.339996337891,137.737846449191
"TSM",2024-05-01,134.940002441406,136.618600609259
"TSM",2024-05-02,136.229995727539,134.274653461201
"TSM",2024-05-03,141.559997558594,135.56058818025
"TSM",2024-05-06,142.830001831055,140.791586414981
"TSM",2024-05-07,141.110000610352,142.02637192259
"TSM",2024-05-08,143.600006103516,140.335265977776
"TSM",2024-05-09,142.789993286133,142.753676130259
"TSM",2024-05-10,149.259994506836,141.969175138061
"TSM",2024-05-13,146.410003662109,148.293860806848
"TSM",2024-05-14,151.949996948242,145.480834034916
"TSM",2024-05-15,155.580001831055,150.922389284772
"TSM",2024-05-16,152.229995727539,154.458712333082
"TSM",2024-05-17,151.679992675781,151.211842168341
"TSM",2024-05-20,153.550003051758,150.714280797472
"TSM",2024-05-21,153.669998168945,152.544885229367
"TSM",2024-05-22,156.149993896484,152.68664734929
"TSM",2024-05-23,157.089996337891,155.142673403743
"TSM",2024-05-24,160,156.079377892773
"TSM",2024-05-28,159.410003662109,158.939807750769
"TSM",2024-05-29,154.339996337891,158.401203764592
"TSM",2024-05-30,152.960006713867,153.424961205644
"TSM",2024-05-31,151.039993286133,152.075692294509
"TSM",2024-06-03,154.949996948242,150.235072771078
"TSM",2024-06-04,152.470001220703,154.109906038878
"TSM",2024-06-05,162.919998168945,151.662385100273
"TSM",2024-06-06,162.070007324219,161.883449266287
"TSM",2024-06-07,164.389999389648,161.0823073031
"TSM",2024-06-10,168.160003662109,163.387160749997
"TSM",2024-06-11,165.710006713867,167.005071254486
"TSM",2024-06-12,172.979995727539,164.576773962302
"TSM",2024-06-13,172.910003662109,171.81107413262
"TSM",2024-06-14,172.509994506836,171.542475613322
"TSM",2024-06-17,177.240005493164,171.094362681426
"TSM",2024-06-18,179.690002441406,175.643836164942
"TSM",2024-06-20,175.380004882812,178.085536897036
"TSM",2024-06-21,173.960006713867,173.959906279548
"TSM",2024-06-24,167.809997558594,172.637538009185
"TSM",2024-06-25,172.600006103516,166.633854624267
"TSM",2024-06-26,172.070007324219,171.368928194798
"TSM",2024-06-27,171.630004882812,170.823779280433
"TSM",2024-06-28,173.809997558594,170.453028069904
"TSM",2024-07-01,172.330001831055,172.601442310253
"TSM",2024-07-02,175.699996948242,171.11334342965
"TSM",2024-07-03,182.490005493164,174.433633360043
"TSM",2024-07-05,183.990005493164,181.044439026531
"TSM",2024-07-08,186.630004882813,182.599206834388
"TSM",2024-07-09,184.520004272461,185.194052615372
"TSM",2024-07-10,191.050003051758,183.118607518384
"TSM",2024-07-11,184.5,189.552519598227
"TSM",2024-07-12,187.350006103516,183.171539133697
"TSM",2024-07-15,185.220001220703,185.99528809615
"TSM",2024-07-16,186.039993286133,183.885413629733
"TSM",2024-07-17,171.199996948242,184.72004479747
"TSM",2024-07-18,171.869995117187,170.192270550987
"TSM",2024-07-19,165.770004272461,170.793579283769
"TSM",2024-07-22,169.350006103516,164.819531359826
"TSM",2024-07-23,169.820007324219,168.33718244167
"TSM",2024-07-24,159.800003051758,168.786878637054
"TSM",2024-07-25,160.279998779297,158.988102099751
"TSM",2024-07-26,161.940002441406,159.464006308991
"TSM",2024-07-29,160.009994506836,161.074643590876
"TSM",2024-07-30,154.539993286133,159.18221176169
"TSM",2024-07-31,165.800003051758,153.842288970728
"TSM",2024-08-01,158.179992675781,164.808122110513
"TSM",2024-08-02,149.860000610352,157.398004061777
"TSM",2024-08-05,147.949996948242,149.240003439704
"TSM",2024-08-06,155.389999389648,147.330090462122
"TSM",2024-08-07,155.039993286133,154.632819335984
"TSM",2024-08-08,164.550003051758,154.342113482488
"TSM",2024-08-09,167.119995117188,163.641702870524
"TSM",2024-08-12,167.630004882813,166.14700872367
"TSM",2024-08-13,172.339996337891,166.662979486628
"TSM",2024-08-14,169.970001220703,171.245723932258
"TSM",2024-08-15,173.960006713867,168.895767498346
"TSM",2024-08-16,174.539993286133,172.748688217517
"TSM",2024-08-19,175.449996948242,173.338747670075
"TSM",2024-08-20,172.039993286133,174.253674831489
"TSM",2024-08-21,171.440002441406,170.9264768816
"TSM",2024-08-22,166.440002441406,170.35623417482
"TSM",2024-08-23,171.279998779297,165.447366472272
"TSM",2024-08-26,169.070007324219,170.212668583693
"TSM",2024-08-27,170.550003051758,168.105161975708
"TSM",2024-08-28,169.199996948242,169.556088575932
"TSM",2024-08-29,169.149993896484,168.250973858436
"TSM",2024-08-30,171.699996948242,168.199161781498
"TSM",2024-09-03,160.490005493164,170.672482726376
"TSM",2024-09-04,160.869995117188,159.693077212364
"TSM",2024-09-05,163.699996948242,160.067042823751
"TSM",2024-09-06,156.820007324219,162.881793694566
"TSM",2024-09-09,162.779998779297,156.258438997569
"TSM",2024-09-10,162.429992675781,162.100238839357
"TSM",2024-09-11,170.229995727539,161.783165265475
"TSM",2024-09-12,171.429992675781,169.394934122581
"TSM",2024-09-13,172.5,170.560280751936
"TSM",2024-09-16,169.080001831055,171.564632718602
"TSM",2024-09-17,167.350006103516,168.289572618994
"TSM",2024-09-18,167.279998779297,166.562903486564
"TSM",2024-09-19,176.220001220703,166.481647088923
"TSM",2024-09-20,174.080001831055,175.281841778309
"TSM",2024-09-23,174.759994506836,173.123697635544
"TSM",2024-09-24,181.970001220703,173.750994754474
"TSM",2024-09-25,182.350006103516,180.850747597619
"TSM",2024-09-26,186.830001831055,181.232537467151
"TSM",2024-09-27,177.970001220703,185.581498688911
"TSM",2024-09-30,173.669998168945,176.924685863113
"TSM",2024-10-01,172.070007324219,172.725232247541
"TSM",2024-10-02,175.800003051758,171.174189232829
"TSM",2024-10-03,179.479995727539,174.831954771426
"TSM",2024-10-04,181.160003662109,178.454364646024
"TSM",2024-10-07,184.509994506836,180.124690941339
"TSM",2024-10-08,186.050003051758,183.445457285147
"TSM",2024-10-09,187.139999389648,184.959043614308
"TSM",2024-10-10,185.779998779297,186.005391566844
"TSM",2024-10-11,190.809997558594,184.618373476392
"TSM",2024-10-14,192.210006713867,189.625473187754
"TSM",2024-10-15,187.130004882812,190.997834891573
"TSM",2024-10-16,187.479995727539,186.032378823671
"TSM",2024-10-17,205.839996337891,186.364744126456
"TSM",2024-10-18,200.779998779297,204.373006083452
"TSM",2024-10-21,201.949996948242,199.42833943912
"TSM",2024-10-22,198.479995727539,200.617380974061
"TSM",2024-10-23,200.860000610352,197.207976985589
"TSM",2024-10-24,197.929992675781,199.602906962534
"TSM",2024-10-25,203.440002441406,196.753660546721
"TSM",2024-10-28,194.679992675781,202.16467208048
"TSM",2024-10-29,196.940002441406,193.579793591213
"TSM",2024-10-30,194.479995727539,195.748829354675
"TSM",2024-10-31,190.539993286133,193.307307913522
"TSM",2024-11-01,192.949996948242,189.471803338436
"TSM",2024-11-04,191.559997558594,191.862716212908
"TSM",2024-11-05,195.759994506836,190.485465607936
"TSM",2024-11-06,193.220001220703,194.569489182538
"TSM",2024-11-07,201.190002441406,192.060759208126
"TSM",2024-11-08,201.199996948242,199.914799660106
"TSM",2024-11-11,194.050003051758,199.946230268915
"TSM",2024-11-12,191.770004272461,192.972104986961
"TSM",2024-11-13,186.660003662109,190.772790231343
"TSM",2024-11-14,188.5,185.766007848941
"TSM",2024-11-15,186.009994506836,187.602180491377
"TSM",2024-11-18,187.479995727539,185.18237057404
"TSM",2024-11-19,189.669998168945,186.640926567437
"TSM",2024-11-20,188.360000610352,188.839456176425
"TSM",2024-11-21,191.240005493164,187.570118171721
"TSM",2024-11-22,190.080001831055,190.390017616585
"TSM",2024-11-25,185.080001831055,189.229323193881
"TSM",2024-11-26,183.839996337891,184.256655366801
"TSM",2024-11-27,181.190002441406,183.041496665037
"TSM",2024-11-29,184.660003662109,180.453596259195
"TSM",2024-12-02,194.399993896484,183.873416892828
"TSM",2024-12-03,198.889999389648,193.413790439395
"TSM",2024-12-04,200.690002441406,197.828189250406
"TSM",2024-12-05,204.300003051758,199.606463223016
"TSM",2024-12-06,203.020004272461,203.147906704345
"TSM",2024-12-09,199.169998168945,201.790534422206
"TSM",2024-12-10,191.940002441406,197.945201877083
"TSM",2024-12-11,194.600006103516,190.836314870014
"TSM",2024-12-12,191.460006713867,193.329624781966
"TSM",2024-12-13,200.990005493164,190.268155203738
"TSM",2024-12-16,202.220001220703,199.129347466437
"TSM",2024-12-17,200.660003662109,200.065180824053
"TSM",2024-12-18,195.559997558594,198.596995294858
"TSM",2024-12-19,194.639999389648,193.726221068876
"TSM",2024-12-20,197.210006713867,192.986433784259
"TSM",2024-12-23,207.360000610352,195.494800933673
"TSM",2024-12-24,206.330001831055,205.396714779266
"TSM",2024-12-26,203.059997558594,204.355878129696
"TSM",2024-12-27,201.630004882813,201.099070872982
"TSM",2024-12-30,200.389999389648,199.717746363116
"TSM",2024-12-31,197.490005493164,198.554174851586
"TSM",2025-01-02,201.580001831055,195.730642271529
"TSM",2025-01-03,208.610000610352,199.724591291567
"TSM",2025-01-06,220.009994506836,206.641917302536
"TSM",2025-01-07,211.419998168945,217.756431258337
"TSM",2025-01-08,207.119995117188,209.332143197703
"TSM",2025-01-10,208.369995117187,205.102885438811
"TSM",2025-01-13,201.360000610352,206.265787949094
"TSM",2025-01-14,201.449996948242,199.406475267158
"TSM",2025-01-15,206.800003051758,199.495748930252
"TSM",2025-01-16,214.789993286133,204.72475170402
"TSM",2025-01-17,211.5,212.528494568488
"TSM",2025-01-21,218.699996948242,209.257426825632
"TSM",2025-01-22,223.199996948242,216.361433781065
"TSM",2025-01-23,224.619995117187,220.86853644346
"TSM",2025-01-24,221.880004882812,222.310289815978
"TSM",2025-01-27,192.309997558594,219.563951185096
"TSM",2025-01-28,202.399993896484,190.751209856779
"TSM",2025-01-29,202.330001831055,200.69213308824
"TSM",2025-01-30,208.149993896484,200.622102356075
"TSM",2025-01-31,209.320007324219,206.318681041527
"TSM",2025-02-03,199.800003051758,207.385006404027
"TSM",2025-02-04,204.050003051758,198.050297040889
"TSM",2025-02-05,208.570007324219,202.207719808697
"TSM",2025-02-06,210.5,206.533094524056
"TSM",2025-02-07,206.119995117187,208.430524204667
"TSM",2025-02-10,207.949996948242,204.212876148748
"TSM",2025-02-11,208.740005493164,205.950955151957
"TSM",2025-02-12,206.380004882812,206.736254065425
"TSM",2025-02-13,201.830001831055,204.399680189277
"TSM",2025-02-14,203.899993896484,199.947632631908
"TSM",2025-02-18,202.740005493164,202.004483937065
"TSM",2025-02-19,200.949996948242,200.910822796277
"TSM",2025-02-20,200.100006103516,199.170197176334
"TSM",2025-02-21,198.240005493164,198.318648132131
"TSM",2025-02-24,191.649993896484,196.500938336513
"TSM",2025-02-25,189.369995117188,190.135747902896
"TSM",2025-02-26,194.619995117188,187.919277103895
"TSM",2025-02-27,181.089996337891,192.985062978252
"TSM",2025-02-28,180.529998779297,179.753194650559
"TSM",2025-03-03,172.970001220703,179.196604952444
"TSM",2025-03-04,180,171.821223780712
"TSM",2025-03-05,184.279998779297,178.712410344552
"TSM",2025-03-06,175.850006103516,182.880353778604
"TSM",2025-03-07,177.100006103516,174.629607784403
"TSM",2025-03-10,170.649993896484,175.730592024799
"TSM",2025-03-11,170.970001220703,169.431924631727
"TSM",2025-03-12,177.169998168945,169.641844128852
"TSM",2025-03-13,171.589996337891,175.735807958767
"TSM",2025-03-14,174.089996337891,170.235958153119
"TSM",2025-03-17,176.240005493164,172.657664752124
"TSM",2025-03-18,173.130004882813,174.806718987995
"TSM",2025-03-19,173.759994506836,171.760284505143
"TSM",2025-03-20,177.470001220703,172.34647790243
"TSM",2025-03-21,176.729995727539,176.034902894591
"TSM",2025-03-24,181.160003662109,175.323293315127
"TSM",2025-03-25,180.899993896484,179.734216866455
"TSM",2025-03-26,173.5,179.517432386163
"TSM",2025-03-27,168.240005493164,172.254299211943
"TSM",2025-03-28,165.25,167.118798076253
"TSM",2025-03-31,166,164.163619395263
"TSM",2025-04-01,168.639999389648,164.916268872941
"TSM",2025-04-02,170.389999389648,167.502607475647
"TSM",2025-04-03,157.380004882813,169.211547608353
"TSM",2025-04-04,146.800003051758,156.522019435902
"TSM",2025-04-07,146.169998168945,146.097556517492
"TSM",2025-04-08,141.369995117188,145.352739879147
"TSM",2025-04-09,158.75,140.556811742932
"TSM",2025-04-10,151.130004882812,157.567901139701
"TSM",2025-04-11,157.080001831055,150.122510554097
"TSM",2025-04-14,155.839996337891,155.914559853643
"TSM",2025-04-15,157.330001831055,154.738473066276
"TSM",2025-04-16,151.669998168945,156.197708173341
"TSM",2025-04-17,151.740005493164,150.589426985682
"TSM",2025-04-21,147.860000610352,150.670722471055
"TSM",2025-04-22,151.399993896484,146.841595789489
"TSM",2025-04-23,157.809997558594,150.302010865952
"TSM",2025-04-24,164.179992675781,156.573062005342
"TSM",2025-04-25,165.100006103516,162.765507234483
"TSM",2025-04-28,163.399993896484,163.646244201095
"TSM",2025-04-29,164.479995727539,161.98577320023
"TSM",2025-04-30,166.690002441406,163.067026164916
"TSM",2025-05-01,172.720001220703,165.228797318
"TSM",2025-05-02,179.279998779297,171.10718481708
"TSM",2025-05-05,176.399993896484,177.509257776897
"TSM",2025-05-06,172.279998779297,174.711193450733
"TSM",2025-05-07,174.539993286133,170.660894204067
"TSM",2025-05-08,175.220001220703,172.860722418879
"TSM",2025-05-09,176.520004272461,173.502609523589
"TSM",2025-05-12,186.979995727539,174.780574748208
"TSM",2025-05-13,193.990005493164,184.987655228374
"TSM",2025-05-14,194.759994506836,191.827635842783
"TSM",2025-05-15,194.220001220703,192.650833498918
"TSM",2025-05-16,194.220001220703,192.08553933582
"TSM",2025-05-19,193.5,192.138627752664
"TSM",2025-05-20,193.449996948242,191.399156860601
"TSM",2025-05-21,191.759994506836,191.348612801371
"TSM",2025-05-22,196.190002441406,189.693345110158
"TSM",2025-05-23,191.979995727539,194.03186491783
"TSM",2025-05-27,197.679992675781,189.920917272682
"TSM",2025-05-28,196.139999389648,195.512386855176
"TSM",2025-05-29,197.149993896484,193.987454824473
"TSM",2025-05-30,193.320007324219,194.966172392736
"TSM",2025-06-02,194.839996337891,191.226944666936
"TSM",2025-06-03,197.610000610352,192.681178871693
"TSM",2025-06-04,202.399993896484,195.356935015399
"TSM",2025-06-05,203.339996337891,200.014040942657
"TSM",2025-06-06,205.179992675781,200.92656615768
"TSM",2025-06-09,207,202.861420130424
"TSM",2025-06-10,212.460006713867,204.713841609981
"TSM",2025-06-11,214.100006103516,210.065985545865
"TSM",2025-06-12,215.429992675781,211.564836218671
"TSM",2025-06-13,211.100006103516,212.986570717177
"TSM",2025-06-16,215.679992675781,208.887436410237
"TSM",2025-06-17,213.899993896484,213.374883557211
"TSM",2025-06-18,213.5,211.643717020301
"TSM",2025-06-20,209.509994506836,211.254481811154
"TSM",2025-06-23,210.320007324219,207.3350646346
"TSM",2025-06-24,220.089996337891,208.121914457089
"TSM",2025-06-25,222.740005493164,217.69013477122
"TSM",2025-06-26,224.009994506836,220.308812964462
"TSM",2025-06-27,228.570007324219,221.532467821873
"TSM",2025-06-30,226.490005493164,226.015859248758
"TSM",2025-07-01,224.679992675781,223.992846820731
"TSM",2025-07-02,233.600006103516,222.302427683732
"TSM",2025-07-03,234.800003051758,231.101202083146
"TSM",2025-07-07,229.169998168945,232.279448366253
"TSM",2025-07-08,227.860000610352,226.743004488985
"TSM",2025-07-09,231.839996337891,225.502164596536
"TSM",2025-07-10,229.759994506836,229.38388094869
"TSM",2025-07-11,230.399993896484,227.405597180039
"TSM",2025-07-14,228.669998168945,228.027075893439
"TSM",2025-07-15,236.949996948242,226.344989772486
"TSM",2025-07-16,237.559997558594,234.51273712329
"TSM",2025-07-17,245.600006103516,235.203712243094
"TSM",2025-07-18,240.399993896484,243.106359042944
"TSM",2025-07-21,238.850006103516,238.006701817432
"TSM",2025-07-22,234.600006103516,236.451486094966
"TSM",2025-07-23,240.330001831055,232.353111019043
"TSM",2025-07-24,241.600006103516,237.98286446694
"TSM",2025-07-25,245.600006103516,239.206434226906
"TSM",2025-07-28,242.75,243.15654444976
"TSM",2025-07-29,241.330001831055,240.394500229002
"TSM",2025-07-30,242.910003662109,239.000465545061
"TSM",2025-07-31,241.619995117188,240.516294451835
"TSM",2025-08-01,235.210006713867,239.341380087308
"TSM",2025-08-04,239,233.041996619667
"TSM",2025-08-05,232.470001220703,236.747043761471
"TSM",2025-08-06,231.369995117188,230.384272267668
"TSM",2025-08-07,242.619995117187,229.211953015191
"TSM",2025-08-08,241.830001831055,240.235310357065
"TSM",2025-08-11,242.089996337891,239.438291921816
"TSM",2025-08-12,244.289993286133,239.688308132315
"TSM",2025-08-13,241.440002441406,241.773091280617
"TSM",2025-08-14,241,239.030051679255
"TSM",2025-08-15,238.880004882812,238.565036483157
"TSM",2025-08-18,241.410003662109,236.551108968803
"TSM",2025-08-19,232.699996948242,239.028007462379
"TSM",2025-08-20,228.600006103516,230.448729522252
"TSM",2025-08-21,227.330001831055,226.476378152002
"TSM",2025-08-22,232.990005493164,225.22972844997
"TSM",2025-08-25,235.589996337891,230.77885394899
"TSM",2025-08-26,238.720001220703,233.312925546088
"TSM",2025-08-27,239.289993286133,236.369748445803
"TSM",2025-08-28,238.270004272461,236.911693570796
"TSM",2025-08-29,230.869995117188,235.850577309325
"TSM",2025-09-02,228.389999389648,228.578516133175
"TSM",2025-09-03,231.389999389648,226.124814281929
"TSM",2025-09-04,235.210006713867,229.030458565921
"TSM",2025-09-05,243.410003662109,232.713438083982
"TSM",2025-09-08,247.190002441406,240.485561843619
"TSM",2025-09-09,250.919998168945,244.138192671071
"TSM",2025-09-10,260.440002441406,247.88080032338
"TSM",2025-09-11,258.910003662109,257.411482289375
"TSM",2025-09-12,259.329986572266,255.826106456905
"TSM",2025-09-15,261.380004882812,256.14586689521
"TSM",2025-09-16,262.059997558594,258.186164061605
"TSM",2025-09-17,262.790008544922,258.90163048237
"TSM",2025-09-18,268.640014648438,259.676828496125
"TSM",2025-09-19,264.869995117187,265.364100354911
"TSM",2025-09-22,272.630004882813,261.779516520436
"TSM",2025-09-23,282.709991455078,269.576069226146
"TSM",2025-09-24,280.709991455078,279.365704663963
"TSM",2025-09-25,276.660003662109,277.404005014835
"TSM",2025-09-26,273.359985351562,273.426875702609
"TSM",2025-09-29,273.230010986328,270.160136748342
"TSM",2025-09-30,279.290008544922,270.083796343159
"TSM",2025-10-01,288.470001220703,275.999940965018
"TSM",2025-10-02,288.109985351563,284.957322899625
"TSM",2025-10-03,292.190002441406,284.616592952526
"TSM",2025-10-06,302.399993896484,288.551580701288
"TSM",2025-10-07,294.029998779297,298.787946239552
"TSM",2025-10-08,304.519989013672,290.625443766062
"TSM",2025-10-09,299.880004882813,300.923696008044
"TSM",2025-10-10,280.660003662109,296.465914161168
"TSM",2025-10-13,302.890014648437,277.749315739642
"TSM",2025-10-14,295.940002441406,299.302408815317
"TSM",2025-10-15,304.709991455078,292.577496439723
"TSM",2025-10-16,299.839996337891,301.208393623922
"TSM",2025-10-17,295.079986572266,296.42609628444
"TSM",2025-10-20,297.700012207031,291.700610440576
"TSM",2025-10-21,294.510009765625,294.211929049287
"TSM",2025-10-22,288.880004882812,291.143447760388
"TSM",2025-10-23,290.730010986328,285.612986896094
"TSM",2025-10-24,294.959991455078,287.435049396799
"TSM",2025-10-27,298.25,291.558064223589
"TSM",2025-10-28,301.529998779297,294.746456260099
"TSM",2025-10-29,305.089996337891,297.873752528831
"TSM",2025-10-30,303.220001220703,301.248128638167
"TSM",2025-10-31,300.429992675781,299.36444209852
"TSM",2025-11-03,304.859985351562,296.750766032448
"TSM",2025-11-04,294.049987792969,301.100952187875
"TSM",2025-11-05,293.640014648438,290.559854747899
"TSM",2025-11-06,289.239990234375,290.066631529096
"TSM",2025-11-07,286.5,285.660114434063
"TSM",2025-11-10,295.269989013672,282.988171544173
"TSM",2025-11-11,291.170013427734,291.515640907852
"TSM",2025-11-12,290.619995117188,287.53168028321
"TSM",2025-11-13,282.200012207031,286.968358103125
"TSM",2025-11-14,284.820007324219,278.764223273998
"TSM",2025-11-17,282.010009765625,281.3091142296
"TSM",2025-11-18,277.910003662109,278.512137887361
"TSM",2025-11-19,282.369995117188,274.526082947855
"TSM",2025-11-20,277.5,278.814452293283
"TSM",2025-11-21,275.059997558594,274.004762948667
"TSM",2025-11-24,284.640014648438,271.553974471744
"TSM",2025-11-25,284.679992675781,280.625802233622
"TSM",2025-11-26,289.959991455078,280.520571197553
"TSM",2025-11-28,291.510009765625,285.655359890398
"TSM",2025-12-01,287.679992675781,287.076365415119
"TSM",2025-12-02,292.089996337891,283.476747326047
"TSM",2025-12-03,295.450012207031,287.800872129239
"TSM",2025-12-04,292.929992675781,291.177298942499
"TSM",2025-12-05,294.720001220703,288.792021788988
"TSM",2025-12-08,301.869995117188,290.457597009876
"TSM",2025-12-09,303.410003662109,297.356640533095
"TSM",2025-12-10,310.140014648438,298.80916768352
"TSM",2025-12-11,304.850006103516,305.313192963707
"TSM",2025-12-12,292.040008544922,300.009791658567
"TSM",2025-12-15,287.739990234375,287.809114538012
"TSM",2025-12-16,286.869995117187,283.739316345863
"TSM",2025-12-17,276.959991455078,282.93867005173
"TSM",2025-12-18,284.679992675781,273.247950167973
"TSM",2025-12-19,288.950012207031,280.705695151055
"TSM",2025-12-22,293.279998779297,284.917430096602
"TSM",2025-12-23,296.950012207031,289.176119886867
"TSM",2025-12-24,298.799987792969,292.683861202896
"TSM",2025-12-26,302.839996337891,294.471951582388
"TSM",2025-12-29,300.920013427734,298.415120808032
"TSM",2025-12-30,299.579986572266,296.514336142128
"TSM",2025-12-31,303.890014648438,295.222245424626
