Stock,Date,Actual,Forecast
NVDA,2023-10-31,40.779998779296875,41.195426803669214
NVDA,2023-11-01,42.32500076293946,41.34257358346277
NVDA,2023-11-02,43.506000518798835,41.49868818576752
NVDA,2023-11-03,45.00500106811524,41.666281255582575
NVDA,2023-11-06,45.7509994506836,41.890627542033734
NVDA,2023-11-07,45.95500183105469,42.1941964273998
NVDA,2023-11-08,46.57400131225585,42.38786512747111
NVDA,2023-11-09,46.95000076293945,42.640603536861704
NVDA,2023-11-10,48.334999084472656,42.80987840727827
NVDA,2023-11-13,48.61999893188476,43.06075833636439
NVDA,2023-11-14,49.655998229980476,43.415456500844606
NVDA,2023-11-15,48.888000488281264,43.80420025513715
NVDA,2023-11-16,49.47999954223632,44.2610086198164
NVDA,2023-11-17,49.29800033569336,44.865928019759316
NVDA,2023-11-20,50.409000396728516,45.332596939105606
NVDA,2023-11-21,49.94400024414063,45.81487372019634
NVDA,2023-11-22,48.71599960327148,46.26115979169036
NVDA,2023-11-24,47.7760009765625,46.763786580877664
NVDA,2023-11-27,48.24200057983397,47.26338369777382
NVDA,2023-11-28,47.82099914550781,47.85057918063438
NVDA,2023-11-29,48.139999389648445,48.34917547999252
NVDA,2023-11-30,46.770000457763665,48.82236346922884
NVDA,2023-12-01,46.764999389648445,49.14311346674006
NVDA,2023-12-04,45.5099983215332,49.30538935141812
NVDA,2023-12-05,46.566001892089844,49.317618320621165
NVDA,2023-12-06,45.502998352050774,49.33105548423863
NVDA,2023-12-07,46.596000671386726,49.26581624832751
NVDA,2023-12-08,47.50600051879883,49.160013174303025
NVDA,2023-12-11,46.62699890136718,49.09548251608533
NVDA,2023-12-12,47.65700149536132,48.69473234241129
NVDA,2023-12-13,48.08800125122071,48.17236256248667
NVDA,2023-12-14,48.349998474121094,47.98391545097392
NVDA,2023-12-15,48.889999389648445,47.72592061714955
NVDA,2023-12-18,50.07699966430665,47.717301341008444
NVDA,2023-12-19,49.60400009155273,47.76537268957534
NVDA,2023-12-20,48.11100006103516,47.72360783430866
NVDA,2023-12-21,48.99000167846679,47.67363724686428
NVDA,2023-12-22,48.830001831054695,47.57737820907404
NVDA,2023-12-26,49.27899932861329,47.65530999978102
NVDA,2023-12-27,49.41699981689452,47.67271985487769
NVDA,2023-12-28,49.52199935913087,47.7573704875223
NVDA,2023-12-29,49.52199935913087,47.839394685405786
NVDA,2024-01-02,48.16799926757813,47.9965996742284
NVDA,2024-01-03,47.56900024414062,48.20788661946121
NVDA,2024-01-04,47.99800109863282,48.35576955450008
NVDA,2024-01-05,49.09700012207031,48.444729263979845
NVDA,2024-01-08,52.25299835205079,48.64186989709797
NVDA,2024-01-09,53.13999938964844,48.883784146343665
NVDA,2024-01-10,54.34999847412108,49.15483640457866
NVDA,2024-01-11,54.821998596191385,49.61253801044282
NVDA,2024-01-12,54.709999084472656,49.955085797455695
NVDA,2024-01-16,56.3819999694824,50.35748845796389
NVDA,2024-01-17,56.05300140380861,50.73334565483939
NVDA,2024-01-18,57.10699844360354,51.177104908261455
NVDA,2024-01-19,59.491001129150405,51.48956030830585
NVDA,2024-01-22,59.653999328613274,51.787349376380526
NVDA,2024-01-23,59.873001098632834,52.32383904703371
NVDA,2024-01-24,61.361999511718736,52.981201337542004
NVDA,2024-01-25,61.617000579833984,53.68090902650012
NVDA,2024-01-26,61.03099822998046,54.43561582890263
NVDA,2024-01-29,62.465000152587876,55.20096112250036
NVDA,2024-01-30,62.77399826049804,55.905955348117594
NVDA,2024-01-31,61.52700042724611,56.80888324850622
NVDA,2024-02-01,63.027000427246115,57.59199982625047
NVDA,2024-02-02,66.1600036621094,58.577787096051246
NVDA,2024-02-05,69.33200073242188,59.66586013615458
NVDA,2024-02-06,68.22299957275393,60.766900006475915
NVDA,2024-02-07,70.09899902343753,61.756744171149265
NVDA,2024-02-08,69.64099884033202,62.76184751862685
NVDA,2024-02-09,72.1330032348633,63.66711873089454
NVDA,2024-02-12,72.24800109863283,64.62018982129743
NVDA,2024-02-13,72.12799835205075,65.60999511593172
NVDA,2024-02-14,73.90000152587889,66.50903839427738
NVDA,2024-02-15,72.65799713134767,67.53470674255111
NVDA,2024-02-16,72.61299896240232,68.34043681025386
NVDA,2024-02-20,69.45200347900393,69.12106668394196
NVDA,2024-02-21,67.47200012207034,69.59656641585345
NVDA,2024-02-22,78.53800201416014,69.95281354200783
NVDA,2024-02-23,78.81700134277345,70.63005578051336
NVDA,2024-02-26,79.09200286865236,71.6448722092914
NVDA,2024-02-27,78.70099639892575,72.48848744378944
NVDA,2024-02-28,77.66300201416018,73.30860648765487
NVDA,2024-02-29,79.11199951171874,74.23223312318405
NVDA,2024-03-01,82.27899932861328,75.21696507178507
NVDA,2024-03-04,85.23699951171871,75.99743444084584
NVDA,2024-03-05,85.96399688720705,77.13161448842308
NVDA,2024-03-06,88.69999694824219,78.05190613872469
NVDA,2024-03-07,92.66899871826175,79.1930061033676
NVDA,2024-03-08,87.52799987792973,80.29483112149254
NVDA,2024-03-11,85.77400207519531,81.44961131513217
NVDA,2024-03-12,91.91300201416018,82.21482301727154
NVDA,2024-03-13,90.88800048828128,83.7549801567386
NVDA,2024-03-14,87.94400024414061,84.94308827594703
NVDA,2024-03-15,87.83699798583987,85.76148505465976
NVDA,2024-03-18,88.45500183105467,86.4769553030558
NVDA,2024-03-19,89.39800262451175,87.34519664856411
NVDA,2024-03-20,90.37200164794918,88.515452422434
NVDA,2024-03-21,91.43499755859374,89.68922416737941
NVDA,2024-03-22,94.28900146484379,89.92094930627265
NVDA,2024-03-25,95.0019989013672,90.61794596594358
NVDA,2024-03-26,92.56099700927737,91.17770178620577
NVDA,2024-03-27,90.25000000000003,91.94753421507373
NVDA,2024-03-28,90.35600280761719,92.48632258824043
NVDA,2024-04-01,90.36299896240236,93.11335835071256
NVDA,2024-04-02,89.45200347900393,93.35802689683948
NVDA,2024-04-03,88.96399688720706,93.52285768736031
NVDA,2024-04-04,85.90499877929683,93.40025075938965
NVDA,2024-04-05,88.00800323486328,93.30534009156128
NVDA,2024-04-08,87.13300323486325,92.90528885019229
NVDA,2024-04-09,85.35399627685551,92.80444805865226
NVDA,2024-04-10,87.03900146484374,92.64632580766661
NVDA,2024-04-11,90.61599731445314,92.26523731803596
NVDA,2024-04-12,88.18599700927737,91.66701521136736
NVDA,2024-04-15,86.0009994506836,91.60616819872553
NVDA,2024-04-16,87.41500091552732,91.4837903056243
NVDA,2024-04-17,84.03500366210933,91.34795232689268
NVDA,2024-04-18,84.67099761962888,91.21734581492615
NVDA,2024-04-19,76.1999969482422,90.74089682043999
NVDA,2024-04-22,79.51799774169922,90.004388198114
NVDA,2024-04-23,82.42299652099608,88.89112699612261
NVDA,2024-04-24,79.67700195312499,87.99603079075499
NVDA,2024-04-25,82.63200378417969,87.11920073175942
NVDA,2024-04-26,87.73500061035156,86.3531376093657
NVDA,2024-04-29,87.7570037841797,86.06126534748448
NVDA,2024-04-30,86.4020004272461,85.69570917638379
NVDA,2024-05-01,83.04100036621097,85.46417810603653
NVDA,2024-05-02,85.81700134277345,85.4940128992093
NVDA,2024-05-03,88.78900146484379,85.3214760904056
NVDA,2024-05-06,92.13999938964842,85.03984291650076
NVDA,2024-05-07,90.55400085449217,85.22719909992001
NVDA,2024-05-08,90.4120025634766,85.4467099179636
NVDA,2024-05-09,88.74700164794922,85.5282069412944
NVDA,2024-05-10,89.8779983520508,85.43033362722348
NVDA,2024-05-13,90.3990020751953,85.4412359458953
NVDA,2024-05-14,91.35600280761722,85.4885647500352
NVDA,2024-05-15,94.62999725341797,85.71327352844634
NVDA,2024-05-16,94.359001159668,86.09530744251721
NVDA,2024-05-17,92.47899627685545,86.67422567289884
NVDA,2024-05-20,94.77999877929688,87.84477433230226
NVDA,2024-05-21,95.38600158691408,88.68489959098295
NVDA,2024-05-22,94.94999694824216,89.54668755248369
NVDA,2024-05-23,103.79900360107423,90.6218860860053
NVDA,2024-05-24,106.46900177001956,91.90219232466042
NVDA,2024-05-28,113.9010009765625,92.715566587757
NVDA,2024-05-29,114.82499694824217,94.04499375970866
NVDA,2024-05-30,110.50000000000004,95.61234739876032
NVDA,2024-05-31,109.6330032348633,96.95994751540096
NVDA,2024-06-03,115.00000000000001,98.48350707067898
NVDA,2024-06-04,116.4369964599609,99.98335873333197
NVDA,2024-06-05,122.44000244140621,101.3696295269787
NVDA,2024-06-06,120.99800109863276,102.87470268633288
NVDA,2024-06-07,120.88800048828126,104.81387287277762
NVDA,2024-06-10,121.79000091552729,106.68344353322051
NVDA,2024-06-11,120.91000366210935,108.46566017495294
NVDA,2024-06-12,125.19999694824224,109.8015269022594
NVDA,2024-06-13,129.6100006103516,112.20212417712968
NVDA,2024-06-14,131.88000488281256,113.32542457086197
NVDA,2024-06-17,130.9799957275391,115.27306182221942
NVDA,2024-06-18,135.5800018310547,117.18564946256475
NVDA,2024-06-20,130.7799987792969,119.73631506655136
NVDA,2024-06-21,126.56999969482422,122.3313736318413
NVDA,2024-06-24,118.11000061035158,124.80757467526709
NVDA,2024-06-25,126.08999633789065,125.77384828717969
NVDA,2024-06-26,126.40000152587886,126.9434561782587
NVDA,2024-06-27,123.98999786376955,127.32500498873375
NVDA,2024-06-28,123.54000091552734,128.13394583940564
NVDA,2024-07-01,124.30000305175784,128.8281291206133
NVDA,2024-07-02,122.6699981689453,129.5021191033389
NVDA,2024-07-03,128.27999877929693,129.61874180610164
NVDA,2024-07-05,125.83000183105466,129.81892053238548
NVDA,2024-07-08,128.1999969482422,130.06142515465126
NVDA,2024-07-09,131.38000488281244,130.07385187495652
NVDA,2024-07-10,134.91000366210938,130.2016296560871
NVDA,2024-07-11,127.40000152587892,130.67577554882342
NVDA,2024-07-12,129.2400054931641,131.20681411941075
NVDA,2024-07-15,128.44000244140625,131.20078071516625
NVDA,2024-07-16,126.3600006103515,130.73437651587383
NVDA,2024-07-17,117.9899978637695,130.32464209102025
NVDA,2024-07-18,121.08999633789065,130.0564749042465
NVDA,2024-07-19,117.93000030517581,128.94555577206586
NVDA,2024-07-22,123.54000091552734,128.17505657955067
NVDA,2024-07-23,122.58999633789067,127.82276832877781
NVDA,2024-07-24,114.25000000000003,128.00989125963983
NVDA,2024-07-25,112.27999877929692,127.51350058498758
NVDA,2024-07-26,113.05999755859372,126.56974624217342
NVDA,2024-07-29,111.58999633789062,125.73134294668913
NVDA,2024-07-30,103.73000335693362,124.95973844417767
NVDA,2024-07-31,117.01999664306643,123.81461882736753
NVDA,2024-08-01,109.2099990844727,122.40776351931366
NVDA,2024-08-02,107.26999664306636,122.04427563301878
NVDA,2024-08-05,100.44999694824217,120.84117075146015
NVDA,2024-08-06,104.24999999999999,119.0254959209656
NVDA,2024-08-07,98.91000366210935,117.61192658398505
NVDA,2024-08-08,104.97000122070317,115.72158311426907
NVDA,2024-08-09,104.75000000000004,113.93426981856062
NVDA,2024-08-12,109.01999664306636,112.524251396909
NVDA,2024-08-13,116.13999938964841,111.33427938714145
NVDA,2024-08-14,118.08000183105473,110.42998974356499
NVDA,2024-08-15,122.86000061035159,110.30862122314738
NVDA,2024-08-16,124.5800018310547,109.87787616040785
NVDA,2024-08-19,129.99999999999997,110.17416728746352
NVDA,2024-08-20,127.24999999999994,110.43167889464156
NVDA,2024-08-21,128.50000000000003,110.78105127900243
NVDA,2024-08-22,123.73999786376953,111.5671130014857
NVDA,2024-08-23,129.3699951171875,112.30052113518221
NVDA,2024-08-26,126.45999908447267,113.14796052982418
NVDA,2024-08-27,128.3000030517578,114.36728607289515
NVDA,2024-08-28,125.61000061035158,115.81317941098612
NVDA,2024-08-29,117.58999633789065,116.55349654588025
NVDA,2024-08-30,119.37000274658206,117.18756414413669
NVDA,2024-09-03,108.00000000000003,117.88699717268516
NVDA,2024-09-04,106.20999908447267,119.11775153089339
NVDA,2024-09-05,107.20999908447267,119.291137425563
NVDA,2024-09-06,102.83000183105472,120.08123396067333
NVDA,2024-09-09,106.47000122070314,120.76132019018996
NVDA,2024-09-10,108.09999847412105,120.8073148521339
NVDA,2024-09-11,116.91000366210943,121.1852093673736
NVDA,2024-09-12,119.13999938964847,120.81637617484948
NVDA,2024-09-13,119.09999847412108,120.99510372339708
NVDA,2024-09-16,116.77999877929686,120.58435555722838
NVDA,2024-09-17,115.5899963378906,120.90910242653449
NVDA,2024-09-18,113.37000274658205,120.02035241898909
NVDA,2024-09-19,117.87000274658203,119.08416540155834
NVDA,2024-09-20,115.99999999999999,118.28035840881691
NVDA,2024-09-23,116.26000213623047,117.60160722140753
NVDA,2024-09-24,120.87000274658205,116.66215770968029
NVDA,2024-09-25,123.51000213623051,116.27250127906564
NVDA,2024-09-26,124.04000091552732,115.9898059828529
NVDA,2024-09-27,121.40000152587888,115.32057553869444
NVDA,2024-09-30,121.44000244140624,115.7071962894088
NVDA,2024-10-01,117.00000000000003,115.86002844908701
NVDA,2024-10-02,118.84999847412105,116.6999329394636
NVDA,2024-10-03,122.8499984741211,117.40191048543211
NVDA,2024-10-04,124.91999816894533,118.24306168514421
NVDA,2024-10-07,127.72000122070312,119.48100667663833
NVDA,2024-10-08,132.88999938964838,120.8386126520762
NVDA,2024-10-09,132.64999389648435,122.20033947378215
NVDA,2024-10-10,134.80999755859375,122.94819846447388
NVDA,2024-10-11,134.8000030517578,123.5658546133025
NVDA,2024-10-14,138.0700073242187,124.62396281328085
NVDA,2024-10-15,131.6000061035156,125.6704281027004
NVDA,2024-10-16,135.72000122070315,126.77563925217542
NVDA,2024-10-17,136.92999267578128,127.85879314487276
NVDA,2024-10-18,138.00000000000006,128.82329942758147
NVDA,2024-10-21,143.7100067138672,130.00113248829032
NVDA,2024-10-22,143.58999633789057,131.53847042434026
NVDA,2024-10-23,139.55999755859378,133.04811167344462
NVDA,2024-10-24,140.41000366210938,134.36846143521237
NVDA,2024-10-25,141.53999328613287,135.33338312692177
NVDA,2024-10-28,140.52000427246088,136.460830515181
NVDA,2024-10-29,141.25000000000003,137.4571163468472
NVDA,2024-10-30,139.3399963378906,138.70489965667684
NVDA,2024-10-31,132.75999450683597,140.51895001104444
NVDA,2024-11-01,135.39999389648438,141.06343447294088
NVDA,2024-11-04,136.05000305175784,142.0471522938119
NVDA,2024-11-05,139.91000366210932,142.45640918488942
NVDA,2024-11-06,145.61000061035162,142.57039719522373
NVDA,2024-11-07,148.8800048828125,143.2716478223343
NVDA,2024-11-08,147.63000488281247,144.00138996566494
NVDA,2024-11-11,145.25999450683588,144.8272398073478
NVDA,2024-11-12,148.28999328613278,145.42927962815142
NVDA,2024-11-13,146.2700042724609,146.7362327174945
NVDA,2024-11-14,146.75999450683594,147.5099225887051
NVDA,2024-11-15,141.97999572753903,148.0087556958863
NVDA,2024-11-18,140.14999389648438,148.25207437656763
NVDA,2024-11-19,147.00999450683597,147.75849877591335
NVDA,2024-11-20,145.8899993896484,147.9815709377351
NVDA,2024-11-21,146.66999816894526,148.33042628672797
NVDA,2024-11-22,141.94999694824222,148.43356233160708
NVDA,2024-11-25,136.020004272461,148.35388274808076
NVDA,2024-11-26,136.91999816894534,147.53883484753194
NVDA,2024-11-27,135.33999633789065,147.48161274274062
NVDA,2024-11-29,138.25,147.14634994757463
NVDA,2024-12-02,138.63000488281253,147.36635395381907
NVDA,2024-12-03,140.25999450683597,147.2570807886799
NVDA,2024-12-04,145.13999938964847,147.31075482599945
NVDA,2024-12-05,145.05999755859378,147.57290543672354
NVDA,2024-12-06,142.44000244140628,147.6406969753973
NVDA,2024-12-09,138.80999755859372,146.9391113657091
NVDA,2024-12-10,135.07000732421875,146.14232153597857
NVDA,2024-12-11,139.3099975585937,145.3545447198375
NVDA,2024-12-12,137.33999633789057,144.16950486760229
NVDA,2024-12-13,134.25,143.62217674570866
NVDA,2024-12-16,131.99999999999997,140.83514050872057
NVDA,2024-12-17,130.38999938964844,138.9933174949931
NVDA,2024-12-18,128.91000366210935,138.59065354470331
NVDA,2024-12-19,130.67999267578128,137.93805750459808
NVDA,2024-12-20,134.6999969482422,138.08991168251265
NVDA,2024-12-23,139.66999816894526,137.0692408612793
NVDA,2024-12-24,140.2200012207031,136.5598271355445
NVDA,2024-12-26,139.9299926757813,136.63137755093675
NVDA,2024-12-27,137.009994506836,136.5022576372621
NVDA,2024-12-30,137.49000549316406,136.61747850875778
NVDA,2024-12-31,134.28999328613284,136.8614865634384
NVDA,2025-01-02,138.30999755859375,136.75446573694688
NVDA,2025-01-03,144.4700012207031,136.65321176685723
NVDA,2025-01-06,149.42999267578128,136.62846139757883
NVDA,2025-01-07,140.13999938964844,136.38456033138027
NVDA,2025-01-08,140.11000061035153,136.149512086435
NVDA,2025-01-10,135.9100036621094,136.36887680249723
NVDA,2025-01-13,133.22999572753903,136.38035742579325
NVDA,2025-01-14,131.75999450683597,136.11925528277874
NVDA,2025-01-15,136.24000549316406,135.84179463570817
NVDA,2025-01-16,133.57000732421875,135.749870738221
NVDA,2025-01-17,137.71000671386724,136.2428530933915
NVDA,2025-01-21,140.8300018310547,136.3057980445978
NVDA,2025-01-22,147.0700073242187,137.55234677571272
NVDA,2025-01-23,147.22000122070307,139.26470728886017
NVDA,2025-01-24,142.61999511718747,140.34961923181433
NVDA,2025-01-27,118.41999816894527,140.31548031596563
NVDA,2025-01-28,128.9900054931641,139.39196503702604
NVDA,2025-01-29,123.69999694824216,139.05506331600844
NVDA,2025-01-30,124.65000152587892,138.0698257987707
NVDA,2025-01-31,120.06999969482425,136.8167188217515
NVDA,2025-02-03,116.66000366210935,135.90411054398916
NVDA,2025-02-04,118.6500015258789,134.79001395420252
NVDA,2025-02-05,124.83000183105467,132.97393746515934
NVDA,2025-02-06,128.6799926757813,131.42501775454915
NVDA,2025-02-07,129.8399963378906,130.8730852175779
NVDA,2025-02-10,133.57000732421875,130.7356695232735
NVDA,2025-02-11,132.80000305175778,130.3109903943725
NVDA,2025-02-12,131.1399993896485,130.17219880109394
NVDA,2025-02-13,135.28999328613284,129.84621803164669
NVDA,2025-02-14,138.8500061035156,129.544729271886
NVDA,2025-02-18,139.39999389648438,129.68346949333272
NVDA,2025-02-19,139.229995727539,129.83932148978593
NVDA,2025-02-20,140.11000061035153,129.96849197731026
NVDA,2025-02-21,134.42999267578122,129.51076138698755
NVDA,2025-02-24,130.27999877929688,128.85655758636165
NVDA,2025-02-25,126.62999725341797,128.61256275650413
NVDA,2025-02-26,131.27999877929693,129.31154295071588
NVDA,2025-02-27,120.15000152587893,129.3213629008264
NVDA,2025-02-28,124.91999816894533,129.5085340181522
NVDA,2025-03-03,114.05999755859375,129.41045207165755
NVDA,2025-03-04,115.98999786376952,129.39974971973692
NVDA,2025-03-05,117.30000305175781,129.33510421720018
NVDA,2025-03-06,110.56999969482422,129.41643663737153
NVDA,2025-03-07,112.69000244140629,128.68979221017835
NVDA,2025-03-10,106.9800033569336,126.9824728373125
NVDA,2025-03-11,108.7600021362305,126.07180966417057
NVDA,2025-03-12,115.73999786376953,124.32357289786626
NVDA,2025-03-13,115.5800018310547,123.42622170167117
NVDA,2025-03-14,121.6699981689453,122.65205423258422
NVDA,2025-03-17,119.52999877929688,121.6594470561807
NVDA,2025-03-18,115.43000030517574,120.73681887163443
NVDA,2025-03-19,117.51999664306645,119.45431645732153
NVDA,2025-03-20,118.5299987792969,118.16817507776686
NVDA,2025-03-21,117.69999694824216,117.28956022471418
NVDA,2025-03-24,121.41000366210942,116.63350822578121
NVDA,2025-03-25,120.69000244140628,116.19572500046733
NVDA,2025-03-26,113.76000213623048,116.03404932009464
NVDA,2025-03-27,111.43000030517577,115.19599524356987
NVDA,2025-03-28,109.66999816894536,114.888291094934
NVDA,2025-03-31,108.379997253418,114.06796872972942
NVDA,2025-04-01,110.1500015258789,113.74648368986055
NVDA,2025-04-02,110.4199981689453,113.56536637048097
NVDA,2025-04-03,101.80000305175784,113.27588187867086
NVDA,2025-04-04,94.30999755859371,114.20852003076175
NVDA,2025-04-07,97.6399993896484,113.77448926668585
NVDA,2025-04-08,96.30000305175783,112.90529763006285
NVDA,2025-04-09,114.3300018310547,112.3279377643833
NVDA,2025-04-10,107.56999969482426,111.05590856611063
NVDA,2025-04-11,110.93000030517581,111.28266755834689
NVDA,2025-04-14,110.70999908447263,110.27650530528443
NVDA,2025-04-15,112.19999694824214,109.79119837293432
NVDA,2025-04-16,104.48999786376956,109.5628837291064
NVDA,2025-04-17,101.48999786376955,108.89034467995654
NVDA,2025-04-21,96.91000366210938,107.94173470491337
NVDA,2025-04-22,98.88999938964842,106.767100244908
NVDA,2025-04-23,102.70999908447263,105.42500674645261
NVDA,2025-04-24,106.4300003051758,104.32063949419103
NVDA,2025-04-25,111.0100021362305,103.78462432245819
NVDA,2025-04-28,108.73000335693362,103.66771108904207
NVDA,2025-04-29,109.01999664306636,103.7582734843888
NVDA,2025-04-30,108.91999816894528,104.05742233356754
NVDA,2025-05-01,111.61000061035159,104.04182133165776
NVDA,2025-05-02,114.50000000000003,104.63222332429324
NVDA,2025-05-05,113.8199996948242,105.71322795288411
NVDA,2025-05-06,113.54000091552739,107.18542467637774
NVDA,2025-05-07,117.05999755859376,108.1257072519323
NVDA,2025-05-08,117.37000274658207,109.34680333032354
NVDA,2025-05-09,116.65000152587888,109.43105273624278
NVDA,2025-05-12,122.99999999999994,109.92834153014428
NVDA,2025-05-13,129.92999267578122,110.10314928897864
NVDA,2025-05-14,135.33999633789065,110.80402115613253
NVDA,2025-05-15,134.8300018310547,112.13953074558161
NVDA,2025-05-16,135.39999389648438,113.72019872478967
NVDA,2025-05-19,135.57000732421872,115.70215167483993
NVDA,2025-05-20,134.38000488281247,118.02062958409842
NVDA,2025-05-21,131.80000305175778,120.19987360755641
NVDA,2025-05-22,132.83000183105466,122.03023301958444
NVDA,2025-05-23,131.28999328613287,123.75626715813893
NVDA,2025-05-27,135.5,125.10535252910495
NVDA,2025-05-28,134.80999755859375,126.65178708799792
NVDA,2025-05-29,139.19000244140628,128.13746454006545
NVDA,2025-05-30,135.13000488281256,129.86718308856092
NVDA,2025-06-02,137.3800048828125,131.47866294177078
NVDA,2025-06-03,141.2200012207031,132.51913587703984
NVDA,2025-06-04,141.91999816894528,133.82523691175604
NVDA,2025-06-05,139.99000549316406,135.4371144241136
NVDA,2025-06-06,141.7200012207031,137.02918371393287
NVDA,2025-06-09,142.63000488281247,138.87080045273774
NVDA,2025-06-10,143.96000671386716,140.6609535523034
NVDA,2025-06-11,142.8300018310547,141.72193296710157
NVDA,2025-06-12,144.99999999999997,142.19195199985742
NVDA,2025-06-13,141.9700012207031,143.52235628913655
NVDA,2025-06-16,144.6900024414062,144.62650793126744
NVDA,2025-06-17,144.11999511718747,144.57219953096177
NVDA,2025-06-18,145.47999572753903,144.90342802299205
NVDA,2025-06-20,143.85000610351568,145.34626315706456
NVDA,2025-06-23,144.16999816894526,145.40455282976953
NVDA,2025-06-24,147.89999389648438,146.11211308442836
NVDA,2025-06-25,154.30999755859375,146.8971011333545
NVDA,2025-06-26,155.020004272461,147.70282300199486
NVDA,2025-06-27,157.75000000000006,148.8232153263701
NVDA,2025-06-30,157.990005493164,149.77604433090895
NVDA,2025-07-01,153.30000305175778,150.96543284356122
NVDA,2025-07-02,157.25000000000003,152.0278092844684
NVDA,2025-07-03,159.3399963378906,152.81330184437212
NVDA,2025-07-07,158.24000549316412,153.7521825489448
NVDA,2025-07-08,159.99999999999994,154.67212063248567
NVDA,2025-07-09,162.88000488281256,155.48028887406352
NVDA,2025-07-10,164.10000610351568,156.55288402864517
NVDA,2025-07-11,164.9199981689453,157.42642037007462
NVDA,2025-07-14,164.07000732421878,158.4506782155449
NVDA,2025-07-15,170.6999969482422,159.62689450104259
NVDA,2025-07-16,171.36999511718756,161.1821390204248
NVDA,2025-07-17,173.00000000000006,162.90954896947034
NVDA,2025-07-18,172.41000366210935,164.8703370883573
NVDA,2025-07-21,171.38000488281253,166.13448834293993
NVDA,2025-07-22,167.02999877929682,167.41551523317312
NVDA,2025-07-23,170.77999877929685,168.83050633442528
NVDA,2025-07-24,173.7400054931641,170.0548920906863
NVDA,2025-07-25,173.5,170.91557547472078
NVDA,2025-07-28,176.75000000000003,172.01817951914737
NVDA,2025-07-29,175.50999450683594,172.86867311160358
NVDA,2025-07-30,179.27000427246085,173.80692486843785
NVDA,2025-07-31,177.8699951171875,175.09547528908416
NVDA,2025-08-01,173.7200012207031,177.34418589770627
NVDA,2025-08-04,180.0,178.18074801735455
NVDA,2025-08-05,178.25999450683594,179.35162648664001
NVDA,2025-08-06,179.41999816894534,180.33908394771868
NVDA,2025-08-07,180.7700042724609,180.47150289843424
NVDA,2025-08-08,182.69999694824224,180.59637917940412
NVDA,2025-08-11,182.05999755859378,180.76777081669448
NVDA,2025-08-12,183.16000366210946,181.71003954318076
NVDA,2025-08-13,181.58999633789065,181.8705459941587
NVDA,2025-08-14,182.02000427246085,181.85928381007213
NVDA,2025-08-15,180.44999694824224,182.22013878166572
NVDA,2025-08-18,182.00999450683588,183.05225062727862
NVDA,2025-08-19,175.63999938964852,183.47242780958388
NVDA,2025-08-20,175.39999389648432,183.61244776189497
NVDA,2025-08-21,174.97999572753906,184.21165415761604
NVDA,2025-08-22,177.99000549316412,184.21762857917952
NVDA,2025-08-25,179.80999755859372,184.21147651716325
NVDA,2025-08-26,181.7700042724609,184.30623451529345
NVDA,2025-08-27,181.60000610351568,184.23098571794114
NVDA,2025-08-28,180.1699981689453,184.1779378304589
NVDA,2025-08-29,174.1799926757812,183.77536067139545
NVDA,2025-09-02,170.77999877929685,183.56455722805097
NVDA,2025-09-03,170.61999511718756,182.85260973771756
NVDA,2025-09-04,171.6600036621094,181.72750976421253
NVDA,2025-09-05,167.02000427246094,180.78362428623018
NVDA,2025-09-08,168.30999755859378,178.93252834746525
NVDA,2025-09-09,170.7599945068359,178.04285910045886
NVDA,2025-09-10,177.33000183105474,177.6739043132956
NVDA,2025-09-11,177.16999816894528,179.19405377818342
NVDA,2025-09-12,177.82000732421878,178.01931321812256
NVDA,2025-09-15,177.74999999999991,176.96613757439053
NVDA,2025-09-16,174.88000488281244,176.88849694111764
NVDA,2025-09-17,170.2899932861328,176.44593385318365
NVDA,2025-09-18,176.24000549316412,176.28848997811545
NVDA,2025-09-19,176.66999816894526,175.95963323435254
NVDA,2025-09-22,183.6100006103516,176.4257531520232
NVDA,2025-09-23,178.42999267578128,176.9832864505431
NVDA,2025-09-24,176.97000122070315,176.46938307606638
NVDA,2025-09-25,177.69000244140622,176.22721539529513
NVDA,2025-09-26,178.19000244140628,175.4842965651328
NVDA,2025-09-29,181.85000610351562,175.241797362555
NVDA,2025-09-30,186.5800018310546,175.69106815638287
NVDA,2025-10-01,187.2400054931641,176.47514551777186
NVDA,2025-10-02,188.88999938964847,177.1357956645585
NVDA,2025-10-03,187.61999511718756,177.72333852695695
NVDA,2025-10-06,185.5399932861328,178.79446419973806
NVDA,2025-10-07,185.03999328613284,180.10155754036856
NVDA,2025-10-08,189.1100006103515,180.6460400801197
NVDA,2025-10-09,192.57000732421875,180.78718115615294
NVDA,2025-10-10,183.16000366210946,182.1076505382834
NVDA,2025-10-13,188.32000732421875,183.25025499339228
NVDA,2025-10-14,180.02999877929685,183.15392531439596
NVDA,2025-10-15,179.8300018310547,183.66842999601394
NVDA,2025-10-16,181.80999755859372,183.97635320811804
NVDA,2025-10-17,183.22000122070318,184.183709815566
NVDA,2025-10-20,182.6399993896484,183.89291941411392
NVDA,2025-10-21,181.16000366210932,182.9629027973819
NVDA,2025-10-22,180.27999877929682,183.3729595367953
NVDA,2025-10-23,182.1600036621094,183.86956777289035
NVDA,2025-10-24,186.25999450683588,183.98048711108146
NVDA,2025-10-27,191.4900054931641,183.82858827347948
NVDA,2025-10-28,201.02999877929693,183.97986214773448
NVDA,2025-10-29,207.03999328613284,184.5831300223204
NVDA,2025-10-30,202.8899993896484,184.8996081103762
NVDA,2025-10-31,202.4900054931641,184.98738723628534
NVDA,2025-11-03,206.88000488281256,185.99792377336973
NVDA,2025-11-04,198.69000244140622,186.9456213584102
NVDA,2025-11-05,195.21000671386722,187.9295082743992
NVDA,2025-11-06,188.08000183105466,187.41223424045242
NVDA,2025-11-07,188.14999389648435,186.81035657362546
NVDA,2025-11-10,199.05000305175776,187.13813206947685
NVDA,2025-11-11,193.16000366210943,187.27866245932327
NVDA,2025-11-12,193.8000030517578,188.13821639740897
NVDA,2025-11-13,186.86000061035156,188.3427692630831
NVDA,2025-11-14,190.1699981689453,188.69573022672932
NVDA,2025-11-17,186.60000610351557,189.11106170927087
NVDA,2025-11-18,181.36000061035156,189.38802051777213
NVDA,2025-11-19,186.52000427246094,189.53239585896952
NVDA,2025-11-20,180.63999938964847,189.64295678383283
NVDA,2025-11-21,178.88000488281247,189.77827246879477
NVDA,2025-11-24,182.55000305175776,188.4694348704488
NVDA,2025-11-25,177.82000732421878,186.31148508420364
NVDA,2025-11-26,180.25999450683597,184.62621023567647
NVDA,2025-11-28,176.99999999999994,183.0735676596569
NVDA,2025-12-01,179.9199981689454,181.21410970756762
NVDA,2025-12-02,181.46000671386713,179.92166413332382
NVDA,2025-12-03,179.58999633789068,178.69496700881007
NVDA,2025-12-04,183.38000488281256,177.89395668330488
NVDA,2025-12-05,182.41000366210938,177.79021431554636
NVDA,2025-12-08,185.5500030517578,177.18150723050155
NVDA,2025-12-09,184.9700012207032,176.8509773380006
NVDA,2025-12-10,183.77999877929688,175.8912001442227
NVDA,2025-12-11,180.92999267578122,174.7881510030912
NVDA,2025-12-12,175.02000427246094,173.43978903990393
NVDA,2025-12-15,176.28999328613276,173.83766131788934
NVDA,2025-12-16,177.7200012207031,173.54643352662993
NVDA,2025-12-17,170.94000244140628,173.30221555347492
NVDA,2025-12-18,174.1399993896484,172.91754768701045
NVDA,2025-12-19,180.99000549316412,171.8784904426826
NVDA,2025-12-22,183.69000244140628,171.76963483403594
NVDA,2025-12-23,189.21000671386716,172.1799340585443
NVDA,2025-12-24,188.61000061035156,172.2308817790772
NVDA,2025-12-26,190.52999877929685,172.67289513926028
NVDA,2025-12-29,188.2200012207031,173.27130575818234
NVDA,2025-12-30,187.53999328613284,173.62953916224484
NVDA,2025-12-31,186.50000000000006,174.16628068332824
AAPL,2023-10-31,170.7700042724609,170.47697408305035
AAPL,2023-11-01,173.9700012207031,170.8450308587429
AAPL,2023-11-02,177.57000732421872,171.2838235742751
AAPL,2023-11-03,176.6499938964843,171.7620885728941
AAPL,2023-11-06,179.22999572753906,172.0144565093829
AAPL,2023-11-07,181.8200073242187,172.31672757300126
AAPL,2023-11-08,182.88999938964838,172.65842533158389
AAPL,2023-11-09,182.41000366210938,173.07255321185525
AAPL,2023-11-10,186.39999389648443,173.3983943351611
AAPL,2023-11-13,184.80000305175778,173.9235243869596
AAPL,2023-11-14,187.4400024414062,174.52854700900386
AAPL,2023-11-15,188.00999450683588,175.26181652165303
AAPL,2023-11-16,189.71000671386713,176.01428723276481
AAPL,2023-11-17,189.69000244140628,176.97137735217535
AAPL,2023-11-20,191.4499969482422,178.04759319018365
AAPL,2023-11-21,190.6399993896484,179.12517180323167
AAPL,2023-11-22,191.3099975585938,180.2253033350054
AAPL,2023-11-24,189.97000122070312,181.48134457157087
AAPL,2023-11-27,189.78999328613276,182.88054926315323
AAPL,2023-11-28,190.3999938964844,184.34143825459958
AAPL,2023-11-29,189.3699951171875,185.59353736702994
AAPL,2023-11-30,189.9499969482422,186.85918907731772
AAPL,2023-12-01,191.2400054931641,187.8571945229318
AAPL,2023-12-04,189.42999267578122,188.74737950642378
AAPL,2023-12-05,193.41999816894537,189.51374144715416
AAPL,2023-12-06,192.32000732421866,190.35599349168487
AAPL,2023-12-07,194.270004272461,190.96521249077193
AAPL,2023-12-08,195.7100067138671,191.63963058794857
AAPL,2023-12-11,193.1799926757812,192.30361367468396
AAPL,2023-12-12,194.71000671386727,192.3840044981159
AAPL,2023-12-13,197.96000671386713,192.36962091623798
AAPL,2023-12-14,198.11000061035156,192.93243334013775
AAPL,2023-12-15,197.57000732421878,193.4058889877074
AAPL,2023-12-18,195.88999938964847,193.77120839578802
AAPL,2023-12-19,196.9400024414063,194.07784578361534
AAPL,2023-12-20,194.83000183105463,194.42885573011372
AAPL,2023-12-21,194.67999267578128,194.606508692953
AAPL,2023-12-22,193.60000610351554,194.77808125907396
AAPL,2023-12-26,193.05000305175784,194.98421413494697
AAPL,2023-12-27,193.1499938964843,195.14929876415675
AAPL,2023-12-28,193.58000183105472,195.31301274821405
AAPL,2023-12-29,192.52999877929682,195.5491526034895
AAPL,2024-01-02,185.63999938964844,195.6238328902715
AAPL,2024-01-03,184.24999999999994,195.26221380075012
AAPL,2024-01-04,181.91000366210932,194.90449788604948
AAPL,2024-01-05,181.1799926757812,194.20946402977995
AAPL,2024-01-08,185.55999755859378,193.5256037774576
AAPL,2024-01-09,185.13999938964847,192.9540039832133
AAPL,2024-01-10,186.1900024414062,192.1976447913493
AAPL,2024-01-11,185.5899963378907,191.65178485602823
AAPL,2024-01-12,185.9199981689454,190.97831117361136
AAPL,2024-01-16,183.63000488281253,190.18572397884196
AAPL,2024-01-17,182.67999267578128,189.32473385051279
AAPL,2024-01-18,188.63000488281259,188.49225081603453
AAPL,2024-01-19,191.55999755859372,188.07574514567267
AAPL,2024-01-22,193.88999938964847,187.5589561101292
AAPL,2024-01-23,195.17999267578134,187.40249494442898
AAPL,2024-01-24,194.50000000000009,187.4212973808662
AAPL,2024-01-25,194.16999816894534,187.4711078214641
AAPL,2024-01-26,192.41999816894526,187.59594804006724
AAPL,2024-01-29,191.72999572753915,187.60265555246542
AAPL,2024-01-30,188.03999328613284,187.37511749376742
AAPL,2024-01-31,184.3999938964844,187.13411800029158
AAPL,2024-02-01,186.86000061035156,187.11923636784812
AAPL,2024-02-02,185.85000610351562,187.30751382040606
AAPL,2024-02-05,187.67999267578116,187.53326894328504
AAPL,2024-02-06,189.3000030517578,187.98924479636125
AAPL,2024-02-07,189.41000366210935,188.2422540026584
AAPL,2024-02-08,188.32000732421875,188.48119809197934
AAPL,2024-02-09,188.8500061035157,188.64842783143808
AAPL,2024-02-12,187.14999389648432,188.80000580729347
AAPL,2024-02-13,185.03999328613284,188.92590335278305
AAPL,2024-02-14,184.14999389648438,189.06509619473326
AAPL,2024-02-15,183.86000061035153,189.21185378700446
AAPL,2024-02-16,182.3099975585937,188.89520173713925
AAPL,2024-02-20,181.5599975585938,188.3843676156952
AAPL,2024-02-21,182.32000732421875,187.58714711552858
AAPL,2024-02-22,184.3699951171875,186.8322329510006
AAPL,2024-02-23,182.5200042724609,186.23076835094318
AAPL,2024-02-26,181.16000366210932,185.62179022761143
AAPL,2024-02-27,182.63000488281247,184.9555493255401
AAPL,2024-02-28,181.4199981689454,184.49492959086334
AAPL,2024-02-29,180.75,184.16581733173084
AAPL,2024-03-01,179.66000366210935,184.0276146571173
AAPL,2024-03-04,175.10000610351568,183.51428651215696
AAPL,2024-03-05,170.11999511718747,183.0237079399004
AAPL,2024-03-06,169.11999511718744,182.1918029199643
AAPL,2024-03-07,169.0,181.1881590379265
AAPL,2024-03-08,170.7299957275391,179.98408676542056
AAPL,2024-03-11,172.75000000000003,179.19027223966586
AAPL,2024-03-12,173.22999572753906,178.29048231253924
AAPL,2024-03-13,171.1300048828125,177.88308442839943
AAPL,2024-03-14,173.00000000000006,177.13577697182882
AAPL,2024-03-15,172.61999511718756,176.36627268493504
AAPL,2024-03-18,173.7200012207031,175.86541205851262
AAPL,2024-03-19,176.08000183105463,175.42013610490667
AAPL,2024-03-20,178.66999816894528,175.05820511650725
AAPL,2024-03-21,171.36999511718756,174.7414022093459
AAPL,2024-03-22,172.27999877929685,173.77046183049197
AAPL,2024-03-25,170.85000610351568,173.21283908273298
AAPL,2024-03-26,169.71000671386713,172.64091834494397
AAPL,2024-03-27,173.30999755859378,171.97689400851772
AAPL,2024-03-28,171.47999572753903,171.5238056742122
AAPL,2024-04-01,170.02999877929685,171.01702353049106
AAPL,2024-04-02,168.8399963378906,170.4767063896491
AAPL,2024-04-03,169.64999389648435,170.1792329022426
AAPL,2024-04-04,168.82000732421875,170.23097993236686
AAPL,2024-04-05,169.5800018310547,170.30688180753518
AAPL,2024-04-08,168.44999694824216,170.38884854145775
AAPL,2024-04-09,169.66999816894528,170.3579744387964
AAPL,2024-04-10,167.77999877929688,170.24923071629053
AAPL,2024-04-11,175.03999328613273,170.0318561048467
AAPL,2024-04-12,176.55000305175784,170.1784129280006
AAPL,2024-04-15,172.69000244140622,170.42872381518615
AAPL,2024-04-16,169.38000488281244,170.55720708293148
AAPL,2024-04-17,167.99999999999997,170.3356376573238
AAPL,2024-04-18,167.03999328613284,169.97408532420036
AAPL,2024-04-19,164.99999999999994,169.37366698147144
AAPL,2024-04-22,165.83999633789057,169.1169656309548
AAPL,2024-04-23,166.89999389648443,168.77979116109435
AAPL,2024-04-24,169.02000427246097,168.58564622925707
AAPL,2024-04-25,169.88999938964844,168.5613476954379
AAPL,2024-04-26,169.3000030517578,168.43426185230047
AAPL,2024-04-29,173.5,168.28055123835824
AAPL,2024-04-30,170.33000183105474,168.5676017906298
AAPL,2024-05-01,169.3000030517578,168.81075670050424
AAPL,2024-05-02,173.0299987792969,168.87226064083913
AAPL,2024-05-03,183.38000488281256,169.19037693163006
AAPL,2024-05-06,181.7100067138672,169.92663402012832
AAPL,2024-05-07,182.39999389648432,170.66886195678853
AAPL,2024-05-08,182.740005493164,171.41796271924483
AAPL,2024-05-09,184.57000732421872,172.2386324517386
AAPL,2024-05-10,183.05000305175776,172.78435066434702
AAPL,2024-05-13,186.2799987792969,173.1220207572067
AAPL,2024-05-14,187.42999267578122,173.83603188797025
AAPL,2024-05-15,189.72000122070307,174.89224912385217
AAPL,2024-05-16,189.83999633789062,176.00352673515872
AAPL,2024-05-17,189.86999511718753,177.35681629649335
AAPL,2024-05-20,191.03999328613287,178.86627855056642
AAPL,2024-05-21,192.35000610351554,180.28483498202436
AAPL,2024-05-22,190.89999389648443,181.7754061109248
AAPL,2024-05-23,186.88000488281256,183.08518124011596
AAPL,2024-05-24,189.979995727539,184.11648015839492
AAPL,2024-05-28,189.99000549316403,185.3057618960736
AAPL,2024-05-29,190.28999328613284,186.32438302583418
AAPL,2024-05-30,191.2899932861329,187.47848621988646
AAPL,2024-05-31,192.25000000000006,188.8112611075136
AAPL,2024-06-03,194.0299987792969,190.0465951097967
AAPL,2024-06-04,194.3500061035156,190.73183895524087
AAPL,2024-06-05,195.86999511718741,191.35236051759261
AAPL,2024-06-06,194.47999572753898,191.9824597403102
AAPL,2024-06-07,196.88999938964844,192.65351812293014
AAPL,2024-06-10,193.11999511718747,193.38558970680288
AAPL,2024-06-11,207.14999389648432,193.74582366433435
AAPL,2024-06-12,213.07000732421872,194.68932466183392
AAPL,2024-06-13,214.24000549316406,196.3366069339376
AAPL,2024-06-14,212.49000549316398,197.0944726516257
AAPL,2024-06-17,216.66999816894523,198.08039042579122
AAPL,2024-06-18,214.2899932861328,199.2916850744393
AAPL,2024-06-20,209.67999267578122,200.6487351758932
AAPL,2024-06-21,207.4900054931641,201.66728757816136
AAPL,2024-06-24,208.1399993896485,202.62764383203137
AAPL,2024-06-25,209.07000732421872,203.86032924437038
AAPL,2024-06-26,213.25,204.9808392823928
AAPL,2024-06-27,214.10000610351557,206.15548994542362
AAPL,2024-06-28,210.6199951171875,207.51812785939305
AAPL,2024-07-01,216.75000000000006,208.59818832681637
AAPL,2024-07-02,220.2700042724609,209.7274517946521
AAPL,2024-07-03,221.55000305175784,211.10461406929602
AAPL,2024-07-05,226.3399963378907,212.44012429236665
AAPL,2024-07-08,227.82000732421878,214.14384378287906
AAPL,2024-07-09,228.67999267578116,215.9246545272292
AAPL,2024-07-10,232.979995727539,217.5932047124068
AAPL,2024-07-11,227.5700073242187,219.85323917264012
AAPL,2024-07-12,230.53999328613284,220.9895027498068
AAPL,2024-07-15,234.39999389648432,221.88187037804872
AAPL,2024-07-16,234.82000732421875,222.69389021969226
AAPL,2024-07-17,228.88000488281253,223.8538601447538
AAPL,2024-07-18,224.17999267578125,224.47347481947807
AAPL,2024-07-19,224.30999755859366,224.76252631119692
AAPL,2024-07-22,223.96000671386724,225.52907612500377
AAPL,2024-07-23,225.00999450683588,226.36694914892465
AAPL,2024-07-24,218.5399932861328,227.22496959281676
AAPL,2024-07-25,217.49000549316406,227.8730671896738
AAPL,2024-07-26,217.9600067138672,228.10309542433424
AAPL,2024-07-29,218.24000549316398,228.1369789416232
AAPL,2024-07-30,218.8000030517579,228.48865672193455
AAPL,2024-07-31,222.08000183105463,228.5776738055203
AAPL,2024-08-01,218.36000061035153,228.3671535730179
AAPL,2024-08-02,219.86000061035153,228.2543590415077
AAPL,2024-08-05,209.2700042724609,227.7300290062747
AAPL,2024-08-06,207.22999572753906,226.48392143430834
AAPL,2024-08-07,209.8200073242188,225.05277452781846
AAPL,2024-08-08,213.30999755859366,223.72681478193277
AAPL,2024-08-09,216.24000549316412,222.66781799482953
AAPL,2024-08-12,217.52999877929696,221.68039957545608
AAPL,2024-08-13,221.27000427246094,220.61419678684567
AAPL,2024-08-14,221.72000122070318,219.56331521922166
AAPL,2024-08-15,224.72000122070315,218.9605401898598
AAPL,2024-08-16,226.05000305175787,218.70845741811706
AAPL,2024-08-19,225.88999938964852,218.75625038028144
AAPL,2024-08-20,226.50999450683588,218.7505966027353
AAPL,2024-08-21,226.39999389648443,218.7311093672301
AAPL,2024-08-22,224.52999877929693,219.10571073967694
AAPL,2024-08-23,226.83999633789062,219.47304645051977
AAPL,2024-08-26,227.17999267578122,219.9607090885028
AAPL,2024-08-27,228.0299987792968,220.60729007163934
AAPL,2024-08-28,226.490005493164,221.06417400344176
AAPL,2024-08-29,229.78999328613284,221.3541172848669
AAPL,2024-08-30,229.00000000000006,221.978509997569
AAPL,2024-09-03,222.77000427246094,222.33819933970918
AAPL,2024-09-04,220.85000610351554,223.19985339012496
AAPL,2024-09-05,222.38000488281244,224.020350528671
AAPL,2024-09-06,220.82000732421866,224.87601818624097
AAPL,2024-09-09,220.9100036621094,225.75746434874543
AAPL,2024-09-10,220.11000061035156,225.92765611178538
AAPL,2024-09-11,222.66000366210943,226.14548867943844
AAPL,2024-09-12,222.77000427246094,226.0114930963128
AAPL,2024-09-13,222.49999999999997,225.98269635243975
AAPL,2024-09-16,216.3200073242188,225.7372269349226
AAPL,2024-09-17,216.7899932861329,225.42556280883693
AAPL,2024-09-18,220.6900024414062,224.8206107639942
AAPL,2024-09-19,228.86999511718756,224.47332971701059
AAPL,2024-09-20,228.1999969482422,224.64221852811133
AAPL,2024-09-23,226.47000122070318,224.74128161785615
AAPL,2024-09-24,227.36999511718744,224.65534900333304
AAPL,2024-09-25,226.36999511718756,224.78958454565736
AAPL,2024-09-26,227.520004272461,224.72285242049142
AAPL,2024-09-27,227.78999328613284,224.79077842975374
AAPL,2024-09-30,232.99999999999991,224.7289930412772
AAPL,2024-10-01,226.21000671386724,224.9153304377374
AAPL,2024-10-02,226.77999877929693,225.2192522154625
AAPL,2024-10-03,225.6699981689454,225.57853171265378
AAPL,2024-10-04,226.80000305175784,225.7772054922605
AAPL,2024-10-07,221.69000244140628,226.1380148928928
AAPL,2024-10-08,225.77000427246097,226.30523878272155
AAPL,2024-10-09,229.53999328613287,226.56472960690377
AAPL,2024-10-10,229.03999328613276,226.85522798159295
AAPL,2024-10-11,227.55000305175773,227.10514053272254
AAPL,2024-10-14,231.30000305175773,227.5675001821528
AAPL,2024-10-15,233.8500061035157,228.40901045326387
AAPL,2024-10-16,231.7799987792969,229.36552310676674
AAPL,2024-10-17,232.14999389648443,229.95837211385862
AAPL,2024-10-18,235.0,230.1366616342961
AAPL,2024-10-21,236.47999572753903,230.42448353398106
AAPL,2024-10-22,235.86000061035165,230.97844149711148
AAPL,2024-10-23,230.75999450683585,231.32894214060414
AAPL,2024-10-24,230.5700073242188,231.71712922472813
AAPL,2024-10-25,231.41000366210932,231.92684361821028
AAPL,2024-10-28,233.39999389648443,232.10144126001705
AAPL,2024-10-29,233.66999816894526,232.05074297956742
AAPL,2024-10-30,230.10000610351557,232.30093957386813
AAPL,2024-10-31,225.9100036621094,232.4421902602297
AAPL,2024-11-01,222.9100036621094,232.66715557781512
AAPL,2024-11-04,222.00999450683602,232.48900814186777
AAPL,2024-11-05,223.44999694824227,232.51835308823442
AAPL,2024-11-06,222.72000122070318,232.30387683552112
AAPL,2024-11-07,227.47999572753915,231.85664407369154
AAPL,2024-11-08,226.96000671386727,231.82166656118284
AAPL,2024-11-11,224.229995727539,231.87067111176935
AAPL,2024-11-12,224.229995727539,231.55004531044668
AAPL,2024-11-13,225.11999511718744,230.97925555667499
AAPL,2024-11-14,228.22000122070312,230.53425531980386
AAPL,2024-11-15,225.0,230.32545361886199
AAPL,2024-11-18,228.0200042724609,229.84757177887496
AAPL,2024-11-19,228.27999877929685,229.357096057727
AAPL,2024-11-20,229.00000000000006,228.98494945310625
AAPL,2024-11-21,228.52000427246082,228.93876444409315
AAPL,2024-11-22,229.86999511718759,228.842433486993
AAPL,2024-11-25,232.86999511718756,228.64554479331306
AAPL,2024-11-26,235.05999755859378,228.36315129560617
AAPL,2024-11-27,234.92999267578122,228.31471356656013
AAPL,2024-11-29,237.3300018310546,228.5638592316322
AAPL,2024-12-02,239.58999633789068,229.23641001824944
AAPL,2024-12-03,242.64999389648438,230.06416105165027
AAPL,2024-12-04,243.00999450683585,231.26481897287476
AAPL,2024-12-05,243.0399932861328,232.39673768937877
AAPL,2024-12-06,242.83999633789065,233.50358760331548
AAPL,2024-12-09,246.75000000000003,234.14921702877737
AAPL,2024-12-10,247.77000427246094,235.10023694219007
AAPL,2024-12-11,246.49000549316398,236.33375705291814
AAPL,2024-12-12,247.96000671386713,237.29276412096988
AAPL,2024-12-13,248.1300048828126,238.57029196371047
AAPL,2024-12-16,251.03999328613276,238.55635719088448
AAPL,2024-12-17,253.47999572753912,239.37018932336338
AAPL,2024-12-18,248.05000305175776,240.88542763914813
AAPL,2024-12-19,249.78999328613276,242.3636531541092
AAPL,2024-12-20,254.49000549316415,243.8243404638699
AAPL,2024-12-23,255.27000427246097,245.3109447115371
AAPL,2024-12-24,258.2000122070313,246.67068220707557
AAPL,2024-12-26,259.01998901367193,247.95874304723145
AAPL,2024-12-27,255.58999633789065,249.15149500107137
AAPL,2024-12-30,252.19999694824207,250.3915709823593
AAPL,2024-12-31,250.4199981689453,251.3592392796647
AAPL,2025-01-02,243.85000610351562,252.0224287838543
AAPL,2025-01-03,243.36000061035156,252.12687808350265
AAPL,2025-01-06,245.0000000000001,252.20608049469897
AAPL,2025-01-07,242.2100067138673,252.25560209156006
AAPL,2025-01-08,242.69999694824216,252.14620152180456
AAPL,2025-01-10,236.85000610351565,251.75086363781668
AAPL,2025-01-13,234.39999389648432,250.9481993041015
AAPL,2025-01-14,233.2799987792968,250.10733414989483
AAPL,2025-01-15,237.8699951171875,249.23597825400876
AAPL,2025-01-16,228.25999450683588,248.51325134808937
AAPL,2025-01-17,229.97999572753912,247.14336058120153
AAPL,2025-01-21,222.63999938964838,245.4763656235553
AAPL,2025-01-22,223.83000183105474,244.17767112760063
AAPL,2025-01-23,223.6600036621094,242.72981714111876
AAPL,2025-01-24,222.77999877929685,240.9482208044075
AAPL,2025-01-27,229.86000061035162,238.82435620282294
AAPL,2025-01-28,238.259994506836,237.20493159042275
AAPL,2025-01-29,239.36000061035156,236.02176830757497
AAPL,2025-01-30,237.58999633789068,235.05535807620907
AAPL,2025-01-31,236.0000000000001,234.44572476033215
AAPL,2025-02-03,228.009994506836,233.3932587467784
AAPL,2025-02-04,232.80000305175776,232.41334801212446
AAPL,2025-02-05,232.47000122070304,231.7388589765127
AAPL,2025-02-06,233.22000122070307,230.84803406920426
AAPL,2025-02-07,227.63000488281259,230.3267286344645
AAPL,2025-02-10,227.6499938964843,229.63841582054144
AAPL,2025-02-11,232.6199951171875,229.00677922546797
AAPL,2025-02-12,236.86999511718741,228.90159311872108
AAPL,2025-02-13,241.52999877929696,228.98139400849172
AAPL,2025-02-14,244.6000061035157,229.16484261277483
AAPL,2025-02-18,244.47000122070318,230.22119195632027
AAPL,2025-02-19,244.86999511718753,231.23816878462804
AAPL,2025-02-20,245.83000183105466,232.5380968575201
AAPL,2025-02-21,245.55000305175778,233.75732514044287
AAPL,2025-02-24,247.10000610351557,235.0884518422314
AAPL,2025-02-25,247.0399932861328,236.80286256092867
AAPL,2025-02-26,240.36000061035156,237.9226007059691
AAPL,2025-02-27,237.30000305175784,237.94943467447874
AAPL,2025-02-28,241.83999633789054,237.90497123340336
AAPL,2025-03-03,238.02999877929685,238.13987621011097
AAPL,2025-03-04,235.92999267578114,238.47247209324303
AAPL,2025-03-05,235.7400054931641,239.04037933631108
AAPL,2025-03-06,235.3300018310547,239.18072255841503
AAPL,2025-03-07,239.07000732421872,239.38980011795243
AAPL,2025-03-10,227.47999572753915,239.53646124011178
AAPL,2025-03-11,220.8399963378906,239.77230586444531
AAPL,2025-03-12,216.97999572753912,239.20455179682475
AAPL,2025-03-13,209.67999267578122,238.52998052669693
AAPL,2025-03-14,213.49000549316406,236.91230114896774
AAPL,2025-03-17,213.99999999999994,235.20902299375294
AAPL,2025-03-18,212.6900024414062,233.64978584413967
AAPL,2025-03-19,215.24000549316398,231.85068038413507
AAPL,2025-03-20,214.10000610351557,230.06103226241
AAPL,2025-03-21,218.27000427246102,228.47421390012278
AAPL,2025-03-24,220.729995727539,226.8842587331599
AAPL,2025-03-25,223.74999999999997,225.61727965581943
AAPL,2025-03-26,221.5299987792968,224.37620406548157
AAPL,2025-03-27,223.85000610351554,223.31346908044546
AAPL,2025-03-28,217.89999389648435,222.60848465350273
AAPL,2025-03-31,222.13000488281241,221.29672227402702
AAPL,2025-04-01,223.19000244140634,220.45991661063937
AAPL,2025-04-02,223.88999938964847,219.73891493673153
AAPL,2025-04-03,203.1900024414062,219.07163588420292
AAPL,2025-04-04,188.3800048828125,217.40014199130368
AAPL,2025-04-07,181.46000671386713,214.3701356024832
AAPL,2025-04-08,172.41999816894534,211.35249068589354
AAPL,2025-04-09,198.8500061035156,208.24319120985865
AAPL,2025-04-10,190.41999816894534,207.02607527381707
AAPL,2025-04-11,198.14999389648432,206.0933996972102
AAPL,2025-04-14,202.52000427246085,205.12470162265345
AAPL,2025-04-15,202.13999938964847,204.70331260524284
AAPL,2025-04-16,194.270004272461,204.1920210276764
AAPL,2025-04-17,196.979995727539,203.03740569177927
AAPL,2025-04-21,193.16000366210943,202.22798963495416
AAPL,2025-04-22,199.740005493164,200.86517173287396
AAPL,2025-04-23,204.6000061035156,199.7573926772683
AAPL,2025-04-24,208.36999511718744,198.74134020988794
AAPL,2025-04-25,209.27999877929696,197.96769948399879
AAPL,2025-04-28,210.13999938964852,197.1943894139848
AAPL,2025-04-29,211.21000671386713,196.8825555246451
AAPL,2025-04-30,212.50000000000006,196.43529202413467
AAPL,2025-05-01,213.32000732421875,195.9561848877328
AAPL,2025-05-02,205.35000610351562,195.3152078069741
AAPL,2025-05-05,198.8899993896485,195.56276445843673
AAPL,2025-05-06,198.509994506836,196.3746922829199
AAPL,2025-05-07,196.24999999999991,197.5457856189181
AAPL,2025-05-08,197.49000549316406,199.25003300709292
AAPL,2025-05-09,198.5299987792969,199.24876671024094
AAPL,2025-05-12,210.78999328613287,199.89242594268129
AAPL,2025-05-13,212.9299926757813,200.6890230576322
AAPL,2025-05-14,212.33000183105466,201.39066181547938
AAPL,2025-05-15,211.44999694824222,202.14251928771768
AAPL,2025-05-16,211.25999450683585,203.1493598721379
AAPL,2025-05-19,208.77999877929688,204.19449682981067
AAPL,2025-05-20,206.8600006103515,205.14023018444283
AAPL,2025-05-21,202.08999633789065,205.63343149875027
AAPL,2025-05-22,201.36000061035153,205.53580887790145
AAPL,2025-05-23,195.270004272461,205.18140337095474
AAPL,2025-05-27,200.2100067138672,204.38145742227175
AAPL,2025-05-28,200.41999816894528,203.84309619163346
AAPL,2025-05-29,199.94999694824216,203.21289012857568
AAPL,2025-05-30,200.85000610351557,202.46930854415774
AAPL,2025-06-02,201.69999694824213,201.76439200953203
AAPL,2025-06-03,203.27000427246094,201.52349781981198
AAPL,2025-06-04,202.82000732421875,201.7907577449733
AAPL,2025-06-05,200.63000488281247,202.07260847176158
AAPL,2025-06-06,203.91999816894528,202.44204535108128
AAPL,2025-06-09,201.44999694824216,203.18049571884671
AAPL,2025-06-10,202.66999816894528,203.58719134563808
AAPL,2025-06-11,198.77999877929685,203.229715444294
AAPL,2025-06-12,199.1999969482421,202.28355532289243
AAPL,2025-06-13,196.44999694824213,201.8961749651219
AAPL,2025-06-16,198.4199981689454,201.43179017384492
AAPL,2025-06-17,195.63999938964835,200.6564354095204
AAPL,2025-06-18,196.58000183105466,199.84070802634903
AAPL,2025-06-20,201.0,199.15394577365373
AAPL,2025-06-23,201.50000000000009,198.89070454420226
AAPL,2025-06-24,200.30000305175778,198.81602799605437
AAPL,2025-06-25,201.55999755859375,199.1491847065144
AAPL,2025-06-26,201.0,199.20111774004727
AAPL,2025-06-27,201.08000183105463,199.1667971868861
AAPL,2025-06-30,205.16999816894526,199.27429406876044
AAPL,2025-07-01,207.8200073242187,199.47722165340946
AAPL,2025-07-02,212.44000244140616,199.94930142461445
AAPL,2025-07-03,213.55000305175773,200.5848958559299
AAPL,2025-07-07,209.94999694824216,201.13032696182157
AAPL,2025-07-08,210.0099945068359,201.55313235966207
AAPL,2025-07-09,211.13999938964852,201.98386576200505
AAPL,2025-07-10,212.41000366210943,202.47559217157828
AAPL,2025-07-11,211.16000366210946,203.1070782167622
AAPL,2025-07-14,208.61999511718753,203.80859352935275
AAPL,2025-07-15,209.11000061035148,204.35636871762867
AAPL,2025-07-16,210.1600036621094,205.26148663003067
AAPL,2025-07-17,210.02000427246085,206.09262719726962
AAPL,2025-07-18,211.17999267578128,206.98122798117055
AAPL,2025-07-21,212.479995727539,207.77569075171473
AAPL,2025-07-22,214.39999389648438,208.29242011157467
AAPL,2025-07-23,214.14999389648432,209.0701381796654
AAPL,2025-07-24,213.7599945068359,209.89912842582177
AAPL,2025-07-25,213.8800048828125,210.56428805119154
AAPL,2025-07-28,214.05000305175784,211.39719908719292
AAPL,2025-07-29,211.27000427246097,212.19722820366016
AAPL,2025-07-30,209.05000305175787,212.557190927942
AAPL,2025-07-31,207.5700073242188,212.5913286384516
AAPL,2025-08-01,202.38000488281253,212.3325912213243
AAPL,2025-08-04,203.3500061035156,211.60535680000172
AAPL,2025-08-05,202.91999816894534,211.1535575995897
AAPL,2025-08-06,213.25,210.80139243063903
AAPL,2025-08-07,220.02999877929696,210.67833633462743
AAPL,2025-08-08,229.35000610351557,211.09018930797086
AAPL,2025-08-11,227.17999267578122,211.99214884456393
AAPL,2025-08-12,229.64999389648438,213.01209819674636
AAPL,2025-08-13,233.33000183105472,213.95940537743374
AAPL,2025-08-14,232.77999877929696,215.2097182694936
AAPL,2025-08-15,231.5899963378907,216.37409102808294
AAPL,2025-08-18,230.88999938964847,217.57876671555468
AAPL,2025-08-19,230.55999755859378,218.6020419062521
AAPL,2025-08-20,226.0099945068359,219.32572132459987
AAPL,2025-08-21,224.89999389648438,220.01076279881448
AAPL,2025-08-22,227.7599945068359,220.5876920543604
AAPL,2025-08-25,227.16000366210946,221.34004640586141
AAPL,2025-08-26,229.3099975585938,222.03013719156846
AAPL,2025-08-27,230.4900054931641,222.98499654877432
AAPL,2025-08-28,232.55999755859372,224.12571646160106
AAPL,2025-08-29,232.13999938964852,225.40441131611504
AAPL,2025-09-02,229.7200012207032,227.00128084020486
AAPL,2025-09-03,238.4700012207031,228.50497809842713
AAPL,2025-09-04,239.77999877929693,230.5097808170381
AAPL,2025-09-05,239.69000244140625,231.90829242385726
AAPL,2025-09-08,237.88000488281256,232.70395365263155
AAPL,2025-09-09,234.35000610351568,233.00647562255332
AAPL,2025-09-10,226.78999328613273,233.54484849170865
AAPL,2025-09-11,230.0299987792969,234.03937385920534
AAPL,2025-09-12,234.0700073242187,233.56941059971197
AAPL,2025-09-15,236.6999969482421,233.30088028918186
AAPL,2025-09-16,238.14999389648446,233.5709048378268
AAPL,2025-09-17,238.99000549316398,234.04037498282668
AAPL,2025-09-18,237.88000488281256,234.53532805799315
AAPL,2025-09-19,245.49999999999991,235.15203600196583
AAPL,2025-09-22,256.0799865722656,236.33205971205598
AAPL,2025-09-23,254.42999267578116,238.2809436241187
AAPL,2025-09-24,252.3099975585937,239.65966959000045
AAPL,2025-09-25,256.86999511718744,240.78140629365103
AAPL,2025-09-26,255.46000671386722,242.01342879145028
AAPL,2025-09-29,254.42999267578116,243.0472840058793
AAPL,2025-09-30,254.63000488281259,244.29709083576034
AAPL,2025-10-01,255.44999694824216,245.62433410522746
AAPL,2025-10-02,257.1300048828126,246.56284664252271
AAPL,2025-10-03,258.01998901367193,247.4174868935218
AAPL,2025-10-06,256.6900024414063,248.26579759974496
AAPL,2025-10-07,256.48001098632807,249.5755965261637
AAPL,2025-10-08,258.05999755859364,250.67206991875605
AAPL,2025-10-09,254.03999328613287,252.5377196889884
AAPL,2025-10-10,245.270004272461,253.97785176905546
AAPL,2025-10-13,247.66000366210943,254.65037043475067
AAPL,2025-10-14,247.77000427246094,254.97209587732817
AAPL,2025-10-15,249.3399963378906,255.40767520493768
AAPL,2025-10-16,247.4499969482422,255.96676813245458
AAPL,2025-10-17,252.2899932861328,256.4450150757241
AAPL,2025-10-20,262.2399902343749,256.4601273682389
AAPL,2025-10-21,262.76998901367193,256.51260135391385
AAPL,2025-10-22,258.4500122070312,256.90380706175364
AAPL,2025-10-23,259.57998657226557,257.05726297527247
AAPL,2025-10-24,262.82000732421875,257.184359415211
AAPL,2025-10-27,268.8099975585937,257.4776202916703
AAPL,2025-10-28,269.0,258.04151199994396
AAPL,2025-10-29,269.7000122070312,258.53187347886694
AAPL,2025-10-30,271.3999938964843,259.0171178464283
AAPL,2025-10-31,270.3699951171876,259.5925969796867
AAPL,2025-11-03,269.0499877929688,260.3840644143546
AAPL,2025-11-04,270.04000854492193,261.03914291310036
AAPL,2025-11-05,270.14001464843756,261.58445536705415
AAPL,2025-11-06,269.769989013672,262.0931695597965
AAPL,2025-11-07,268.47000122070324,262.75552842789875
AAPL,2025-11-10,269.42999267578125,264.0241522665954
AAPL,2025-11-11,275.2499999999999,265.1520417561281
AAPL,2025-11-12,273.47000122070307,266.5849025657408
AAPL,2025-11-13,272.9500122070313,267.7851285952536
AAPL,2025-11-14,272.4100036621093,269.24584573664737
AAPL,2025-11-17,267.45999145507807,270.36684753609023
AAPL,2025-11-18,267.4400024414063,270.4661702305704
AAPL,2025-11-19,268.5599975585938,270.70390900639956
AAPL,2025-11-20,266.25000000000006,271.1019704594489
AAPL,2025-11-21,271.489990234375,271.16812833594764
AAPL,2025-11-24,275.92001342773443,271.40710288312704
AAPL,2025-11-25,276.9700012207032,271.18982970487673
AAPL,2025-11-26,277.54998779296875,271.2235871261875
AAPL,2025-11-28,278.8500061035157,271.5273075245205
AAPL,2025-12-01,283.1000061035155,271.60371448235367
AAPL,2025-12-02,286.1900024414063,272.47418608090834
AAPL,2025-12-03,284.1499938964844,273.4353882071502
AAPL,2025-12-04,280.70001220703125,274.4764426333153
AAPL,2025-12-05,278.77999877929693,275.1009391713895
AAPL,2025-12-08,277.89001464843744,275.4565598803667
AAPL,2025-12-09,277.1799926757813,275.82937108135627
AAPL,2025-12-10,278.77999877929693,276.14322085986277
AAPL,2025-12-11,278.0299987792968,276.3408559352946
AAPL,2025-12-12,278.2799987792968,276.02880273326826
AAPL,2025-12-15,274.1099853515626,276.68738643856386
AAPL,2025-12-16,274.60998535156244,276.9495617272477
AAPL,2025-12-17,271.83999633789057,277.38404468064147
AAPL,2025-12-18,272.19000244140636,277.45680626988593
AAPL,2025-12-19,273.6700134277344,277.5663932164783
AAPL,2025-12-22,270.97000122070324,278.1307803808201
AAPL,2025-12-23,272.3599853515625,278.1638916792215
AAPL,2025-12-24,273.80999755859375,277.6743137740918
AAPL,2025-12-26,273.39999389648443,277.3907477037407
AAPL,2025-12-29,273.7600097656251,277.06655970922225
AAPL,2025-12-30,273.07998657226574,276.6063041558469
AAPL,2025-12-31,271.85998535156256,275.9390029377198
MSFT,2023-10-31,338.1099853515626,336.78813038496827
MSFT,2023-11-01,346.07000732421886,337.5198335519554
MSFT,2023-11-02,348.32000732421864,338.02360408195466
MSFT,2023-11-03,352.7999877929688,338.92351670624646
MSFT,2023-11-06,356.52999877929693,339.8323080888786
MSFT,2023-11-07,360.5299987792969,340.75237052901355
MSFT,2023-11-08,363.2000122070311,341.6995849432517
MSFT,2023-11-09,360.69000244140614,342.82817000454975
MSFT,2023-11-10,369.67001342773443,344.0749434063158
MSFT,2023-11-13,366.67999267578114,345.7100220500351
MSFT,2023-11-14,370.26998901367193,347.44273038884927
MSFT,2023-11-15,369.67001342773443,348.99050347872696
MSFT,2023-11-16,376.1700134277344,350.79096953808585
MSFT,2023-11-17,369.8500061035157,352.983940947884
MSFT,2023-11-20,377.4400024414064,355.049216992872
MSFT,2023-11-21,373.0700073242186,357.31072387653813
MSFT,2023-11-22,377.85000610351557,359.59004000397783
MSFT,2023-11-24,377.42999267578136,361.3280773494326
MSFT,2023-11-27,378.6099853515625,363.86977432362795
MSFT,2023-11-28,382.70001220703125,366.6695366258775
MSFT,2023-11-29,378.8500061035156,369.08451162115847
MSFT,2023-11-30,378.9100036621094,371.3856381890847
MSFT,2023-12-01,374.5100097656249,373.0191661384224
MSFT,2023-12-04,369.1400146484375,374.32008885402144
MSFT,2023-12-05,372.51998901367176,375.17285710092534
MSFT,2023-12-06,368.79998779296886,375.81645450779865
MSFT,2023-12-07,370.9500122070312,376.33546464306
MSFT,2023-12-08,374.2300109863282,376.2922242484771
MSFT,2023-12-11,371.2999877929689,376.7550646814467
MSFT,2023-12-12,374.3800048828124,376.06465106313624
MSFT,2023-12-13,374.36999511718756,375.8541857838392
MSFT,2023-12-14,365.92999267578114,375.6733010119503
MSFT,2023-12-15,370.730010986328,375.28485137547983
MSFT,2023-12-18,372.64999389648426,374.78343774141206
MSFT,2023-12-19,373.26000976562506,374.99042484705035
MSFT,2023-12-20,370.6199951171876,374.678615222129
MSFT,2023-12-21,373.540008544922,374.59529609777536
MSFT,2023-12-22,374.57998657226557,374.23863376173875
MSFT,2023-12-26,374.66000366210926,374.1527770597703
MSFT,2023-12-27,374.07000732421886,373.8793078129702
MSFT,2023-12-28,375.2799987792969,373.3691464829608
MSFT,2023-12-29,376.0400085449218,373.09203787829654
MSFT,2024-01-02,370.8699951171874,372.97329953544465
MSFT,2024-01-03,370.6000061035155,373.37117398824154
MSFT,2024-01-04,367.94000244140614,373.60204341603395
MSFT,2024-01-05,367.7500000000001,373.48879098550213
MSFT,2024-01-08,374.69000244140625,373.488491055038
MSFT,2024-01-09,375.7900085449219,373.38874414676354
MSFT,2024-01-10,382.769989013672,373.3882261089057
MSFT,2024-01-11,384.63000488281233,373.9201067321491
MSFT,2024-01-12,388.470001220703,374.3760623538412
MSFT,2024-01-16,390.2699890136718,375.0477807263653
MSFT,2024-01-17,389.47000122070307,376.3262866734899
MSFT,2024-01-18,393.8699951171874,377.50252048111315
MSFT,2024-01-19,398.67001342773455,378.5166302797575
MSFT,2024-01-22,396.51000976562517,379.1632853023178
MSFT,2024-01-23,398.8999938964843,380.29710082253314
MSFT,2024-01-24,402.5599975585936,381.60987543844993
MSFT,2024-01-25,404.86999511718744,383.0314942318489
MSFT,2024-01-26,403.9299926757812,384.7698319591268
MSFT,2024-01-29,409.720001220703,386.70181097286013
MSFT,2024-01-30,408.5899963378907,388.50846304856566
MSFT,2024-01-31,397.57998657226545,390.6707238637715
MSFT,2024-02-01,403.77999877929676,392.3886080125859
MSFT,2024-02-02,411.220001220703,393.9734428259938
MSFT,2024-02-05,405.6499938964845,396.4426513816777
MSFT,2024-02-06,405.48999023437506,398.66751452505196
MSFT,2024-02-07,414.0499877929689,400.47277455665625
MSFT,2024-02-08,414.10998535156256,402.6985339991711
MSFT,2024-02-09,420.5499877929688,404.8353386512862
MSFT,2024-02-12,415.2600097656249,406.7054146983816
MSFT,2024-02-13,406.32000732421886,408.2621732008964
MSFT,2024-02-14,409.4899902343751,409.2772677120588
MSFT,2024-02-15,406.5599975585937,410.4346149390794
MSFT,2024-02-16,404.05999755859375,411.04192714808886
MSFT,2024-02-20,402.790008544922,411.5029844597697
MSFT,2024-02-21,402.17999267578125,411.8345013519686
MSFT,2024-02-22,411.64999389648426,411.80560590328264
MSFT,2024-02-23,410.33999633789057,412.04092420314396
MSFT,2024-02-26,407.54000854492193,412.63843989051117
MSFT,2024-02-27,407.48001098632824,412.83863341956584
MSFT,2024-02-28,407.7200012207031,412.440817233355
MSFT,2024-02-29,413.6400146484375,412.43304511195316
MSFT,2024-03-01,415.5000000000001,413.1448219556219
MSFT,2024-03-04,414.9200134277342,413.443123775305
MSFT,2024-03-05,402.6499938964844,414.29523191866787
MSFT,2024-03-06,402.08999633789074,414.7517516013863
MSFT,2024-03-07,409.14001464843733,414.9676281860469
MSFT,2024-03-08,406.220001220703,414.82527003347934
MSFT,2024-03-11,404.519989013672,414.5210929605036
MSFT,2024-03-12,415.27999877929705,413.27631156290397
MSFT,2024-03-13,415.1000061035158,413.7868130271795
MSFT,2024-03-14,425.22000122070295,414.6268481442241
MSFT,2024-03-15,416.4200134277342,415.12055444471264
MSFT,2024-03-18,417.32000732421886,415.5974089390137
MSFT,2024-03-19,421.4100036621094,416.19384941400375
MSFT,2024-03-20,425.230010986328,417.0432430205178
MSFT,2024-03-21,429.36999511718756,417.8985100079593
MSFT,2024-03-22,428.7399902343749,418.94639760882825
MSFT,2024-03-25,422.85998535156244,419.9266653389954
MSFT,2024-03-26,421.6499938964842,420.78383922733553
MSFT,2024-03-27,421.42999267578136,421.5824256114102
MSFT,2024-03-28,420.7200012207032,421.80643594154446
MSFT,2024-04-01,424.5700073242186,422.25703983312286
MSFT,2024-04-02,421.4400024414062,422.8471708140392
MSFT,2024-04-03,420.4500122070311,423.33842424330066
MSFT,2024-04-04,417.88000488281244,424.0666330194555
MSFT,2024-04-05,425.5199890136718,425.3263487596915
MSFT,2024-04-08,424.5899963378906,426.1171290902624
MSFT,2024-04-09,426.27999877929676,427.29538625570933
MSFT,2024-04-10,423.2600097656249,428.4219353876759
MSFT,2024-04-11,427.9299926757812,429.27969894853027
MSFT,2024-04-12,421.8999938964845,429.0086885577477
MSFT,2024-04-15,413.6400146484375,428.72950575874825
MSFT,2024-04-16,414.5799865722655,428.960129503418
MSFT,2024-04-17,411.8399963378907,428.9742234655404
MSFT,2024-04-18,404.2699890136718,428.9019378746066
MSFT,2024-04-19,399.11999511718756,427.64792217648153
MSFT,2024-04-22,400.9599914550781,426.08750186463226
MSFT,2024-04-23,407.57000732421875,424.54020388667635
MSFT,2024-04-24,409.05999755859364,423.6698841127187
MSFT,2024-04-25,399.040008544922,422.58997854010886
MSFT,2024-04-26,406.32000732421886,421.30760004321314
MSFT,2024-04-29,402.25000000000006,420.47911471472037
MSFT,2024-04-30,389.32998657226545,418.87156282762635
MSFT,2024-05-01,394.94000244140625,417.518160285583
MSFT,2024-05-02,397.83999633789057,416.6276401751665
MSFT,2024-05-03,406.6600036621095,415.34955888931563
MSFT,2024-05-06,413.5400085449218,413.48739415061476
MSFT,2024-05-07,409.33999633789074,412.88462066456503
MSFT,2024-05-08,410.54000854492176,411.83890487842444
MSFT,2024-05-09,412.32000732421886,411.1048281769784
MSFT,2024-05-10,414.73999023437483,410.1701109650792
MSFT,2024-05-13,413.72000122070307,410.06675645402987
MSFT,2024-05-14,416.55999755859375,409.6632478119066
MSFT,2024-05-15,423.0799865722655,409.69433027595755
MSFT,2024-05-16,420.98999023437506,409.9108093834928
MSFT,2024-05-17,420.2099914550781,410.71817086597446
MSFT,2024-05-20,425.33999633789074,411.8711809517366
MSFT,2024-05-21,429.0400085449218,413.08720523200014
MSFT,2024-05-22,430.51998901367176,414.28441068407807
MSFT,2024-05-23,427.0000000000001,415.68094064917665
MSFT,2024-05-24,430.16000366210943,418.0005859544519
MSFT,2024-05-28,430.3200073242188,419.0331056275523
MSFT,2024-05-29,429.1700134277342,420.66271045936276
MSFT,2024-05-30,414.6700134277344,422.90689191294933
MSFT,2024-05-31,415.1300048828126,423.8709382811357
MSFT,2024-06-03,413.519989013672,424.9126408169876
MSFT,2024-06-04,416.0700073242189,425.6460038819233
MSFT,2024-06-05,424.0100097656249,425.73514372055814
MSFT,2024-06-06,424.51998901367205,426.42399000696486
MSFT,2024-06-07,423.8500061035156,427.34168441134864
MSFT,2024-06-10,427.86999511718756,427.85509268579483
MSFT,2024-06-11,432.6799926757811,428.93214237028894
MSFT,2024-06-12,441.0599975585939,428.6188891680264
MSFT,2024-06-13,441.57998657226557,429.8301805542737
MSFT,2024-06-14,442.5700073242187,429.7832640333441
MSFT,2024-06-17,448.3699951171876,430.81895724369144
MSFT,2024-06-18,446.33999633789074,431.6900449305548
MSFT,2024-06-20,445.7000122070311,433.3966314293697
MSFT,2024-06-21,449.779998779297,434.5910986386285
MSFT,2024-06-24,447.6700134277345,436.03051576331586
MSFT,2024-06-25,450.9500122070311,436.90427020165794
MSFT,2024-06-26,452.1600036621093,438.44982680835284
MSFT,2024-06-27,452.85000610351574,439.2209712492695
MSFT,2024-06-28,446.95001220703136,440.4381352755681
MSFT,2024-07-01,456.73001098632795,442.40559217387437
MSFT,2024-07-02,459.27999877929705,444.0465665647806
MSFT,2024-07-03,460.7699890136717,446.127234708069
MSFT,2024-07-05,467.55999755859386,448.50473635135313
MSFT,2024-07-08,466.2399902343749,450.5325029749214
MSFT,2024-07-09,459.540008544922,452.5198112199252
MSFT,2024-07-10,466.25000000000017,454.4452502316514
MSFT,2024-07-11,454.7000122070314,456.3599080877572
MSFT,2024-07-12,453.5499877929688,457.7339691281777
MSFT,2024-07-15,453.9599914550783,458.3376446192068
MSFT,2024-07-16,449.51998901367176,458.5332090803872
MSFT,2024-07-17,443.51998901367205,458.99282482516173
MSFT,2024-07-18,440.36999511718744,459.3443860178902
MSFT,2024-07-19,437.1099853515624,459.2788766030068
MSFT,2024-07-22,442.9400024414061,458.6737006587657
MSFT,2024-07-23,444.8500061035156,458.34472695239646
MSFT,2024-07-24,428.8999938964844,457.98202356860634
MSFT,2024-07-25,418.39999389648426,457.3790599996874
MSFT,2024-07-26,425.2699890136719,455.779151865336
MSFT,2024-07-29,426.730010986328,454.0831771462652
MSFT,2024-07-30,422.9200134277344,452.87470236412986
MSFT,2024-07-31,418.3500061035156,450.870041068897
MSFT,2024-08-01,417.10998535156267,448.13806502000324
MSFT,2024-08-02,408.489990234375,446.54643907681566
MSFT,2024-08-05,395.14999389648455,443.0043627627664
MSFT,2024-08-06,399.60998535156233,439.53520292767485
MSFT,2024-08-07,398.4299926757812,436.93730563125786
MSFT,2024-08-08,402.6900024414063,433.37049627907106
MSFT,2024-08-09,406.0199890136717,430.1404800694513
MSFT,2024-08-12,406.8099975585936,427.38112255073224
MSFT,2024-08-13,414.01000976562483,424.84238315827287
MSFT,2024-08-14,416.8599853515624,422.58176093191895
MSFT,2024-08-15,421.0299987792967,420.97340085595164
MSFT,2024-08-16,418.4700012207031,419.38580501923366
MSFT,2024-08-19,421.52999877929693,418.37687517612216
MSFT,2024-08-20,424.7999877929688,417.2365913339932
MSFT,2024-08-21,424.14001464843767,416.01334161272575
MSFT,2024-08-22,415.54998779296886,415.7737299910278
MSFT,2024-08-23,416.79000854492176,415.7310264579725
MSFT,2024-08-26,413.4899902343751,415.2884820261746
MSFT,2024-08-27,413.8399963378905,414.9107151561962
MSFT,2024-08-28,410.6000061035158,414.4212941723672
MSFT,2024-08-29,413.1199951171876,414.2960946059321
MSFT,2024-08-30,417.14001464843756,413.7232889176348
MSFT,2024-09-03,409.4400024414061,414.0712895462617
MSFT,2024-09-04,408.8999938964843,415.34113039375126
MSFT,2024-09-05,408.3900146484376,415.8281464717559
MSFT,2024-09-06,401.70001220703114,416.6109971084729
MSFT,2024-09-09,405.720001220703,417.34801266995737
MSFT,2024-09-10,414.2000122070312,417.44947841741697
MSFT,2024-09-11,423.0400085449217,417.5814441130685
MSFT,2024-09-12,427.0000000000001,417.8162032944308
MSFT,2024-09-13,430.5899963378908,418.2496567759573
MSFT,2024-09-16,431.3399963378908,418.5939399524788
MSFT,2024-09-17,435.1499938964842,419.8645574200908
MSFT,2024-09-18,430.80999755859386,420.52988570321554
MSFT,2024-09-19,438.6900024414061,420.61936198394653
MSFT,2024-09-20,435.2699890136719,420.92605422197283
MSFT,2024-09-23,433.51000976562517,421.69425683627975
MSFT,2024-09-24,429.1700134277342,422.6011186517383
MSFT,2024-09-25,432.10998535156267,423.7461425971206
MSFT,2024-09-26,431.3099975585936,424.8060510481191
MSFT,2024-09-27,428.0199890136719,425.64807951691506
MSFT,2024-09-30,430.2999877929688,426.3839431872229
MSFT,2024-10-01,420.6900024414061,426.6634050463108
MSFT,2024-10-02,417.1300048828126,427.928902162058
MSFT,2024-10-03,416.540008544922,428.44994412153585
MSFT,2024-10-04,416.0599975585938,429.13427432990477
MSFT,2024-10-07,409.540008544922,429.6572646265169
MSFT,2024-10-08,414.709991455078,430.5428350695808
MSFT,2024-10-09,417.45999145507824,430.24510946863705
MSFT,2024-10-10,415.8399963378905,429.53282928730545
MSFT,2024-10-11,416.3200073242189,429.007517427672
MSFT,2024-10-14,419.1400146484374,428.65322448036613
MSFT,2024-10-15,418.73999023437517,427.85546955531737
MSFT,2024-10-16,416.11999511718756,426.8855038482942
MSFT,2024-10-17,416.72000122070307,426.2364203072129
MSFT,2024-10-18,418.1600036621095,425.4656141842072
MSFT,2024-10-21,418.77999877929693,424.2685963955513
MSFT,2024-10-22,427.51000976562517,423.5490275409524
MSFT,2024-10-23,424.6000061035156,423.4753379038381
MSFT,2024-10-24,424.7300109863282,423.71598793770704
MSFT,2024-10-25,428.1499938964844,423.36564287415075
MSFT,2024-10-28,426.58999633789057,423.38669166444186
MSFT,2024-10-29,431.9500122070311,422.68723067459376
MSFT,2024-10-30,432.529998779297,422.8765720925539
MSFT,2024-10-31,406.35000610351557,424.3144231087632
MSFT,2024-11-01,410.36999511718767,424.1584174872448
MSFT,2024-11-04,408.4599914550783,424.33169829134727
MSFT,2024-11-05,411.45999145507807,424.3154335486319
MSFT,2024-11-06,420.1799926757813,423.97113464622095
MSFT,2024-11-07,425.4299926757812,423.8524804800264
MSFT,2024-11-08,422.540008544922,424.1414586521909
MSFT,2024-11-11,418.01000976562517,424.5619736233627
MSFT,2024-11-12,423.0299987792969,424.64172041150084
MSFT,2024-11-13,425.20001220703125,425.1379505713401
MSFT,2024-11-14,426.89001464843767,425.58962705072577
MSFT,2024-11-15,414.99999999999983,426.1734210678359
MSFT,2024-11-18,415.76000976562517,426.3720271933014
MSFT,2024-11-19,417.7900085449217,425.8583090030884
MSFT,2024-11-20,415.4899902343751,425.61144120175726
MSFT,2024-11-21,412.8699951171876,425.14051827879564
MSFT,2024-11-22,417.0,424.5752726074423
MSFT,2024-11-25,418.79000854492205,423.6796315917149
MSFT,2024-11-26,427.98999023437494,422.5499767464475
MSFT,2024-11-27,422.9899902343751,422.31001156573376
MSFT,2024-11-29,423.4599914550782,421.97083640969436
MSFT,2024-12-02,430.9800109863282,422.87181065972726
MSFT,2024-12-03,431.20001220703136,423.8782457738533
MSFT,2024-12-04,437.4200134277343,425.0581134031731
MSFT,2024-12-05,442.6199951171874,426.4678549513227
MSFT,2024-12-06,443.5700073242186,427.8769824496611
MSFT,2024-12-09,446.01998901367205,428.3515659917816
MSFT,2024-12-10,443.3299865722655,429.2554219358274
MSFT,2024-12-11,448.9899902343751,430.58165442824117
MSFT,2024-12-12,449.5599975585938,431.5647468260258
MSFT,2024-12-13,447.26998901367193,432.7183162689145
MSFT,2024-12-16,451.5899963378908,432.05004067497117
MSFT,2024-12-17,454.45999145507824,432.72160891742885
MSFT,2024-12-18,437.3900146484376,434.89886398487016
MSFT,2024-12-19,437.02999877929676,436.8434463688226
MSFT,2024-12-20,436.60000610351557,438.5375021847348
MSFT,2024-12-23,435.2499999999999,439.6178223304688
MSFT,2024-12-24,439.32998657226574,440.5120949931739
MSFT,2024-12-26,438.1099853515625,441.13059201897073
MSFT,2024-12-27,430.5299987792969,441.2891946606636
MSFT,2024-12-30,424.8299865722655,441.90380696193154
MSFT,2024-12-31,421.49999999999994,442.50818270388885
MSFT,2025-01-02,418.5799865722656,442.0808239742156
MSFT,2025-01-03,423.3500061035156,442.0101100341644
MSFT,2025-01-06,427.85000610351545,441.52824081528473
MSFT,2025-01-07,422.36999511718756,440.7360985225579
MSFT,2025-01-08,424.55999755859386,439.45899131012163
MSFT,2025-01-10,418.95001220703114,438.2462160243962
MSFT,2025-01-13,417.1900024414064,437.48865825665956
MSFT,2025-01-14,415.6700134277345,435.57339655957446
MSFT,2025-01-15,426.3099975585937,433.8083074054123
MSFT,2025-01-16,424.5799865722658,432.3785246461224
MSFT,2025-01-17,429.02999877929693,431.7705473803414
MSFT,2025-01-21,428.50000000000006,429.8645387626154
MSFT,2025-01-22,446.20001220703125,430.1313188330273
MSFT,2025-01-23,446.70999145507795,430.8734190794861
MSFT,2025-01-24,444.05999755859364,431.576395499088
MSFT,2025-01-27,434.55999755859364,431.70540827174557
MSFT,2025-01-28,447.2000122070312,431.02006832007226
MSFT,2025-01-29,442.3299865722658,431.54024360981214
MSFT,2025-01-30,414.9899902343749,431.84470138733997
MSFT,2025-01-31,415.0599975585938,431.23883420096666
MSFT,2025-02-03,410.9200134277342,430.73008033925817
MSFT,2025-02-04,412.36999511718733,430.57272462208914
MSFT,2025-02-05,413.29000854492193,429.5236402322165
MSFT,2025-02-06,415.82000732421875,428.8958049548172
MSFT,2025-02-07,409.75,428.7331538788954
MSFT,2025-02-10,412.22000122070295,428.55150325619934
MSFT,2025-02-11,411.44000244140636,427.85675421322446
MSFT,2025-02-12,409.04000854492193,427.2222170697981
MSFT,2025-02-13,410.54000854492176,426.382095192359
MSFT,2025-02-14,408.4299926757814,425.14223170105083
MSFT,2025-02-18,409.6400146484375,424.2679093461793
MSFT,2025-02-19,414.76998901367176,423.2823571185442
MSFT,2025-02-20,416.13000488281256,422.4920349914296
MSFT,2025-02-21,408.20999145507807,420.9190007984584
MSFT,2025-02-24,404.00000000000017,419.088752620297
MSFT,2025-02-25,397.8999938964843,417.0992153292018
MSFT,2025-02-26,399.7300109863281,415.3201819812563
MSFT,2025-02-27,392.52999877929676,413.0953728100913
MSFT,2025-02-28,396.98999023437517,410.6200919432301
MSFT,2025-03-03,388.4899902343751,409.42802538104377
MSFT,2025-03-04,388.6099853515624,408.2008558860899
MSFT,2025-03-05,401.01998901367176,407.39065195521937
MSFT,2025-03-06,396.89001464843744,406.8048172642189
MSFT,2025-03-07,393.30999755859364,406.0479169338659
MSFT,2025-03-10,380.16000366210955,403.9814195015392
MSFT,2025-03-11,380.45001220703125,403.28042912455015
MSFT,2025-03-12,383.26998901367205,401.76198489093565
MSFT,2025-03-13,378.7699890136717,400.6755261273982
MSFT,2025-03-14,388.55999755859386,399.5068818066594
MSFT,2025-03-17,388.70001220703125,398.04892221139653
MSFT,2025-03-18,383.5199890136719,396.9531896084528
MSFT,2025-03-19,387.8200073242187,395.6667052856842
MSFT,2025-03-20,386.83999633789074,393.8327660113346
MSFT,2025-03-21,391.2600097656251,392.75025756343587
MSFT,2025-03-24,393.0799865722657,391.6343692369523
MSFT,2025-03-25,395.1600036621095,391.03734429890574
MSFT,2025-03-26,389.970001220703,390.83211869070647
MSFT,2025-03-27,390.57998657226557,390.4631567154062
MSFT,2025-03-28,378.7999877929688,390.3726043191464
MSFT,2025-03-31,375.3900146484374,389.85304951511097
MSFT,2025-04-01,382.19000244140636,389.0031073823325
MSFT,2025-04-02,382.1400146484376,388.73344641140363
MSFT,2025-04-03,373.1099853515624,387.6566231320043
MSFT,2025-04-04,359.8399963378905,388.2893639206994
MSFT,2025-04-07,357.85998535156256,387.5878070049145
MSFT,2025-04-08,354.5599975585937,386.576822471266
MSFT,2025-04-09,390.4899902343751,385.73111951872414
MSFT,2025-04-10,381.35000610351574,383.53937502986025
MSFT,2025-04-11,388.4500122070313,384.7002152529225
MSFT,2025-04-14,387.80999755859375,383.9631835692495
MSFT,2025-04-15,385.73001098632807,383.69902224017414
MSFT,2025-04-16,371.6099853515625,383.9294210174684
MSFT,2025-04-17,367.77999877929705,383.5210236476995
MSFT,2025-04-21,359.1199951171874,382.41248594356114
MSFT,2025-04-22,366.82000732421886,380.89613416185307
MSFT,2025-04-23,374.39001464843744,379.0671974972463
MSFT,2025-04-24,387.2999877929688,377.60306351983127
MSFT,2025-04-25,391.85000610351545,376.99290490612344
MSFT,2025-04-28,391.16000366210943,376.93875781802996
MSFT,2025-04-29,394.0400085449218,377.45437262119884
MSFT,2025-04-30,395.26000976562483,378.54927067148395
MSFT,2025-05-01,425.3999938964844,379.1688689964915
MSFT,2025-05-02,435.2799987792968,381.4952977870706
MSFT,2025-05-05,436.17001342773426,385.24827118924634
MSFT,2025-05-06,433.3099975585938,389.66184997930753
MSFT,2025-05-07,433.35000610351557,393.6287367758679
MSFT,2025-05-08,438.1700134277345,398.0210817552858
MSFT,2025-05-09,438.73001098632795,400.2364036440151
MSFT,2025-05-12,449.26000976562506,403.14535428064096
MSFT,2025-05-13,449.14001464843733,405.30235188448273
MSFT,2025-05-14,452.94000244140636,408.263660223651
MSFT,2025-05-15,453.13000488281244,411.927800317592
MSFT,2025-05-16,454.26998901367176,416.38668467994404
MSFT,2025-05-19,458.8699951171876,421.2408677408412
MSFT,2025-05-20,458.17001342773426,426.9519789188214
MSFT,2025-05-21,452.57000732421886,432.1769334630154
MSFT,2025-05-22,454.8599853515626,436.93007958674104
MSFT,2025-05-23,450.1799926757814,440.98068681811026
MSFT,2025-05-27,460.69000244140614,444.6189531234461
MSFT,2025-05-28,457.35998535156233,448.07502578104976
MSFT,2025-05-29,458.67999267578114,451.45836143033836
MSFT,2025-05-30,460.3599853515625,455.1353771466167
MSFT,2025-06-02,461.9700012207032,456.7755248134834
MSFT,2025-06-03,462.97000122070324,457.8088953574437
MSFT,2025-06-04,463.86999511718756,458.88755188711474
MSFT,2025-06-05,467.6799926757814,460.5463073407786
MSFT,2025-06-06,470.38000488281244,462.63477327573
MSFT,2025-06-09,472.75,464.6619894089209
MSFT,2025-06-10,470.92001342773443,466.71631370161873
MSFT,2025-06-11,472.6199951171877,467.8579319517223
MSFT,2025-06-12,478.8699951171874,469.08738131680366
MSFT,2025-06-13,474.95999145507824,470.6121578081512
MSFT,2025-06-16,479.1400146484375,472.1601387382148
MSFT,2025-06-17,478.0400085449218,472.99934916878215
MSFT,2025-06-18,480.23999023437506,474.1293260271228
MSFT,2025-06-20,477.3999938964845,475.06838304146606
MSFT,2025-06-23,485.99999999999994,475.6511703745543
MSFT,2025-06-24,490.10998535156267,477.10733660521703
MSFT,2025-06-25,492.26998901367176,479.16624562506064
MSFT,2025-06-26,497.45001220703114,480.7901777240532
MSFT,2025-06-27,495.9400024414064,482.79986416202684
MSFT,2025-06-30,497.41000366210955,484.9990545637448
MSFT,2025-07-01,492.04998779296886,486.35502663375723
MSFT,2025-07-02,491.08999633789045,488.0297354787842
MSFT,2025-07-03,498.8399963378908,489.30296083587683
MSFT,2025-07-07,497.72000122070324,490.9478270990121
MSFT,2025-07-08,496.6199951171876,492.6415619932039
MSFT,2025-07-09,503.5100097656249,493.9286052704314
MSFT,2025-07-10,501.4800109863283,495.4263932387013
MSFT,2025-07-11,503.32000732421875,496.780101494955
MSFT,2025-07-14,503.01998901367205,498.44425376681227
MSFT,2025-07-15,505.8200073242186,499.8210882711425
MSFT,2025-07-16,505.6199951171877,501.5065955337166
MSFT,2025-07-17,511.7000122070314,502.85691848186957
MSFT,2025-07-18,510.0499877929688,504.872831184705
MSFT,2025-07-21,510.0599975585936,506.28236960534474
MSFT,2025-07-22,505.26998901367205,507.6435429089826
MSFT,2025-07-23,505.86999511718756,508.6366410458878
MSFT,2025-07-24,510.8800048828126,509.5155540523963
MSFT,2025-07-25,513.7100219726564,510.3497770522159
MSFT,2025-07-28,512.5000000000001,511.1788934131283
MSFT,2025-07-29,512.5700073242186,511.7149299441004
MSFT,2025-07-30,513.2399902343748,512.4553224760897
MSFT,2025-07-31,533.5,513.6542677365436
MSFT,2025-08-01,524.1099853515624,516.4457131748677
MSFT,2025-08-04,535.6400146484375,518.1763235864695
MSFT,2025-08-05,527.7500000000001,519.9474300629485
MSFT,2025-08-06,524.9400024414065,521.5506161329804
MSFT,2025-08-07,520.8400268554689,521.610750513107
MSFT,2025-08-08,522.0399780273436,522.1248982013733
MSFT,2025-08-11,521.7700195312499,522.1552409880901
MSFT,2025-08-12,529.2399902343751,523.2858895839162
MSFT,2025-08-13,520.5800170898438,523.9746202667349
MSFT,2025-08-14,522.4799804687502,524.2206788237896
MSFT,2025-08-15,520.1699829101564,524.7676273439317
MSFT,2025-08-18,517.0999755859374,525.5750394615679
MSFT,2025-08-19,509.769989013672,526.1199746506619
MSFT,2025-08-20,505.720001220703,526.3603875496763
MSFT,2025-08-21,504.239990234375,526.7786671274604
MSFT,2025-08-22,507.2300109863283,526.4985322822372
MSFT,2025-08-25,504.26000976562483,525.9028793488881
MSFT,2025-08-26,502.0400085449218,525.7138500246001
MSFT,2025-08-27,506.73999023437506,524.8634817208143
MSFT,2025-08-28,509.64001464843756,524.2838411438757
MSFT,2025-08-29,506.69000244140636,522.3216458455884
MSFT,2025-09-02,505.1199951171875,521.3909107397268
MSFT,2025-09-03,505.35000610351545,519.6773213764931
MSFT,2025-09-04,507.97000122070324,517.6738314079829
MSFT,2025-09-05,495.0,516.5876553367551
MSFT,2025-09-08,498.2000122070314,514.5600574299505
MSFT,2025-09-09,498.41000366210955,513.259570949317
MSFT,2025-09-10,500.36999511718767,512.6159889823866
MSFT,2025-09-11,501.0100097656251,511.52823698700604
MSFT,2025-09-12,509.8999938964845,510.2646960803275
MSFT,2025-09-15,515.3599853515624,509.03797681892604
MSFT,2025-09-16,509.0400085449219,508.4917033396628
MSFT,2025-09-17,510.0199890136718,508.024179748691
MSFT,2025-09-18,508.4500122070314,508.2612536091739
MSFT,2025-09-19,517.929992675781,508.7772149907307
MSFT,2025-09-22,514.4500122070315,508.96170526034547
MSFT,2025-09-23,509.23001098632807,509.22341708834387
MSFT,2025-09-24,510.14999389648443,509.67469692889415
MSFT,2025-09-25,507.02999877929693,510.1821348650084
MSFT,2025-09-26,511.45999145507795,509.81180416986876
MSFT,2025-09-29,514.5999755859377,509.9580181658556
MSFT,2025-09-30,517.9500122070312,510.6448549551752
MSFT,2025-10-01,519.7100219726562,511.51826298604476
MSFT,2025-10-02,515.7399902343751,512.2536001216362
MSFT,2025-10-03,517.3499755859375,512.2844154406706
MSFT,2025-10-06,528.570007324219,513.5812130025744
MSFT,2025-10-07,523.9799804687499,514.9321666070381
MSFT,2025-10-08,524.8499755859375,515.9223973216484
MSFT,2025-10-09,522.4000244140625,516.8121970390157
MSFT,2025-10-10,510.95999145507807,518.3696325585886
MSFT,2025-10-13,514.0499877929685,519.302059813571
MSFT,2025-10-14,513.5700073242188,518.8008178122273
MSFT,2025-10-15,513.4299926757815,519.007878999814
MSFT,2025-10-16,511.60998535156267,518.7881905955091
MSFT,2025-10-17,513.5800170898436,518.9456265174814
MSFT,2025-10-20,516.7899780273436,518.295004949048
MSFT,2025-10-21,517.6599731445312,517.5317450213153
MSFT,2025-10-22,520.5399780273436,518.097885156559
MSFT,2025-10-23,520.5599975585935,519.0030917574842
MSFT,2025-10-24,523.6099853515624,519.5402742885883
MSFT,2025-10-27,531.5200195312499,519.5499856054635
MSFT,2025-10-28,542.0700073242189,519.9082994543444
MSFT,2025-10-29,541.5499877929686,521.174878737095
MSFT,2025-10-30,525.760009765625,521.9766037083691
MSFT,2025-10-31,517.8099975585938,522.536043357675
MSFT,2025-11-03,517.030029296875,522.7478672739871
MSFT,2025-11-04,514.3300170898436,522.4850433382567
MSFT,2025-11-05,507.16000366210955,521.8836739441182
MSFT,2025-11-06,497.1000061035155,520.3398440974871
MSFT,2025-11-07,496.82000732421875,518.9676976417288
MSFT,2025-11-10,506.0000000000001,518.4209486968178
MSFT,2025-11-11,508.67999267578125,517.9207224681425
MSFT,2025-11-12,511.14001464843744,517.323622218152
MSFT,2025-11-13,503.29000854492165,516.8164401615353
MSFT,2025-11-14,510.179992675781,516.5722800620299
MSFT,2025-11-17,507.4899902343752,516.473554185182
MSFT,2025-11-18,493.790008544922,516.2149927854299
MSFT,2025-11-19,487.1199951171876,514.9589893362471
MSFT,2025-11-20,478.4299926757813,513.0466033083671
MSFT,2025-11-21,472.11999511718767,511.1934703952687
MSFT,2025-11-24,474.00000000000017,507.96905946193016
MSFT,2025-11-25,476.98999023437517,503.523657722351
MSFT,2025-11-26,485.5000000000001,499.78799180523185
MSFT,2025-11-28,492.01000976562506,496.5884456948961
MSFT,2025-12-01,486.73999023437517,494.4277871886746
MSFT,2025-12-02,489.99999999999983,492.8610232972099
MSFT,2025-12-03,477.7300109863282,491.6249539415433
MSFT,2025-12-04,480.83999633789074,489.9480065444835
MSFT,2025-12-05,483.1600036621093,488.9225576495271
MSFT,2025-12-08,491.0199890136718,488.00480593172864
MSFT,2025-12-09,492.01998901367165,487.67413968624317
MSFT,2025-12-10,478.55999755859364,486.8558561747064
MSFT,2025-12-11,483.47000122070307,485.10465047014037
MSFT,2025-12-12,478.5299987792967,483.52711682792113
MSFT,2025-12-15,474.82000732421886,483.1600256775557
MSFT,2025-12-16,476.39001464843744,482.11246678965534
MSFT,2025-12-17,476.1199951171874,480.4885337970392
MSFT,2025-12-18,483.98001098632807,479.89787386019003
MSFT,2025-12-19,485.92001342773426,479.73639167486857
MSFT,2025-12-22,484.92001342773415,479.8531833648362
MSFT,2025-12-23,486.85000610351557,480.8709782872179
MSFT,2025-12-24,488.019989013672,481.497868020751
MSFT,2025-12-26,487.70999145507807,481.9903278693415
MSFT,2025-12-29,487.1000061035155,482.2842463355837
MSFT,2025-12-30,487.480010986328,481.9032183675907
MSFT,2025-12-31,483.6199951171874,481.9750347483163
AVGO,2023-10-31,84.13700103759764,84.5214878202766
AVGO,2023-11-01,85.29399871826173,84.94721090703797
AVGO,2023-11-02,87.12999725341797,85.24870142008267
AVGO,2023-11-03,88.26799774169919,85.74656970215474
AVGO,2023-11-06,88.08300018310544,86.1114280227441
AVGO,2023-11-07,89.78199768066408,86.4000151546468
AVGO,2023-11-08,91.11299896240237,86.73480124255808
AVGO,2023-11-09,91.13800048828124,87.011674851083
AVGO,2023-11-10,95.75199890136719,87.12345092395027
AVGO,2023-11-13,94.69300079345702,87.73209275422037
AVGO,2023-11-14,97.29599761962893,88.046505621703
AVGO,2023-11-15,97.54000091552737,88.54339737600775
AVGO,2023-11-16,95.95500183105473,89.09041923841649
AVGO,2023-11-17,97.77300262451169,89.60546301663874
AVGO,2023-11-20,99.57099914550783,90.32831909717787
AVGO,2023-11-21,98.12000274658203,90.99270040159867
AVGO,2023-11-22,97.19999694824222,91.59238525462575
AVGO,2023-11-24,97.8870010375977,92.27400245206499
AVGO,2023-11-27,95.02400207519528,93.12439440879974
AVGO,2023-11-28,94.6350021362305,93.71753763179177
AVGO,2023-11-29,94.08300018310544,94.40989876547673
AVGO,2023-11-30,92.57299804687501,95.03265944494292
AVGO,2023-12-01,93.00000000000003,95.41677033604437
AVGO,2023-12-04,92.39700317382811,95.81661892960774
AVGO,2023-12-05,91.31199645996098,96.118374941435
AVGO,2023-12-06,90.36399841308597,96.29232689379661
AVGO,2023-12-07,92.22599792480469,96.48393744705226
AVGO,2023-12-08,94.43000030517578,96.5796208465523
AVGO,2023-12-11,102.92400360107419,96.73511900711405
AVGO,2023-12-12,107.22799682617186,97.05243885669466
AVGO,2023-12-13,108.96900177001953,97.89878544893061
AVGO,2023-12-14,110.64900207519527,98.37736811449933
AVGO,2023-12-15,112.97399902343746,99.0611659915768
AVGO,2023-12-18,114.69999694824224,99.84894734643302
AVGO,2023-12-19,113.95800018310543,100.68467091941346
AVGO,2023-12-20,111.0380020141602,101.39150092021592
AVGO,2023-12-21,112.72899627685547,102.07519247419668
AVGO,2023-12-22,112.19799804687496,102.69233271850689
AVGO,2023-12-26,113.18900299072267,103.42405600739218
AVGO,2023-12-27,112.61699676513669,104.41985123269568
AVGO,2023-12-28,112.2409973144531,105.40035527962038
AVGO,2023-12-29,111.62500000000003,106.38947501311632
AVGO,2024-01-02,108.53800201416011,107.44524634110539
AVGO,2024-01-03,105.8580017089844,108.43271150487976
AVGO,2024-01-04,104.90100097656253,109.18349156221862
AVGO,2024-01-05,104.92800140380858,109.93449057702657
AVGO,2024-01-08,107.48500061035155,110.79016695854726
AVGO,2024-01-09,108.24900054931638,111.63258057164049
AVGO,2024-01-10,108.05699920654301,112.49856383856076
AVGO,2024-01-11,109.99800109863284,112.72965616764432
AVGO,2024-01-12,110.76799774169919,112.8505882240819
AVGO,2024-01-16,111.49600219726564,112.95078167626379
AVGO,2024-01-17,110.36699676513673,112.96216386096
AVGO,2024-01-18,114.39099884033203,112.97554495421862
AVGO,2024-01-19,121.12000274658205,113.26990755485188
AVGO,2024-01-22,122.05000305175783,113.51062525174638
AVGO,2024-01-23,122.6309967041016,113.90678400021474
AVGO,2024-01-24,125.38700103759771,114.47857951700531
AVGO,2024-01-25,122.99999999999994,115.19559868008005
AVGO,2024-01-26,120.48799896240236,115.640663300932
AVGO,2024-01-29,121.77700042724608,116.16163166051217
AVGO,2024-01-30,120.8160018920898,116.60718548412602
AVGO,2024-01-31,118.00000000000004,117.20748777822497
AVGO,2024-02-01,120.00099945068364,117.70394155331927
AVGO,2024-02-02,122.43399810791011,118.38042625249541
AVGO,2024-02-05,124.30999755859379,119.39807705119362
AVGO,2024-02-06,122.26499938964844,120.53710757841968
AVGO,2024-02-07,125.70600128173828,121.47401111016919
AVGO,2024-02-08,127.47599792480473,122.60111913764042
AVGO,2024-02-09,128.34399414062503,124.09507531305955
AVGO,2024-02-12,126.5,125.00490400938207
AVGO,2024-02-13,125.16500091552739,125.79416667237597
AVGO,2024-02-14,126.22200012207027,126.70724772658207
AVGO,2024-02-15,126.50700378417966,127.65568416088546
AVGO,2024-02-16,124.54799652099607,128.36754288546913
AVGO,2024-02-20,122.65499877929688,128.60971676504727
AVGO,2024-02-21,122.74500274658207,128.59797707278406
AVGO,2024-02-22,130.49000549316412,128.57425683368774
AVGO,2024-02-23,129.63699340820312,128.6739091983734
AVGO,2024-02-26,130.9129943847656,129.05450118055398
AVGO,2024-02-27,129.62300109863278,129.55033478306717
AVGO,2024-02-28,128.9420013427734,129.738683137684
AVGO,2024-02-29,130.04899597167966,130.2317996070527
AVGO,2024-03-01,139.9170074462891,130.9166319557575
AVGO,2024-03-04,140.22599792480463,131.9789861745383
AVGO,2024-03-05,134.2749938964844,133.15054479114926
AVGO,2024-03-06,135.00000000000003,133.76454768697351
AVGO,2024-03-07,140.70100402832034,134.69839478839606
AVGO,2024-03-08,130.8719940185547,135.60451644468253
AVGO,2024-03-11,129.31199645996088,135.75917971262882
AVGO,2024-03-12,129.18800354003903,135.5534718984746
AVGO,2024-03-13,125.78700256347656,135.5190592063013
AVGO,2024-03-14,126.22699737548828,135.66976060615508
AVGO,2024-03-15,123.55000305175778,135.62915620563427
AVGO,2024-03-18,123.72399902343753,135.292143820191
AVGO,2024-03-19,123.80100250244146,135.1457721540088
AVGO,2024-03-20,127.59999847412111,135.03410231695133
AVGO,2024-03-21,134.8000030517578,135.2375819102488
AVGO,2024-03-22,135.34700012207028,135.15235816071603
AVGO,2024-03-25,135.15800476074224,135.49214769532227
AVGO,2024-03-26,133.14900207519537,135.51303621524977
AVGO,2024-03-27,131.87300109863287,135.60434615589622
AVGO,2024-03-28,132.54100036621097,135.61537633627165
AVGO,2024-04-01,135.0260009765625,135.79957473380065
AVGO,2024-04-02,133.87600708007815,135.6041585341999
AVGO,2024-04-03,136.32099914550778,135.32616332612218
AVGO,2024-04-04,131.75,135.294869196421
AVGO,2024-04-05,133.94299316406244,135.20567634459897
AVGO,2024-04-08,133.61000061035153,134.91223613763685
AVGO,2024-04-09,133.40800476074213,135.17954245560145
AVGO,2024-04-10,132.23699951171872,135.52841000117502
AVGO,2024-04-11,138.24600219726557,135.80348469090364
AVGO,2024-04-12,134.40699768066412,136.1526017199668
AVGO,2024-04-15,131.06900024414068,136.58619141990636
AVGO,2024-04-16,132.90600585937497,137.05198833897015
AVGO,2024-04-17,128.26300048828122,137.57279591609765
AVGO,2024-04-18,125.89900207519534,138.05791346075247
AVGO,2024-04-19,120.47100067138673,137.89006156047503
AVGO,2024-04-22,122.44599914550786,137.162788336469
AVGO,2024-04-23,124.91899871826169,136.44107223216903
AVGO,2024-04-24,125.68199920654301,135.88576471840065
AVGO,2024-04-25,129.44200134277344,135.44814228938864
AVGO,2024-04-26,134.40699768066412,135.50756280642395
AVGO,2024-04-29,133.86199951171878,135.49838262077347
AVGO,2024-04-30,130.0269927978515,135.41765279367976
AVGO,2024-05-01,124.28600311279291,135.35812360261585
AVGO,2024-05-02,123.85700225830074,134.7098323002812
AVGO,2024-05-03,127.81099700927739,134.15493211707212
AVGO,2024-05-06,131.03100585937497,133.768094988356
AVGO,2024-05-07,130.31100463867185,133.45487435765963
AVGO,2024-05-08,132.53700256347653,133.25863786174943
AVGO,2024-05-09,130.56700134277344,133.38293043956764
AVGO,2024-05-10,133.27999877929685,132.99227038302314
AVGO,2024-05-13,133.75100708007812,133.1100076782944
AVGO,2024-05-14,138.00300598144528,133.01796723186166
AVGO,2024-05-15,143.6170043945313,133.34130014546508
AVGO,2024-05-16,141.21299743652347,134.10302667723784
AVGO,2024-05-17,139.52900695800778,134.75503831393482
AVGO,2024-05-20,141.40299987792974,135.8281388101014
AVGO,2024-05-21,139.91999816894526,136.7406465916289
AVGO,2024-05-22,139.2239990234375,137.56401962651827
AVGO,2024-05-23,139.3289947509766,138.4635120035105
AVGO,2024-05-24,140.7839965820313,139.08342490838098
AVGO,2024-05-28,141.24499511718747,139.39089301757753
AVGO,2024-05-29,139.0670013427734,139.6034112525364
AVGO,2024-05-30,136.4080047607422,139.91427929326028
AVGO,2024-05-31,132.854995727539,140.87114411125833
AVGO,2024-06-03,132.19000244140622,141.32646122632855
AVGO,2024-06-04,133.08200073242188,141.54679090125381
AVGO,2024-06-05,141.30900573730472,141.56952245000912
AVGO,2024-06-06,140.1269989013672,142.26526300986805
AVGO,2024-06-07,140.66400146484375,142.77312569325994
AVGO,2024-06-10,144.04699707031244,143.30819029901804
AVGO,2024-06-11,146.1029968261719,143.97817499549382
AVGO,2024-06-12,149.55099487304685,144.299321728888
AVGO,2024-06-13,167.89900207519526,144.58871366948884
AVGO,2024-06-14,173.50399780273435,145.66101745328933
AVGO,2024-06-17,182.88699340820312,147.31277724095716
AVGO,2024-06-18,180.25199890136727,149.23739209445404
AVGO,2024-06-20,173.4559936523437,151.01472511501336
AVGO,2024-06-21,165.8630065917969,152.9534434538022
AVGO,2024-06-24,159.2209930419922,154.5076107882005
AVGO,2024-06-25,158.0789947509766,155.3775938387431
AVGO,2024-06-26,159.19999694824224,156.41383766615394
AVGO,2024-06-27,158.666000366211,157.2604575315409
AVGO,2024-06-28,160.55299377441412,158.64176637338673
AVGO,2024-07-01,164.08000183105474,160.1693664815583
AVGO,2024-07-02,165.74800109863276,161.68954358066642
AVGO,2024-07-03,172.92199707031247,163.6473874772077
AVGO,2024-07-05,170.3309936523438,165.95294600021467
AVGO,2024-07-08,174.58599853515628,167.746449633466
AVGO,2024-07-09,173.33099365234375,169.79525916220453
AVGO,2024-07-10,174.468994140625,171.60835537712205
AVGO,2024-07-11,170.59500122070307,173.27072880229423
AVGO,2024-07-12,170.0670013427734,174.7628159268139
AVGO,2024-07-15,171.41999816894526,175.82714038840848
AVGO,2024-07-16,169.38000488281244,176.00818978483292
AVGO,2024-07-17,155.979995727539,175.9991319516023
AVGO,2024-07-18,160.52000427246094,174.4224167908794
AVGO,2024-07-19,157.35000610351557,173.61595662298765
AVGO,2024-07-22,161.05999755859375,172.60464264215148
AVGO,2024-07-23,163.77000427246088,172.4201864799594
AVGO,2024-07-24,151.33999633789065,172.66635722912773
AVGO,2024-07-25,149.2599945068359,172.23744640449212
AVGO,2024-07-26,151.63000488281256,171.90037016947886
AVGO,2024-07-29,150.2200012207031,171.43510947090016
AVGO,2024-07-30,143.52000427246088,170.83867795654893
AVGO,2024-07-31,160.67999267578125,169.73251827510086
AVGO,2024-08-01,147.02000427246088,169.51013573890492
AVGO,2024-08-02,143.82000732421872,168.25327859182408
AVGO,2024-08-05,142.08000183105474,166.93136470143352
AVGO,2024-08-06,143.9199981689453,165.5632107067822
AVGO,2024-08-07,136.2700042724609,164.44359839698794
AVGO,2024-08-08,145.7400054931641,162.49477807380543
AVGO,2024-08-09,148.259994506836,161.1931759238315
AVGO,2024-08-12,148.61999511718753,159.99782205472258
AVGO,2024-08-13,156.1600036621094,158.72259792972483
AVGO,2024-08-14,157.6900024414063,157.99613334604115
AVGO,2024-08-15,166.1300048828125,157.78949871641868
AVGO,2024-08-16,165.7200012207032,157.84645914199822
AVGO,2024-08-19,167.71000671386724,158.2222275007195
AVGO,2024-08-20,165.9499969482422,158.54587784155544
AVGO,2024-08-21,165.77999877929682,158.50655616106357
AVGO,2024-08-22,162.33999633789068,159.19703724844837
AVGO,2024-08-23,166.3600006103515,159.95792115911212
AVGO,2024-08-26,159.61999511718753,160.94073648542408
AVGO,2024-08-27,161.38999938964838,161.55313315675917
AVGO,2024-08-28,158.1799926757813,162.64185446714393
AVGO,2024-08-29,156.9299926757812,162.651973052381
AVGO,2024-08-30,162.82000732421875,163.08850101001465
AVGO,2024-09-03,152.78999328613287,164.17788801088363
AVGO,2024-09-04,154.11999511718744,164.87271359732694
AVGO,2024-09-05,152.8200073242187,165.45388996142592
AVGO,2024-09-06,137.00000000000003,166.4995347619518
AVGO,2024-09-09,140.82000732421875,165.87500514580518
AVGO,2024-09-10,148.21000671386716,165.74828887113293
AVGO,2024-09-11,158.270004272461,165.36507044729908
AVGO,2024-09-12,164.55999755859372,165.51420746217858
AVGO,2024-09-13,167.69000244140622,166.04368868880337
AVGO,2024-09-16,164.02000427246088,165.92366374019878
AVGO,2024-09-17,162.47000122070307,165.88647626042712
AVGO,2024-09-18,161.66999816894526,165.4704201933987
AVGO,2024-09-19,167.41999816894537,165.3211243629289
AVGO,2024-09-20,171.10000610351565,165.48967448277202
AVGO,2024-09-23,172.9400024414062,165.7661082850591
AVGO,2024-09-24,174.8399963378906,166.0458620077757
AVGO,2024-09-25,175.520004272461,167.11174810031693
AVGO,2024-09-26,178.08999633789057,167.75275178368173
AVGO,2024-09-27,172.69000244140622,168.21158187739596
AVGO,2024-09-30,172.50000000000006,168.77013802616185
AVGO,2024-10-01,167.47000122070307,169.14847965647286
AVGO,2024-10-02,170.66000366210935,170.25920287371596
AVGO,2024-10-03,171.8899993896485,171.34230627631376
AVGO,2024-10-04,176.63999938964838,172.47846589441136
AVGO,2024-10-07,175.08000183105466,174.72946478301313
AVGO,2024-10-08,180.729995727539,176.94281900985487
AVGO,2024-10-09,185.94999694824222,178.67855425982265
AVGO,2024-10-10,185.6900024414062,180.1298415325524
AVGO,2024-10-11,181.479995727539,181.02520680309914
AVGO,2024-10-14,182.3099975585937,181.95992236693417
AVGO,2024-10-15,175.97999572753912,182.85318528186784
AVGO,2024-10-16,176.8200073242187,183.59687409218301
AVGO,2024-10-17,181.52999877929682,184.2232230378876
AVGO,2024-10-18,179.88999938964844,185.6497283205524
AVGO,2024-10-21,179.99000549316406,185.9207142212807
AVGO,2024-10-22,179.38000488281241,186.44475161952462
AVGO,2024-10-23,173.50999450683597,186.56172028740033
AVGO,2024-10-24,171.35000610351557,186.86351595870647
AVGO,2024-10-25,173.00000000000006,186.2440443319855
AVGO,2024-10-28,172.02000427246094,186.4376889034906
AVGO,2024-10-29,179.24000549316412,186.10190513974612
AVGO,2024-10-30,176.63999938964838,186.72832992907905
AVGO,2024-10-31,169.77000427246097,187.2003833948924
AVGO,2024-11-01,168.9199981689453,187.45285719758627
AVGO,2024-11-04,168.5500030517578,187.12125228379708
AVGO,2024-11-05,173.8999938964843,186.60239766718757
AVGO,2024-11-06,179.55000305175778,186.12805053349493
AVGO,2024-11-07,183.80999755859378,185.1512181982342
AVGO,2024-11-08,183.63999938964844,185.14028424082554
AVGO,2024-11-11,178.9100036621094,185.30919562485758
AVGO,2024-11-12,176.22000122070312,185.0581856723542
AVGO,2024-11-13,173.58000183105474,185.18176125954272
AVGO,2024-11-14,170.38000488281244,184.9835465303219
AVGO,2024-11-15,164.83999633789062,184.48926312737302
AVGO,2024-11-18,165.66999816894534,183.8757035410026
AVGO,2024-11-19,165.35000610351565,183.01755799085356
AVGO,2024-11-20,163.24999999999997,182.2606217009077
AVGO,2024-11-21,163.9400024414063,181.55829698934036
AVGO,2024-11-22,164.22999572753906,181.01622200144368
AVGO,2024-11-25,164.82000732421872,180.46496728287156
AVGO,2024-11-26,164.740005493164,179.77004440857033
AVGO,2024-11-27,159.66999816894534,178.9672704782312
AVGO,2024-11-29,162.0800018310547,178.25604580941612
AVGO,2024-12-02,166.50999450683597,177.92052787252587
AVGO,2024-12-03,168.14999389648438,178.18905396053546
AVGO,2024-12-04,170.55999755859372,178.2065477577279
AVGO,2024-12-05,170.47000122070312,177.8001627409017
AVGO,2024-12-06,179.5299987792969,177.612453257916
AVGO,2024-12-09,178.94000244140634,177.24701022282738
AVGO,2024-12-10,171.8099975585937,176.70644005807074
AVGO,2024-12-11,183.19999694824222,176.48527431841342
AVGO,2024-12-12,180.66000366210932,176.7202748168764
AVGO,2024-12-13,224.80000305175773,177.19608230506532
AVGO,2024-12-16,249.9999999999999,179.97026882841521
AVGO,2024-12-17,240.2299957275391,183.60855451911686
AVGO,2024-12-18,223.6199951171875,187.06249232897372
AVGO,2024-12-19,218.3200073242187,190.25937082197694
AVGO,2024-12-20,220.78999328613276,194.0594178577011
AVGO,2024-12-23,232.3500061035156,196.86678610758582
AVGO,2024-12-24,239.6799926757812,200.93005784211317
AVGO,2024-12-26,245.36000061035162,204.7285742386301
AVGO,2024-12-27,241.74999999999991,208.77231564369714
AVGO,2024-12-30,235.58000183105472,213.4719129944978
AVGO,2024-12-31,231.83999633789054,217.956823208495
AVGO,2025-01-02,231.97999572753906,221.72051476074765
AVGO,2025-01-03,232.55000305175787,225.54285890307224
AVGO,2025-01-06,236.41000366210932,229.32691463695076
AVGO,2025-01-07,228.63999938964852,233.05385399189925
AVGO,2025-01-08,229.3099975585938,235.54748537455623
AVGO,2025-01-10,224.30999755859366,238.48296902971722
AVGO,2025-01-13,225.28999328613278,242.24584030038992
AVGO,2025-01-14,224.69999694824224,244.88625528059353
AVGO,2025-01-15,228.00000000000006,247.4594103212365
AVGO,2025-01-16,229.41000366210935,247.2934343393483
AVGO,2025-01-17,237.4400024414062,246.91508423114954
AVGO,2025-01-21,240.30999755859384,246.25793019505727
AVGO,2025-01-22,240.91000366210932,247.21038476877035
AVGO,2025-01-23,240.27999877929696,248.33986761788796
AVGO,2025-01-24,244.69999694824224,249.7825271233161
AVGO,2025-01-27,202.13000488281253,250.5557214006645
AVGO,2025-01-28,207.3600006103515,248.20570715626633
AVGO,2025-01-29,206.3500061035156,246.46689148862598
AVGO,2025-01-30,215.6600036621094,244.47537974633335
AVGO,2025-01-31,221.27000427246094,243.3615200168239
AVGO,2025-02-03,217.72999572753903,243.01551320767715
AVGO,2025-02-04,222.42999267578122,242.0612506932295
AVGO,2025-02-05,231.99999999999997,241.59895699845544
AVGO,2025-02-06,231.36000061035156,241.2570949223577
AVGO,2025-02-07,224.8699951171875,241.38217037315215
AVGO,2025-02-10,235.03999328613293,241.19006839762358
AVGO,2025-02-11,235.03999328613293,241.47628339843376
AVGO,2025-02-12,236.3500061035157,242.1385274520189
AVGO,2025-02-13,235.80000305175787,242.88486206642182
AVGO,2025-02-14,233.03999328613276,242.5718808840525
AVGO,2025-02-18,228.52999877929682,242.52065346669283
AVGO,2025-02-19,228.72999572753915,241.3275231596899
AVGO,2025-02-20,226.74000549316412,240.73095261376923
AVGO,2025-02-21,218.66000366210932,240.11867304801575
AVGO,2025-02-24,207.92999267578134,239.41970540619945
AVGO,2025-02-25,202.5399932861328,237.24974025803135
AVGO,2025-02-26,212.9400024414063,237.38336093265764
AVGO,2025-02-27,197.80000305175778,237.70514600676677
AVGO,2025-02-28,199.4299926757813,237.15272715976528
AVGO,2025-03-03,187.36999511718759,235.84272426136374
AVGO,2025-03-04,187.47999572753912,233.84860670814837
AVGO,2025-03-05,191.58000183105474,232.58308162307097
AVGO,2025-03-06,179.44999694824222,230.65699494943883
AVGO,2025-03-07,194.96000671386713,227.80701171696424
AVGO,2025-03-10,184.44999694824216,225.4165497866615
AVGO,2025-03-11,190.08999633789062,223.6583056092017
AVGO,2025-03-12,194.22999572753915,221.3342518409883
AVGO,2025-03-13,191.36000061035153,218.93243859602566
AVGO,2025-03-14,195.5399932861328,216.5357095973169
AVGO,2025-03-17,194.50000000000009,214.00736096128549
AVGO,2025-03-18,188.66999816894528,211.8850857680531
AVGO,2025-03-19,195.57000732421866,209.87392303340874
AVGO,2025-03-20,190.5399932861328,208.05099078526163
AVGO,2025-03-21,191.66000366210946,206.35489898810945
AVGO,2025-03-24,191.24999999999994,205.35527591775596
AVGO,2025-03-25,188.259994506836,204.44347573552892
AVGO,2025-03-26,179.27000427246085,203.79352400499494
AVGO,2025-03-27,171.990005493164,201.94131604040797
AVGO,2025-03-28,169.11999511718744,200.25242628082623
AVGO,2025-03-31,167.42999267578125,198.84433439906059
AVGO,2025-04-01,168.520004272461,197.79169892642173
AVGO,2025-04-02,172.0899963378907,196.6127226434294
AVGO,2025-04-03,154.009994506836,195.51880034697066
AVGO,2025-04-04,146.28999328613276,194.9754421622955
AVGO,2025-04-07,154.13999938964847,192.9008304424026
AVGO,2025-04-08,156.02999877929693,190.9176080275573
AVGO,2025-04-09,185.14999389648435,189.2143238605995
AVGO,2025-04-10,172.30000305175784,187.64217998852826
AVGO,2025-04-11,181.94000244140628,187.17198189776673
AVGO,2025-04-14,178.3600006103516,186.68505907538724
AVGO,2025-04-15,178.94999694824216,185.5163202085785
AVGO,2025-04-16,174.6100006103516,185.11442729295985
AVGO,2025-04-17,170.9900054931641,184.17311480860198
AVGO,2025-04-21,166.21000671386724,183.18004066796277
AVGO,2025-04-22,169.5800018310547,182.0437690344095
AVGO,2025-04-23,176.91000366210938,180.54921958307435
AVGO,2025-04-24,188.14999389648435,179.877578797949
AVGO,2025-04-25,192.30999755859375,180.06222746479
AVGO,2025-04-28,192.4700012207032,180.90640521966574
AVGO,2025-04-29,191.16999816894528,182.06673538060016
AVGO,2025-04-30,192.4700012207032,183.44431402745883
AVGO,2025-05-01,197.33000183105477,184.78723114924608
AVGO,2025-05-02,203.6399993896485,186.1128858085315
AVGO,2025-05-05,200.72000122070312,188.93857204823894
AVGO,2025-05-06,200.08999633789054,192.0901657214271
AVGO,2025-05-07,204.80999755859378,194.51312859956766
AVGO,2025-05-08,207.7700042724609,197.22788022371586
AVGO,2025-05-09,208.19999694824216,198.18913458157007
AVGO,2025-05-12,221.58000183105463,200.1312958174642
AVGO,2025-05-13,232.41999816894537,201.80413476005268
AVGO,2025-05-14,232.11999511718753,204.45943630602667
AVGO,2025-05-15,232.63999938964835,207.35368181576268
AVGO,2025-05-16,228.61000061035165,210.5051104989364
AVGO,2025-05-19,230.6300048828125,213.49193568427467
AVGO,2025-05-20,231.6799926757812,217.10540902536025
AVGO,2025-05-21,229.7299957275391,220.7054342351829
AVGO,2025-05-22,230.52999877929696,223.99306489212074
AVGO,2025-05-23,228.7200012207032,226.678529703125
AVGO,2025-05-27,235.64999389648438,228.80988540370055
AVGO,2025-05-28,239.42999267578136,230.9906584218355
AVGO,2025-05-29,241.9700012207032,233.58277902481163
AVGO,2025-05-30,242.07000732421866,236.38848803960525
AVGO,2025-06-02,248.71000671386727,238.777381294546
AVGO,2025-06-03,256.85000610351557,241.0069043638741
AVGO,2025-06-04,261.07998657226557,243.83856548462845
AVGO,2025-06-05,259.9299926757812,247.45971563768796
AVGO,2025-06-06,246.92999267578128,250.33286153249202
AVGO,2025-06-09,244.27999877929696,252.3468437868848
AVGO,2025-06-10,244.63000488281256,254.37968630873863
AVGO,2025-06-11,252.91000366210926,255.74884980289485
AVGO,2025-06-12,256.0700073242188,256.9762549418484
AVGO,2025-06-13,248.6999969482421,257.77994075146614
AVGO,2025-06-16,252.10000610351568,258.263597213388
AVGO,2025-06-17,249.36999511718747,259.5852552393775
AVGO,2025-06-18,251.2599945068359,260.6711049062901
AVGO,2025-06-20,249.99000549316412,261.5625966397385
AVGO,2025-06-23,253.77000427246085,262.37867532525473
AVGO,2025-06-24,263.76998901367193,263.7588938487381
AVGO,2025-06-25,264.64999389648426,265.76384473268007
AVGO,2025-06-26,270.1700134277345,267.6041278744012
AVGO,2025-06-27,269.35000610351557,269.4007283894914
AVGO,2025-06-30,275.64999389648426,271.30347653296513
AVGO,2025-07-01,264.73999023437494,272.82107916737135
AVGO,2025-07-02,269.89999389648443,273.72270375576335
AVGO,2025-07-03,275.1799926757813,274.52811562580916
AVGO,2025-07-07,274.17999267578114,275.1077399612071
AVGO,2025-07-08,271.7999877929687,275.9422993169574
AVGO,2025-07-09,277.8999938964843,276.8918802652112
AVGO,2025-07-10,275.39999389648426,279.04233240229615
AVGO,2025-07-11,274.3800048828125,280.58141029918033
AVGO,2025-07-14,275.6000061035157,281.83633979023557
AVGO,2025-07-15,280.9400024414062,283.3617811728712
AVGO,2025-07-16,280.80999755859364,285.38905687666096
AVGO,2025-07-17,286.45001220703114,287.1605240815857
AVGO,2025-07-18,283.3399963378905,289.77435336822714
AVGO,2025-07-21,288.20999145507824,291.2340050804023
AVGO,2025-07-22,278.5899963378905,293.39910149530556
AVGO,2025-07-23,283.69000244140636,294.9917738604562
AVGO,2025-07-24,288.7099914550782,296.3267876591895
AVGO,2025-07-25,290.1799926757812,297.5550293485564
AVGO,2025-07-28,294.29998779296864,298.88546548614624
AVGO,2025-07-29,297.4200134277344,300.0504527393776
AVGO,2025-07-30,302.6199951171874,301.15342363642344
AVGO,2025-07-31,293.70001220703125,303.1589751903289
AVGO,2025-08-01,288.6400146484376,304.79378492709316
AVGO,2025-08-04,297.7200012207032,305.9578806269896
AVGO,2025-08-05,292.92999267578114,306.98359504136846
AVGO,2025-08-06,301.67001342773426,307.64991139121764
AVGO,2025-08-07,303.760009765625,308.54376741463176
AVGO,2025-08-08,304.97000122070307,310.5036839141848
AVGO,2025-08-11,303.89999389648426,311.25135121678295
AVGO,2025-08-12,312.82998657226574,312.4776468696793
AVGO,2025-08-13,309.0899963378906,313.91537879542943
AVGO,2025-08-14,311.23001098632807,315.73379830611606
AVGO,2025-08-15,306.33999633789057,316.9713992706402
AVGO,2025-08-18,305.76000976562506,318.45801522085293
AVGO,2025-08-19,294.9100036621095,319.3888413548193
AVGO,2025-08-20,291.1700134277344,320.2634664074955
AVGO,2025-08-21,289.60000610351557,320.9901718600036
AVGO,2025-08-22,293.99999999999994,321.1716333623067
AVGO,2025-08-25,294.2300109863281,321.4277813136053
AVGO,2025-08-26,298.01000976562494,321.7461078240676
AVGO,2025-08-27,300.24999999999994,321.95234650294634
AVGO,2025-08-28,308.6499938964844,321.66658688044623
AVGO,2025-08-29,297.39001464843756,321.90900775939707
AVGO,2025-09-02,298.2399902343751,322.5420746899861
AVGO,2025-09-03,302.39001464843744,322.5774245326379
AVGO,2025-09-04,306.1000061035155,323.0651558492068
AVGO,2025-09-05,334.8900146484374,323.0628700515809
AVGO,2025-09-08,345.64999389648455,324.49112300247754
AVGO,2025-09-09,336.67001342773443,326.74429071104896
AVGO,2025-09-10,369.57000732421886,328.4708583294862
AVGO,2025-09-11,359.63000488281244,330.0935328931758
AVGO,2025-09-12,359.86999511718744,332.079664459258
AVGO,2025-09-15,364.08999633789057,334.28082626611746
AVGO,2025-09-16,360.00000000000006,337.08536565890245
AVGO,2025-09-17,346.17001342773426,339.83367547734696
AVGO,2025-09-18,345.3500061035156,342.71591001309343
AVGO,2025-09-19,344.94000244140625,345.63720987864014
AVGO,2025-09-22,338.7900085449218,348.42395365656427
AVGO,2025-09-23,338.9400024414063,350.6510870283559
AVGO,2025-09-24,339.30999755859375,354.08475475208064
AVGO,2025-09-25,336.1000061035155,356.84390218453416
AVGO,2025-09-26,334.5299987792968,359.23842285825395
AVGO,2025-09-29,327.89999389648443,360.6819927529606
AVGO,2025-09-30,329.9100036621095,362.054511826296
AVGO,2025-10-01,333.39001464843744,364.0836911953699
AVGO,2025-10-02,338.1799926757813,365.32361009124287
AVGO,2025-10-03,338.36999511718744,367.07287096760876
AVGO,2025-10-06,335.4899902343749,367.28152371106614
AVGO,2025-10-07,336.41000366210926,367.1114470984062
AVGO,2025-10-08,345.50000000000006,367.1409304133369
AVGO,2025-10-09,345.0199890136719,365.7186736857537
AVGO,2025-10-10,324.63000488281244,364.8779592567766
AVGO,2025-10-13,356.7000122070311,362.89545964485967
AVGO,2025-10-14,344.13000488281244,362.74584730708904
AVGO,2025-10-15,351.3299865722656,362.0706738833632
AVGO,2025-10-16,354.1499938964844,362.4668831336426
AVGO,2025-10-17,349.32998657226557,361.93319644898514
AVGO,2025-10-20,349.23999023437506,362.1604821060948
AVGO,2025-10-21,342.6600036621095,362.6239966802925
AVGO,2025-10-22,340.29998779296864,362.9235526103756
AVGO,2025-10-23,344.2900085449218,363.03212510124877
AVGO,2025-10-24,354.13000488281256,362.9408639238391
AVGO,2025-10-27,362.0499877929686,363.4331904002377
AVGO,2025-10-28,372.9700012207031,365.2437617736221
AVGO,2025-10-29,385.9800109863281,367.57965234218136
AVGO,2025-10-30,376.4700012207031,370.4329687347986
AVGO,2025-10-31,369.6300048828125,372.9830868801927
AVGO,2025-11-03,362.5499877929688,374.491590136708
AVGO,2025-11-04,351.94000244140636,375.8521031036655
AVGO,2025-11-05,358.9800109863281,377.2002985508322
AVGO,2025-11-06,355.5899963378905,376.92942868299326
AVGO,2025-11-07,349.42999267578114,377.44297658467127
AVGO,2025-11-10,358.3900146484374,378.8868385941624
AVGO,2025-11-11,351.9599914550783,378.6395692237994
AVGO,2025-11-12,355.220001220703,379.36134356797015
AVGO,2025-11-13,339.98001098632824,379.69427673054065
AVGO,2025-11-14,342.45999145507824,379.1001923966242
AVGO,2025-11-17,342.6499938964845,378.2078539718258
AVGO,2025-11-18,340.4999999999999,378.1546958828212
AVGO,2025-11-19,354.4200134277344,378.5099982932672
AVGO,2025-11-20,346.82000732421886,379.5461500866777
AVGO,2025-11-21,340.20001220703136,381.28504765370377
AVGO,2025-11-24,377.95999145507824,380.2213488934564
AVGO,2025-11-25,385.0299987792969,380.57947328507333
AVGO,2025-11-26,397.57000732421875,381.2346717082487
AVGO,2025-11-28,402.9599914550781,381.5480472565054
AVGO,2025-12-01,386.0799865722655,382.71361195041186
AVGO,2025-12-02,381.5700073242187,383.0603308563714
AVGO,2025-12-03,380.60998535156244,384.2699303568086
AVGO,2025-12-04,381.02999877929705,386.25666923833944
AVGO,2025-12-05,390.2399902343751,387.55824959360297
AVGO,2025-12-08,401.10000610351574,388.94652300931807
AVGO,2025-12-09,406.2900085449217,391.5744335020081
AVGO,2025-12-10,412.9700012207032,393.9442899351549
AVGO,2025-12-11,406.36999511718756,397.07969942000597
AVGO,2025-12-12,359.92999267578136,400.54577443194853
AVGO,2025-12-15,339.8099975585938,402.11327595527735
AVGO,2025-12-16,341.29998779296864,402.18536794462113
AVGO,2025-12-17,326.01998901367176,402.1521142847997
AVGO,2025-12-18,329.8800048828124,401.43309471005
AVGO,2025-12-19,340.35998535156256,399.12559804271064
AVGO,2025-12-22,341.4500122070312,397.6891291695258
AVGO,2025-12-23,349.32000732421886,397.42894558796814
AVGO,2025-12-24,350.2200012207032,396.08104972532135
AVGO,2025-12-26,352.1300048828125,393.6895613868903
AVGO,2025-12-29,349.39001464843756,391.55471879738326
AVGO,2025-12-30,349.85000610351574,388.2537910724888
AVGO,2025-12-31,346.1000061035155,386.2392186874436
MU,2023-10-31,66.87000274658206,66.1447793798765
MU,2023-11-01,69.40000152587888,66.36761572796509
MU,2023-11-02,70.44000244140625,66.78391824201303
MU,2023-11-03,72.58000183105469,67.0659800987731
MU,2023-11-06,72.9199981689453,67.52591638960838
MU,2023-11-07,72.80000305175781,67.86456558342013
MU,2023-11-08,72.27999877929689,68.12831945350935
MU,2023-11-09,73.56999969482425,68.43080018387285
MU,2023-11-10,75.36000061035159,68.760168217829
MU,2023-11-13,74.77999877929685,69.31568734704561
MU,2023-11-14,77.1699981689453,69.76605465680244
MU,2023-11-15,77.13999938964847,70.36076533242957
MU,2023-11-16,76.66999816894533,70.73823304243957
MU,2023-11-17,77.55999755859372,71.30016340566405
MU,2023-11-20,78.62000274658203,71.94898848050299
MU,2023-11-21,76.70999908447268,72.62673568471658
MU,2023-11-22,77.09999847412107,73.05874392404363
MU,2023-11-24,76.87000274658202,73.69160903337803
MU,2023-11-27,77.51000213623048,74.39567413578254
MU,2023-11-28,76.12000274658202,75.1131608637734
MU,2023-11-29,76.69000244140625,75.68028137702463
MU,2023-11-30,76.12000274658202,76.32963146731682
MU,2023-12-01,75.93000030517577,76.59067981271417
MU,2023-12-04,74.29000091552733,76.9069219749033
MU,2023-12-05,73.69000244140624,76.8738715269846
MU,2023-12-06,73.12999725341795,76.73611798112718
MU,2023-12-07,73.65000152587892,76.677550292436
MU,2023-12-08,74.95999908447266,76.84895559636463
MU,2023-12-11,77.79000091552736,76.87059283688065
MU,2023-12-12,78.16000366210936,77.00475672103512
MU,2023-12-13,79.79000091552734,76.56445758762973
MU,2023-12-14,82.19000244140624,76.65036190878163
MU,2023-12-15,81.41000366210936,76.78181302680314
MU,2023-12-18,81.55999755859372,77.06540459987218
MU,2023-12-19,82.16999816894528,77.34014916905414
MU,2023-12-20,78.69000244140626,77.5446524572827
MU,2023-12-21,85.48000335693364,77.42909431401246
MU,2023-12-22,86.48999786376955,78.01205187490464
MU,2023-12-26,87.05999755859378,78.53735248739045
MU,2023-12-27,86.66000366210935,79.08191763441694
MU,2023-12-28,85.99999999999997,79.6342112316958
MU,2023-12-29,85.33999633789061,80.12708457004511
MU,2024-01-02,82.33999633789061,80.55955886779547
MU,2024-01-03,82.26000213623051,80.87724700465373
MU,2024-01-04,82.70999908447267,81.2177393441758
MU,2024-01-05,83.44999694824222,81.76634442483204
MU,2024-01-08,84.94999694824217,82.41963191923453
MU,2024-01-09,83.33000183105467,83.14886871246793
MU,2024-01-10,82.37999725341798,83.57152300132182
MU,2024-01-11,83.38999938964844,83.72959235095618
MU,2024-01-12,82.38999938964844,84.0189097148874
MU,2024-01-16,84.61000061035156,84.15481016116743
MU,2024-01-17,83.27999877929686,84.45766640573923
MU,2024-01-18,84.81999969482425,84.62576131064348
MU,2024-01-19,87.51000213623047,85.02186048138138
MU,2024-01-22,89.23999786376955,85.30206336258343
MU,2024-01-23,87.5299987792969,85.7070759835025
MU,2024-01-24,88.08000183105464,85.83758765368727
MU,2024-01-25,89.19999694824217,86.14309478787933
MU,2024-01-26,88.05000305175781,86.30797465493599
MU,2024-01-29,89.06999969482422,86.40965745735558
MU,2024-01-30,86.16000366210938,86.5176046373478
MU,2024-01-31,85.75000000000003,86.60253598001728
MU,2024-02-01,85.61000061035158,86.68071730887361
MU,2024-02-02,86.48000335693362,86.9486435200576
MU,2024-02-05,86.98000335693357,87.32366930255614
MU,2024-02-06,84.59999847412107,87.55027609915389
MU,2024-02-07,85.16999816894527,87.39087846809237
MU,2024-02-08,84.879997253418,87.71893305145545
MU,2024-02-09,85.55999755859376,88.08307694818079
MU,2024-02-12,85.69999694824222,88.17708778207353
MU,2024-02-13,81.52999877929688,88.31160895406329
MU,2024-02-14,81.83000183105469,88.02071382533397
MU,2024-02-15,81.62999725341798,88.08091873405371
MU,2024-02-16,79.5,87.77481325643778
MU,2024-02-20,80.70999908447266,87.19732288089271
MU,2024-02-21,81.48999786376956,86.4588533080037
MU,2024-02-22,85.91000366210935,86.0101152924647
MU,2024-02-23,85.99999999999997,86.16752646689217
MU,2024-02-26,89.45999908447266,86.04171131454561
MU,2024-02-27,91.84999847412112,86.1041506831261
MU,2024-02-28,89.70999908447266,86.15349116151116
MU,2024-02-29,90.61000061035158,86.32662400412346
MU,2024-03-01,95.15000152587893,86.75355946168224
MU,2024-03-04,95.76999664306642,87.49090922036095
MU,2024-03-05,94.47000122070315,88.29363881667321
MU,2024-03-06,95.55999755859376,88.6992741262528
MU,2024-03-07,98.98000335693355,89.62714102192199
MU,2024-03-08,97.62000274658202,90.62887086277819
MU,2024-03-11,94.51000213623048,91.14727738326614
MU,2024-03-12,97.41999816894533,91.35827499039789
MU,2024-03-13,94.16000366210938,92.74738841811215
MU,2024-03-14,91.4300003051758,93.38569019772673
MU,2024-03-15,93.25000000000001,93.68647980321558
MU,2024-03-18,93.77999877929685,94.37714932398433
MU,2024-03-19,94.0,95.26405024721876
MU,2024-03-20,96.25000000000003,95.88358458061644
MU,2024-03-21,109.84999847412105,96.65369265527067
MU,2024-03-22,110.20999908447268,98.16672010868491
MU,2024-03-25,117.129997253418,99.44624880182694
MU,2024-03-26,118.8000030517578,100.85331294726001
MU,2024-03-27,119.25000000000001,102.23671745635532
MU,2024-03-28,117.88999938964848,103.53290994550557
MU,2024-04-01,124.30000305175784,105.04398674654871
MU,2024-04-02,122.74999999999996,106.7526537875486
MU,2024-04-03,128.00999450683594,108.07129072950498
MU,2024-04-04,124.08999633789067,109.92050820057662
MU,2024-04-05,123.58000183105474,111.17370192014664
MU,2024-04-08,122.94999694824222,112.55377233805949
MU,2024-04-09,122.62999725341798,113.99086796164954
MU,2024-04-10,122.19999694824219,115.54448286666752
MU,2024-04-11,127.51000213623047,116.96845491164092
MU,2024-04-12,122.51999664306643,118.59481518770062
MU,2024-04-15,121.37000274658207,120.04631339714086
MU,2024-04-16,121.76999664306638,121.75316604855372
MU,2024-04-17,116.33000183105472,123.64843980683314
MU,2024-04-18,111.93000030517581,124.88981864008902
MU,2024-04-19,106.76999664306636,125.54746590326327
MU,2024-04-22,109.12000274658199,124.9771904660257
MU,2024-04-23,112.45999908447268,124.86748580673448
MU,2024-04-24,111.77999877929692,124.63984021408992
MU,2024-04-25,111.58000183105472,123.9334615612305
MU,2024-04-26,114.83999633789058,123.43969777373633
MU,2024-04-29,114.3600006103516,123.36080434251238
MU,2024-04-30,112.9599990844727,122.46982317030144
MU,2024-05-01,109.6999969482422,121.76328385858218
MU,2024-05-02,112.33000183105466,120.44416725112885
MU,2024-05-03,114.69999694824224,119.60308033683295
MU,2024-05-06,120.12999725341798,118.78704370871026
MU,2024-05-07,119.20999908447261,118.79949743849643
MU,2024-05-08,119.31999969482416,118.36798190568403
MU,2024-05-09,117.80999755859372,118.10728004997708
MU,2024-05-10,121.23999786376953,117.32538716653261
MU,2024-05-13,122.99999999999994,117.40712320030916
MU,2024-05-14,124.80999755859376,117.12367249354632
MU,2024-05-15,127.80999755859376,117.541956060472
MU,2024-05-16,127.88999938964844,118.14649688197461
MU,2024-05-17,125.29000091552739,118.91650881318837
MU,2024-05-20,128.99999999999997,119.99263466375831
MU,2024-05-21,127.50000000000006,121.11027349586092
MU,2024-05-22,126.27999877929685,121.81960569451388
MU,2024-05-23,126.26999664306638,122.7329080678713
MU,2024-05-24,129.49000549316403,123.696821567554
MU,2024-05-28,132.66999816894534,124.38646763681074
MU,2024-05-29,131.58000183105463,125.49413101733101
MU,2024-05-30,126.29000091552739,126.17377044010654
MU,2024-05-31,125.00000000000004,126.6585408219259
MU,2024-06-03,128.16999816894534,127.2730997015036
MU,2024-06-04,126.63999938964845,128.22676555634644
MU,2024-06-05,133.71000671386713,128.4317159474577
MU,2024-06-06,130.07000732421878,129.6588555677892
MU,2024-06-07,130.9400024414062,130.35368590864385
MU,2024-06-10,134.82000732421878,131.21450436618167
MU,2024-06-11,135.07000732421875,132.01398121000472
MU,2024-06-12,140.75,131.86065693675536
MU,2024-06-13,143.13999938964844,133.56847520704406
MU,2024-06-14,141.36000061035156,134.02648348505656
MU,2024-06-17,147.83000183105466,134.63334909128986
MU,2024-06-18,153.44999694824216,135.7993814404501
MU,2024-06-20,144.1900024414063,137.42895129158973
MU,2024-06-21,139.5399932861328,138.45802879719926
MU,2024-06-24,139.00999450683594,139.23146128581791
MU,2024-06-25,141.11999511718753,139.6319217860338
MU,2024-06-26,142.36000061035153,140.44657413689106
MU,2024-06-27,132.22999572753912,140.6199213944594
MU,2024-06-28,131.52999877929685,140.68700514338562
MU,2024-07-01,131.5200042724609,141.26333846668624
MU,2024-07-02,132.5899963378906,141.2272473386269
MU,2024-07-03,136.8200073242188,141.43865033427667
MU,2024-07-05,131.6000061035156,142.13261929095898
MU,2024-07-08,130.69000244140625,141.93351464522047
MU,2024-07-09,131.1399993896485,141.99434887845936
MU,2024-07-10,136.38999938964844,141.63766887301784
MU,2024-07-11,130.2299957275391,141.87238931853787
MU,2024-07-12,133.55000305175787,141.54070146647285
MU,2024-07-15,130.8699951171875,141.14770261493172
MU,2024-07-16,127.48999786376959,139.98166049639534
MU,2024-07-17,119.50000000000003,139.08629181093602
MU,2024-07-18,117.44999694824223,136.83744149760156
MU,2024-07-19,114.26000213623051,134.8379511342336
MU,2024-07-22,115.27999877929688,132.85222082826263
MU,2024-07-23,114.25000000000003,131.7018242095067
MU,2024-07-24,110.27999877929688,130.28999079967144
MU,2024-07-25,107.44999694824223,128.21436674391052
MU,2024-07-26,109.41000366210942,126.18444770789213
MU,2024-07-29,107.84999847412108,124.96668169637789
MU,2024-07-30,102.55999755859375,123.52467324819243
MU,2024-07-31,109.8199996948242,121.56147833226372
MU,2024-08-01,101.51000213623044,120.70913330736202
MU,2024-08-02,92.69999694824216,118.52512462208124
MU,2024-08-05,90.41999816894534,115.82335927549566
MU,2024-08-06,88.99999999999999,113.63039667794219
MU,2024-08-07,86.8000030517578,111.55107306055713
MU,2024-08-08,92.06999969482425,108.7075882499999
MU,2024-08-09,93.08000183105466,107.03233788492781
MU,2024-08-12,94.63999938964844,105.01378865531778
MU,2024-08-13,97.44000244140622,103.25014212846921
MU,2024-08-14,100.41000366210938,101.84659725793904
MU,2024-08-15,106.94999694824219,100.88323806067055
MU,2024-08-16,107.98999786376956,100.47410883090203
MU,2024-08-19,108.62999725341798,100.25116154732896
MU,2024-08-20,107.98999786376956,100.10252809067086
MU,2024-08-21,108.3300018310547,99.79357735991788
MU,2024-08-22,104.26000213623048,99.81426199699669
MU,2024-08-23,102.84999847412107,99.5179384666454
MU,2024-08-26,98.91000366210935,99.3963163013865
MU,2024-08-27,97.8600006103516,98.95520637713227
MU,2024-08-28,94.86000061035152,98.80164168239044
MU,2024-08-29,95.56999969482426,98.0856735221683
MU,2024-08-30,96.23999786376952,97.80422010452779
MU,2024-09-03,88.58000183105467,98.26732363455704
MU,2024-09-04,89.29000091552736,98.01675135243991
MU,2024-09-05,89.38999938964844,98.30459314124607
MU,2024-09-06,86.37999725341794,98.71949349635312
MU,2024-09-09,86.2699966430664,98.46681680871842
MU,2024-09-10,86.8499984741211,98.28877599491227
MU,2024-09-11,90.65000152587888,98.46781793948486
MU,2024-09-12,87.20999908447266,98.3658119956573
MU,2024-09-13,91.2200012207031,97.81893375538466
MU,2024-09-16,87.18000030517575,97.09572374991961
MU,2024-09-17,88.73000335693361,96.41612732774367
MU,2024-09-18,87.34999847412108,95.27932361259992
MU,2024-09-19,89.25000000000003,94.02900371129842
MU,2024-09-20,90.90000152587889,93.25700284775453
MU,2024-09-23,93.56999969482422,92.56008735616479
MU,2024-09-24,94.0,92.16505419591321
MU,2024-09-25,95.76999664306642,92.16901248484535
MU,2024-09-26,109.87999725341794,92.23328299757748
MU,2024-09-27,107.49999999999996,93.18770944360712
MU,2024-09-30,103.70999908447266,93.653702397766
MU,2024-10-01,100.30999755859375,93.87714264285543
MU,2024-10-02,99.84999847412105,94.6303691413349
MU,2024-10-03,101.81999969482423,95.34901021325584
MU,2024-10-04,102.25000000000003,96.22455969227155
MU,2024-10-07,102.91000366210936,97.33915358109088
MU,2024-10-08,102.54000091552734,98.59014260721774
MU,2024-10-09,101.69999694824219,99.5706661304765
MU,2024-10-10,105.69000244140624,100.17659137552327
MU,2024-10-11,106.9199981689453,101.12853634120967
MU,2024-10-14,108.33999633789058,102.29532271624956
MU,2024-10-15,104.31999969482419,103.42467517268292
MU,2024-10-16,109.23999786376949,103.99732109621696
MU,2024-10-17,112.05000305175784,105.36645745060343
MU,2024-10-18,111.15000152587893,107.07852240629755
MU,2024-10-21,109.0800018310547,108.0205797759702
MU,2024-10-22,107.81999969482419,108.92229457095482
MU,2024-10-23,105.05000305175783,109.65804550156578
MU,2024-10-24,106.84999847412112,110.39466531515069
MU,2024-10-25,107.91000366210933,110.21198229067426
MU,2024-10-28,106.38999938964844,110.33272222345049
MU,2024-10-29,108.18000030517575,110.22801773094265
MU,2024-10-30,104.08000183105472,110.76874145612096
MU,2024-10-31,99.65000152587889,110.93023154665487
MU,2024-11-01,99.73000335693361,110.65049492173631
MU,2024-11-04,101.7300033569336,110.74061793601855
MU,2024-11-05,105.48999786376953,110.64705530896057
MU,2024-11-06,111.8300018310547,110.90491715121712
MU,2024-11-07,113.41000366210938,111.72813126383448
MU,2024-11-08,111.90000152587889,112.349452629231
MU,2024-11-11,108.65000152587889,112.66533662373985
MU,2024-11-12,104.09999847412108,112.58337620475066
MU,2024-11-13,99.9199981689453,112.46084319247451
MU,2024-11-14,99.18000030517578,111.64344880788437
MU,2024-11-15,96.33999633789065,110.74060955942689
MU,2024-11-18,97.51000213623044,109.74638716167222
MU,2024-11-19,97.73000335693357,109.04349205655333
MU,2024-11-20,98.37000274658202,108.59370928617803
MU,2024-11-21,102.76000213623048,108.15866248189884
MU,2024-11-22,102.63999938964847,108.00141407900801
MU,2024-11-25,104.48000335693362,107.55000738160153
MU,2024-11-26,101.80000305175784,107.01498721389689
MU,2024-11-27,98.19999694824223,106.5180107563092
MU,2024-11-29,97.94999694824223,105.87574678105712
MU,2024-12-02,98.55000305175781,105.82511951707892
MU,2024-12-03,99.83999633789065,105.80541554552202
MU,2024-12-04,103.19999694824223,105.7251197064626
MU,2024-12-05,100.870002746582,105.77159583115039
MU,2024-12-06,101.16999816894534,105.12413785909622
MU,2024-12-09,102.81999969482423,104.44285827897463
MU,2024-12-10,98.0999984741211,103.59476363539999
MU,2024-12-11,102.05999755859372,102.4593197152343
MU,2024-12-12,98.23999786376949,102.38589849379387
MU,2024-12-13,102.50000000000001,102.09867848886424
MU,2024-12-16,108.26000213623045,101.93571499452179
MU,2024-12-17,108.59999847412114,102.23419309377513
MU,2024-12-18,103.90000152587889,102.73603484154376
MU,2024-12-19,87.08999633789058,103.08633968381928
MU,2024-12-20,90.12000274658202,102.4877663543296
MU,2024-12-23,89.7200012207031,101.74811291873411
MU,2024-12-24,89.27999877929686,101.2345382824938
MU,2024-12-26,89.81999969482422,100.32583896783443
MU,2024-12-27,88.629997253418,99.51215121125827
MU,2024-12-30,85.30999755859376,98.99721176997751
MU,2024-12-31,84.16000366210936,98.32883630693433
MU,2025-01-02,87.3300018310547,97.50304252906433
MU,2025-01-03,89.87000274658199,97.10364394546582
MU,2025-01-06,99.26000213623045,96.6640799512367
MU,2025-01-07,101.9100036621094,96.81266624381473
MU,2025-01-08,99.41000366210939,96.64129221422067
MU,2025-01-10,99.33999633789058,96.32806535750983
MU,2025-01-13,95.05999755859375,96.2701675416845
MU,2025-01-14,97.36000061035156,95.8155652157343
MU,2025-01-15,103.19000244140622,95.87703916678656
MU,2025-01-16,102.59999847412107,95.99761538535117
MU,2025-01-17,105.75000000000003,96.12131588535408
MU,2025-01-21,109.37999725341797,95.89045382689675
MU,2025-01-22,109.23000335693364,96.87522455738824
MU,2025-01-23,104.8399963378906,98.55849380875219
MU,2025-01-24,103.19000244140622,99.52585409969618
MU,2025-01-27,91.11000061035158,100.17055469956911
MU,2025-01-28,88.24999999999996,98.8257690466418
MU,2025-01-29,89.01000213623045,98.9479004436253
MU,2025-01-30,92.50000000000004,98.94164794577861
MU,2025-01-31,91.23999786376952,99.837609601629
MU,2025-02-03,89.91999816894527,100.247433184335
MU,2025-02-04,90.66000366210936,100.39991431558911
MU,2025-02-05,93.59999847412105,100.45698190169188
MU,2025-02-06,94.54000091552734,100.207998187765
MU,2025-02-07,92.3000030517578,99.84820148377412
MU,2025-02-10,95.93000030517582,99.62209143759596
MU,2025-02-11,94.08000183105464,99.60218560151242
MU,2025-02-12,91.68000030517581,99.39672631244477
MU,2025-02-13,95.66000366210936,98.75177383187165
MU,2025-02-14,99.5199966430664,98.18454655791241
MU,2025-02-18,106.7900009155273,98.05078587393407
MU,2025-02-19,104.36000061035153,98.28393843448443
MU,2025-02-20,103.1800003051758,98.01334014191322
MU,2025-02-21,98.83999633789064,97.50019706245354
MU,2025-02-24,95.41000366210939,96.9019969713167
MU,2025-02-25,93.22000122070312,96.40292073647419
MU,2025-02-26,97.70999908447267,96.4191823716935
MU,2025-02-27,91.8199996948242,97.3524009297145
MU,2025-02-28,93.62999725341797,97.06680749221645
MU,2025-03-03,90.54000091552734,97.07978992361899
MU,2025-03-04,91.19999694824216,96.91025721870389
MU,2025-03-05,94.33999633789065,97.18850892093131
MU,2025-03-06,89.26999664306639,97.64466478054933
MU,2025-03-07,92.95999908447268,96.86801441830764
MU,2025-03-10,87.08000183105472,96.71916552763363
MU,2025-03-11,89.05000305175783,96.37513842077466
MU,2025-03-12,95.63999938964841,95.96850442107892
MU,2025-03-13,94.879997253418,96.614777263723
MU,2025-03-14,100.79000091552734,96.74140057783633
MU,2025-03-17,103.11000061035152,97.01508277951535
MU,2025-03-18,101.72000122070311,97.40239637786631
MU,2025-03-19,102.05999755859372,96.91527239638084
MU,2025-03-20,103.00000000000001,96.77629858033013
MU,2025-03-21,94.72000122070314,96.96656974020115
MU,2025-03-24,96.94000244140625,96.5601230806404
MU,2025-03-25,94.18000030517574,96.921376828668
MU,2025-03-26,92.129997253418,96.9054476030792
MU,2025-03-27,91.16000366210938,96.2502193803614
MU,2025-03-28,88.44000244140625,95.96511117266046
MU,2025-03-31,86.88999938964845,95.60541899661503
MU,2025-04-01,88.70999908447264,95.29797008126405
MU,2025-04-02,88.59999847412107,95.30672188493861
MU,2025-04-03,74.33999633789061,95.15653049112603
MU,2025-04-04,64.72000122070314,94.26032780140248
MU,2025-04-07,68.37000274658203,92.24010859631211
MU,2025-04-08,65.54000091552732,91.16447479756103
MU,2025-04-09,77.87000274658203,89.62258984967305
MU,2025-04-10,70.0500030517578,88.88505905099446
MU,2025-04-11,69.55000305175781,87.23534394625835
MU,2025-04-14,71.01999664306638,85.38170079828949
MU,2025-04-15,71.04000091552736,83.6316470810833
MU,2025-04-16,69.33000183105467,82.04795787600233
MU,2025-04-17,68.80000305175778,80.18056354914336
MU,2025-04-21,66.73999786376956,78.33912302406999
MU,2025-04-22,70.20999908447263,76.6999568601246
MU,2025-04-23,72.93000030517581,75.40912491450551
MU,2025-04-24,77.41999816894528,74.54724168613426
MU,2025-04-25,79.77999877929686,74.0540875775508
MU,2025-04-28,78.55999755859378,73.57143105066122
MU,2025-04-29,76.87999725341794,73.0973311790654
MU,2025-04-30,76.94999694824222,72.66927550852914
MU,2025-05-01,77.76999664306642,72.17783561672653
MU,2025-05-02,80.72000122070312,71.87592102014624
MU,2025-05-05,80.4199981689453,72.70131632227994
MU,2025-05-06,80.51000213623047,73.75796297451808
MU,2025-05-07,82.62000274658205,74.35249296317885
MU,2025-05-08,85.15000152587889,75.52039472093846
MU,2025-05-09,85.86000061035153,75.93647609574379
MU,2025-05-12,92.29000091552732,76.84252533097018
MU,2025-05-13,96.9300003051758,78.16087402472
MU,2025-05-14,95.3199996948242,79.76459348304546
MU,2025-05-15,95.4499969482422,81.23548251244792
MU,2025-05-16,98.00000000000004,82.59684367673442
MU,2025-05-19,98.65000152587886,84.34195785425412
MU,2025-05-20,98.0999984741211,86.19636946742021
MU,2025-05-21,95.83999633789061,87.85792429087901
MU,2025-05-22,94.8300018310547,89.20871749007425
MU,2025-05-23,93.37000274658202,90.34268662736791
MU,2025-05-27,96.37999725341795,91.21919606307762
MU,2025-05-28,96.18000030517581,92.46566197547217
MU,2025-05-29,96.80000305175784,93.63270046610853
MU,2025-05-30,94.45999908447266,94.89055852278288
MU,2025-06-02,98.18000030517581,95.87031032258538
MU,2025-06-03,102.25000000000003,97.01412999291887
MU,2025-06-04,103.25000000000003,98.41177815883394
MU,2025-06-05,106.29000091552734,99.87346204438003
MU,2025-06-06,108.55999755859371,101.41215434619497
MU,2025-06-09,110.94999694824219,102.90760801541524
MU,2025-06-10,114.13999938964842,104.6881726476486
MU,2025-06-11,116.02999877929689,105.9979486596248
MU,2025-06-12,116.18000030517582,107.01718530184652
MU,2025-06-13,115.59999847412107,108.79496010969577
MU,2025-06-16,119.8399963378906,110.32954476387876
MU,2025-06-17,120.33999633789062,111.49928270746676
MU,2025-06-18,121.81999969482422,112.55891190065607
MU,2025-06-20,123.5999984741211,113.75729953400788
MU,2025-06-23,122.08000183105474,114.77202655147471
MU,2025-06-24,127.9100036621094,116.29743563550055
MU,2025-06-25,127.24999999999994,118.77177639347724
MU,2025-06-26,126.0,120.41819283070319
MU,2025-06-27,124.76000213623044,122.12642800245119
MU,2025-06-30,123.24999999999994,123.74033569705342
MU,2025-07-01,120.88999938964841,125.34103737743143
MU,2025-07-02,121.73999786376949,126.44348760287774
MU,2025-07-03,122.2900009155273,127.84619711548773
MU,2025-07-07,119.91999816894531,128.99412146077105
MU,2025-07-08,124.41999816894534,129.4856261867296
MU,2025-07-09,122.23999786376949,130.41262177759845
MU,2025-07-10,123.11000061035152,131.011623486206
MU,2025-07-11,124.52999877929692,131.38739081076824
MU,2025-07-14,118.61000061035155,131.701405242252
MU,2025-07-15,120.1100006103515,131.6794210470686
MU,2025-07-16,116.43000030517577,132.2828685068716
MU,2025-07-17,113.2600021362305,132.14038330525136
MU,2025-07-18,114.38999938964842,131.91463663997968
MU,2025-07-21,113.23000335693364,131.00665912119018
MU,2025-07-22,109.22000122070312,130.03033003928203
MU,2025-07-23,109.83000183105467,128.80637299763214
MU,2025-07-24,111.73000335693358,127.88804742841985
MU,2025-07-25,111.26000213623044,126.95764144479986
MU,2025-07-28,111.24999999999997,126.2022008378953
MU,2025-07-29,111.95999908447263,125.39716267747968
MU,2025-07-30,114.73999786376955,124.80131497667645
MU,2025-07-31,109.1399993896484,124.51553338378034
MU,2025-08-01,104.87999725341794,123.81585076830325
MU,2025-08-04,107.76999664306642,122.50489211650034
MU,2025-08-05,109.05999755859372,121.98622750575576
MU,2025-08-06,108.77999877929688,120.97458426200954
MU,2025-08-07,111.870002746582,119.50969386201768
MU,2025-08-08,118.88999938964844,118.75456520594598
MU,2025-08-11,123.72000122070315,118.03611637265927
MU,2025-08-12,127.74999999999997,118.37292047088565
MU,2025-08-13,124.26999664306643,118.62655177599441
MU,2025-08-14,125.29000091552739,118.68657782117626
MU,2025-08-15,120.87000274658205,119.2642753545921
MU,2025-08-18,123.55000305175778,119.64687218181831
MU,2025-08-19,122.05000305175783,120.2872018439676
MU,2025-08-20,117.2099990844727,120.37519206657986
MU,2025-08-21,115.79000091552739,120.89221114340889
MU,2025-08-22,117.6800003051758,121.08291503701656
MU,2025-08-25,116.41999816894531,121.61390109439267
MU,2025-08-26,116.50000000000004,121.94040071161572
MU,2025-08-27,117.74999999999997,122.20258055034977
MU,2025-08-28,122.00000000000003,122.38469075029433
MU,2025-08-29,119.01000213623047,123.11791411360683
MU,2025-09-02,118.48000335693357,123.43771666960244
MU,2025-09-03,118.72000122070308,124.09215038970771
MU,2025-09-04,124.20999908447268,124.37193586869958
MU,2025-09-05,131.36999511718744,125.32602516927095
MU,2025-09-08,131.46000671386724,126.55757123922744
MU,2025-09-09,135.240005493164,127.50727388159689
MU,2025-09-10,139.99999999999994,128.57101066640755
MU,2025-09-11,150.57000732421875,131.64370005793208
MU,2025-09-12,157.22999572753912,132.39764605137856
MU,2025-09-15,157.77000427246094,133.52732231579108
MU,2025-09-16,158.8200073242188,135.63633873339626
MU,2025-09-17,159.9900054931641,137.53934628906882
MU,2025-09-18,168.8899993896484,139.47365721010917
MU,2025-09-19,162.729995727539,142.35099467552772
MU,2025-09-22,164.61999511718747,144.882689913908
MU,2025-09-23,166.41000366210938,147.93635033682656
MU,2025-09-24,161.71000671386713,150.76008408493183
MU,2025-09-25,156.83000183105474,153.33035738896973
MU,2025-09-26,157.2700042724609,154.99076982056113
MU,2025-09-29,163.89999389648443,156.80450613291876
MU,2025-09-30,167.3200073242187,159.6367399237487
MU,2025-10-01,182.14999389648435,162.72147176919555
MU,2025-10-02,183.74999999999994,166.91081778574863
MU,2025-10-03,187.83000183105472,170.3681073021112
MU,2025-10-06,190.96000671386716,173.45671476970793
MU,2025-10-07,185.6900024414062,178.04575876951048
MU,2025-10-08,196.5399932861328,180.6360866122174
MU,2025-10-09,192.33000183105477,184.47335845285716
MU,2025-10-10,181.60000610351568,187.0945427557763
MU,2025-10-13,192.7700042724609,187.97269567227607
MU,2025-10-14,187.05999755859372,190.50042498089584
MU,2025-10-15,191.9400024414062,191.5274702230881
MU,2025-10-16,202.52999877929696,193.72968218495504
MU,2025-10-17,202.38000488281253,195.55171745535077
MU,2025-10-20,206.77000427246088,196.51590269473766
MU,2025-10-21,202.28999328613284,197.87610784972836
MU,2025-10-22,198.47000122070312,199.5913214959384
MU,2025-10-23,206.71000671386713,201.48956397283342
MU,2025-10-24,219.02000427246102,204.67512909860608
MU,2025-10-27,220.10000610351568,208.467828226266
MU,2025-10-28,221.91000366210943,211.33317687950398
MU,2025-10-29,226.63000488281244,214.33839469581852
MU,2025-10-30,224.00999450683602,216.44221026254664
MU,2025-10-31,223.770004272461,217.4673525964609
MU,2025-11-03,234.69999694824227,219.51355545861534
MU,2025-11-04,218.02999877929696,221.8065528805354
MU,2025-11-05,237.5,222.43771346739783
MU,2025-11-06,238.33000183105474,224.40961872337135
MU,2025-11-07,237.9199981689454,225.90032298900803
MU,2025-11-10,253.3000030517577,228.66707567424794
MU,2025-11-11,241.11000061035168,232.17900952816683
MU,2025-11-12,244.89999389648443,234.19880878646939
MU,2025-11-13,236.9499969482422,236.8276788415573
MU,2025-11-14,246.83000183105463,237.61648079561846
MU,2025-11-17,241.94999694824207,240.22890558432454
MU,2025-11-18,228.50000000000009,241.78704879545236
MU,2025-11-19,225.91999816894523,242.75912794379948
MU,2025-11-20,201.36999511718741,244.3327938066631
MU,2025-11-21,207.36999511718759,242.5410919476075
MU,2025-11-24,223.9299926757813,240.47453640273181
MU,2025-11-25,224.52999877929693,240.41352377167257
MU,2025-11-26,230.25999450683585,239.71475392136307
MU,2025-11-28,236.47999572753903,240.33236829534664
MU,2025-12-01,240.46000671386727,240.5577092927929
MU,2025-12-02,239.49000549316415,241.0876542634416
MU,2025-12-03,234.16000366210935,241.05768923122216
MU,2025-12-04,226.64999389648443,242.5020554920051
MU,2025-12-05,237.2200012207031,242.09712705496307
MU,2025-12-08,246.91999816894526,241.9922257216864
MU,2025-12-09,252.41999816894534,242.5885029974974
MU,2025-12-10,263.70999145507807,242.30305758835917
MU,2025-12-11,258.45999145507824,243.3659517039036
MU,2025-12-12,241.13999938964852,242.26867892146566
MU,2025-12-15,237.5,241.55563978118798
MU,2025-12-16,232.5099945068359,240.82831943858463
MU,2025-12-17,225.52000427246102,240.34672401779216
MU,2025-12-18,248.55000305175776,239.01291246530903
MU,2025-12-19,265.9200134277343,240.54789882144487
MU,2025-12-22,276.58999633789057,245.203841025533
MU,2025-12-23,276.26998901367176,249.72933671692064
MU,2025-12-24,286.67999267578114,252.23267825328676
MU,2025-12-26,284.790008544922,255.51840089436504
MU,2025-12-29,294.3699951171874,258.5113574995933
MU,2025-12-30,292.6300048828126,261.1839249416351
MU,2025-12-31,285.41000366210943,263.9005352945866
ORCL,2023-10-31,103.40000152587895,101.59731443604353
ORCL,2023-11-01,105.75000000000003,101.94650445972665
ORCL,2023-11-02,106.87000274658203,102.28855387611186
ORCL,2023-11-03,108.05000305175783,102.58844655683892
ORCL,2023-11-06,109.1100006103516,102.87835114715668
ORCL,2023-11-07,108.98999786376949,103.13234564634584
ORCL,2023-11-08,112.33000183105466,103.372329916381
ORCL,2023-11-09,112.18000030517582,103.79634888113718
ORCL,2023-11-10,113.06999969482419,104.24531750959528
ORCL,2023-11-13,114.15000152587888,104.81958241085125
ORCL,2023-11-14,116.0999984741211,105.3552903631043
ORCL,2023-11-15,114.05999755859375,105.95465391233093
ORCL,2023-11-16,114.66999816894536,106.44822250320219
ORCL,2023-11-17,115.3600006103516,106.96108855617545
ORCL,2023-11-20,116.91999816894534,107.93151424663013
ORCL,2023-11-21,116.08000183105466,108.79564894932054
ORCL,2023-11-22,116.23999786376957,109.60284824438874
ORCL,2023-11-24,116.25000000000003,110.54958849010298
ORCL,2023-11-27,116.4700012207031,111.54901833558513
ORCL,2023-11-28,116.23999786376957,112.53394922730067
ORCL,2023-11-29,116.20999908447268,113.45383897720251
ORCL,2023-11-30,116.20999908447268,114.30100791461062
ORCL,2023-12-01,117.16000366210932,114.88441064014418
ORCL,2023-12-04,115.77999877929685,115.50132449556003
ORCL,2023-12-05,114.52999877929692,115.93234834950363
ORCL,2023-12-06,112.02999877929685,116.17255873369818
ORCL,2023-12-07,112.87000274658199,116.35961553905119
ORCL,2023-12-08,113.61000061035159,116.39380717837503
ORCL,2023-12-11,115.12999725341793,116.40121981251215
ORCL,2023-12-12,100.80999755859374,116.45798424481282
ORCL,2023-12-13,102.98999786376955,115.55689040672095
ORCL,2023-12-14,100.30999755859375,114.65164800453614
ORCL,2023-12-15,103.3199996948242,113.78479850438453
ORCL,2023-12-18,104.99999999999997,113.04047780986433
ORCL,2023-12-19,106.25000000000001,112.41299957529596
ORCL,2023-12-20,104.15000152587888,111.77422040706205
ORCL,2023-12-21,105.86000061035156,111.00882854338553
ORCL,2023-12-22,106.19999694824217,110.40525592771263
ORCL,2023-12-26,106.19000244140625,109.82092692790445
ORCL,2023-12-27,105.94000244140628,109.25118295790314
ORCL,2023-12-28,106.25000000000001,108.66536134525988
ORCL,2023-12-29,105.43000030517575,108.09429815406143
ORCL,2024-01-02,104.05999755859375,107.46143050006486
ORCL,2024-01-03,102.45999908447266,106.73686298713719
ORCL,2024-01-04,102.58999633789064,105.93056882152423
ORCL,2024-01-05,102.73000335693362,105.24805402638651
ORCL,2024-01-08,104.66000366210938,104.72781160450664
ORCL,2024-01-09,103.62999725341793,104.24194036062916
ORCL,2024-01-10,103.91999816894534,103.6653886575272
ORCL,2024-01-11,104.76999664306636,102.9685085244783
ORCL,2024-01-12,106.59999847412105,103.19121106521199
ORCL,2024-01-16,106.56999969482418,103.37931682870425
ORCL,2024-01-17,106.4300003051758,103.8356785263644
ORCL,2024-01-18,108.69999694824222,104.086877125356
ORCL,2024-01-19,109.66999816894536,104.39948367742379
ORCL,2024-01-22,110.09999847412111,104.57593192572664
ORCL,2024-01-23,111.8300018310547,104.84132640256516
ORCL,2024-01-24,114.30999755859374,105.20387316868299
ORCL,2024-01-25,115.00000000000001,105.74008548906107
ORCL,2024-01-26,114.63999938964841,106.26494880612442
ORCL,2024-01-29,113.74999999999996,106.81932000115485
ORCL,2024-01-30,114.16000366210938,107.25755617682296
ORCL,2024-01-31,111.69999694824219,107.80840900148183
ORCL,2024-02-01,115.52999877929689,108.29238648780678
ORCL,2024-02-02,115.79000091552739,109.05512722520047
ORCL,2024-02-05,116.38999938964847,109.92793564860355
ORCL,2024-02-06,115.30000305175777,110.78742141988032
ORCL,2024-02-07,117.26999664306642,111.43327115811212
ORCL,2024-02-08,116.6800003051758,112.3496343865698
ORCL,2024-02-09,116.6399993896484,113.29477310484502
ORCL,2024-02-12,115.8399963378906,114.01520617744659
ORCL,2024-02-13,113.68000030517582,114.5893792829336
ORCL,2024-02-14,114.26000213623051,115.07859058526942
ORCL,2024-02-15,112.77999877929686,115.65270414664336
ORCL,2024-02-16,111.30999755859372,115.91827195731335
ORCL,2024-02-20,108.44999694824223,116.033838197691
ORCL,2024-02-21,108.1600036621094,115.88881841354956
ORCL,2024-02-22,111.0100021362305,115.64734501628907
ORCL,2024-02-23,111.94999694824214,115.49849196878431
ORCL,2024-02-26,110.97000122070314,115.34038353351626
ORCL,2024-02-27,111.37999725341797,115.08069822212406
ORCL,2024-02-28,111.68000030517575,114.84184280475763
ORCL,2024-02-29,111.68000030517575,114.64200052904172
ORCL,2024-03-01,113.77999877929688,114.68458101314906
ORCL,2024-03-04,114.05999755859375,114.60619799313359
ORCL,2024-03-05,110.94000244140622,114.61846167088473
ORCL,2024-03-06,112.26999664306638,114.33829593287932
ORCL,2024-03-07,114.54000091552732,114.26686136032022
ORCL,2024-03-08,112.41999816894533,114.13455770413235
ORCL,2024-03-11,114.12999725341793,113.82806144803688
ORCL,2024-03-12,127.54000091552733,113.48919953714798
ORCL,2024-03-13,125.51999664306636,114.14256682896938
ORCL,2024-03-14,125.52999877929683,114.75328597354336
ORCL,2024-03-15,125.54000091552732,115.21303860442907
ORCL,2024-03-18,127.80000305175777,115.87329403636467
ORCL,2024-03-19,129.1900024414062,116.71957288412293
ORCL,2024-03-20,129.2400054931641,117.74628317510324
ORCL,2024-03-21,129.00999450683597,118.87156318957393
ORCL,2024-03-22,127.7900009155274,119.88165496188795
ORCL,2024-03-25,126.08000183105467,120.76087702645377
ORCL,2024-03-26,126.47000122070317,121.60271646473656
ORCL,2024-03-27,125.26999664306635,122.45476073734822
ORCL,2024-03-28,125.61000061035158,123.14868457944767
ORCL,2024-04-01,125.48000335693361,123.97556220803635
ORCL,2024-04-02,124.33999633789064,124.72367812571537
ORCL,2024-04-03,126.2399978637695,125.31131248454741
ORCL,2024-04-04,124.19000244140624,126.2198547989918
ORCL,2024-04-05,124.90000152587896,126.88805361641245
ORCL,2024-04-08,124.34999847412115,127.53115866659695
ORCL,2024-04-09,123.23000335693358,128.32364038709795
ORCL,2024-04-10,121.74999999999996,128.9138703132789
ORCL,2024-04-11,123.23999786376952,128.56163738564894
ORCL,2024-04-12,121.11000061035158,128.22642579344335
ORCL,2024-04-15,119.87999725341798,127.81799242619041
ORCL,2024-04-16,120.62000274658205,127.48460623971523
ORCL,2024-04-17,118.66999816894534,127.06694527050722
ORCL,2024-04-18,115.99999999999999,126.4171878008242
ORCL,2024-04-19,114.87999725341794,125.5381110630281
ORCL,2024-04-22,114.52999877929692,124.62306725098784
ORCL,2024-04-23,115.0899963378906,123.81801529500643
ORCL,2024-04-24,115.33999633789067,123.1689321627826
ORCL,2024-04-25,114.88999938964847,122.42740937153982
ORCL,2024-04-26,117.2099990844727,121.84637824695898
ORCL,2024-04-29,116.48999786376949,121.32694765665153
ORCL,2024-04-30,113.74999999999996,120.73184519813947
ORCL,2024-05-01,114.62999725341798,120.14437470565532
ORCL,2024-05-02,114.95999908447261,119.34719527192804
ORCL,2024-05-03,115.80000305175777,118.72389269867507
ORCL,2024-05-06,118.3399963378906,118.07416929495889
ORCL,2024-05-07,117.93000030517581,117.71004398477955
ORCL,2024-05-08,117.38999938964848,117.33626307935754
ORCL,2024-05-09,116.6399993896484,117.0670220266983
ORCL,2024-05-10,116.66999816894536,116.62302015478447
ORCL,2024-05-13,116.37000274658199,116.42501146909711
ORCL,2024-05-14,120.87000274658205,116.09959446324306
ORCL,2024-05-15,121.62999725341794,116.13504660141864
ORCL,2024-05-16,122.16000366210933,116.27148763119845
ORCL,2024-05-17,123.50000000000001,116.57735120102666
ORCL,2024-05-20,124.51999664306642,117.07615660793576
ORCL,2024-05-21,124.62999725341793,117.61384584729483
ORCL,2024-05-22,124.59999847412108,118.12834210706806
ORCL,2024-05-23,124.08999633789067,118.76387980788795
ORCL,2024-05-24,122.9100036621094,119.39160387796825
ORCL,2024-05-28,124.48999786376957,119.75298714271858
ORCL,2024-05-29,123.73999786376953,120.25196344255802
ORCL,2024-05-30,117.08999633789064,120.79145450174455
ORCL,2024-05-31,117.19000244140621,121.0310095689828
ORCL,2024-06-03,119.27999877929686,121.20257270966898
ORCL,2024-06-04,120.06999969482425,121.48095347003515
ORCL,2024-06-05,122.62999725341798,121.5543462093059
ORCL,2024-06-06,123.50000000000001,121.94067532292163
ORCL,2024-06-07,125.91999816894533,122.35889875510809
ORCL,2024-06-10,124.49999999999996,122.92931640009463
ORCL,2024-06-11,123.87999725341797,123.4454251359121
ORCL,2024-06-12,140.38000488281244,123.6647948889584
ORCL,2024-06-13,139.85000610351562,124.71718579275715
ORCL,2024-06-14,138.13000488281247,125.60555898461978
ORCL,2024-06-17,141.3099975585938,126.48907125743926
ORCL,2024-06-18,144.63999938964838,127.38897153075901
ORCL,2024-06-20,142.91000366210935,128.5221536258866
ORCL,2024-06-21,141.5,129.6264627307794
ORCL,2024-06-24,139.88999938964844,130.60701777075184
ORCL,2024-06-25,139.16999816894534,131.4181119542094
ORCL,2024-06-26,138.22999572753906,132.40504164088898
ORCL,2024-06-27,140.17999267578122,133.07944997641886
ORCL,2024-06-28,141.19999694824222,134.05100907111088
ORCL,2024-07-01,143.08999633789065,135.59546681920628
ORCL,2024-07-02,143.27999877929685,136.96082826069616
ORCL,2024-07-03,144.38000488281253,138.39601902272946
ORCL,2024-07-05,144.8300018310547,139.85704987827916
ORCL,2024-07-08,145.02999877929685,141.17644385319485
ORCL,2024-07-09,140.6799926757812,142.47803058645493
ORCL,2024-07-10,142.07000732421875,143.29618495513566
ORCL,2024-07-11,142.75999450683597,144.37703091177625
ORCL,2024-07-12,144.77000427246088,145.5407845060014
ORCL,2024-07-15,143.0700073242187,145.6656071833438
ORCL,2024-07-16,142.61000061035156,145.64582153649556
ORCL,2024-07-17,139.259994506836,145.83481060687402
ORCL,2024-07-18,138.02999877929685,145.4559837933565
ORCL,2024-07-19,138.55999755859375,145.00264840424924
ORCL,2024-07-22,140.16999816894526,144.5440553163219
ORCL,2024-07-23,143.1100006103516,144.41897876144978
ORCL,2024-07-24,138.77000427246088,144.46565176597463
ORCL,2024-07-25,137.82000732421872,144.3196911780039
ORCL,2024-07-26,139.00999450683594,144.2292618660212
ORCL,2024-07-29,138.30999755859375,144.06650936400345
ORCL,2024-07-30,135.6699981689453,143.78401557023705
ORCL,2024-07-31,139.44999694824222,143.2161630724577
ORCL,2024-08-01,137.50999450683594,142.98409515695627
ORCL,2024-08-02,133.27999877929685,142.4680773351502
ORCL,2024-08-05,127.8600006103516,141.63654733296264
ORCL,2024-08-06,128.2100067138672,140.72201500036803
ORCL,2024-08-07,125.90000152587893,140.03982622600745
ORCL,2024-08-08,128.9600067138672,139.00808067530002
ORCL,2024-08-09,132.05999755859375,138.19960418745842
ORCL,2024-08-12,132.58000183105463,137.34924334839616
ORCL,2024-08-13,134.2599945068359,136.64632418357166
ORCL,2024-08-14,135.60000610351557,136.0550243176918
ORCL,2024-08-15,136.92999267578128,135.6861221106457
ORCL,2024-08-16,137.4700012207031,135.5227523967228
ORCL,2024-08-19,137.91999816894528,135.39913242242585
ORCL,2024-08-20,139.16999816894534,135.2489445679306
ORCL,2024-08-21,140.19999694824224,134.91299103194424
ORCL,2024-08-22,138.08000183105474,134.93526145518186
ORCL,2024-08-23,139.19000244140628,134.8565779241929
ORCL,2024-08-26,138.89999389648432,134.9305030195272
ORCL,2024-08-27,138.479995727539,134.96641314512848
ORCL,2024-08-28,137.88000488281244,135.14774995068356
ORCL,2024-08-29,139.41999816894534,135.08312584247662
ORCL,2024-08-30,141.28999328613276,135.15260130870158
ORCL,2024-09-03,139.49999999999994,135.66448225398597
ORCL,2024-09-04,140.75,136.3277256394741
ORCL,2024-09-05,142.61000061035156,137.14449721997283
ORCL,2024-09-06,141.8099975585938,138.20304744594142
ORCL,2024-09-09,139.88999938964844,138.9914688897455
ORCL,2024-09-10,155.8899993896485,139.5818760037661
ORCL,2024-09-11,157.17999267578128,140.87345963817336
ORCL,2024-09-12,161.38000488281256,142.22245650464703
ORCL,2024-09-13,162.02999877929688,143.67485766189665
ORCL,2024-09-16,170.33000183105474,145.05985890619036
ORCL,2024-09-17,167.47000122070307,146.9464796650462
ORCL,2024-09-18,164.5299987792969,148.54610509947935
ORCL,2024-09-19,167.5899963378906,149.91868556392177
ORCL,2024-09-20,167.99999999999997,151.4873360205612
ORCL,2024-09-23,165.9499969482422,153.14135160739448
ORCL,2024-09-24,165.80000305175787,154.71903253992195
ORCL,2024-09-25,166.27999877929688,156.4304035513333
ORCL,2024-09-26,168.1000061035156,158.10921000382666
ORCL,2024-09-27,168.740005493164,159.88478816290134
ORCL,2024-09-30,170.39999389648432,161.49401258728975
ORCL,2024-10-01,167.16000366210938,163.0701813507988
ORCL,2024-10-02,167.71000671386724,164.88199146072722
ORCL,2024-10-03,166.86000061035153,166.6019515006949
ORCL,2024-10-04,170.86000061035162,168.17207243106722
ORCL,2024-10-07,169.9700012207031,169.98261082545255
ORCL,2024-10-08,174.36999511718747,172.0490176820277
ORCL,2024-10-09,178.28999328613284,172.9962782429206
ORCL,2024-10-10,175.41000366210935,174.0462630595422
ORCL,2024-10-11,175.77000427246097,174.68181191156043
ORCL,2024-10-14,176.11999511718747,175.5392665153735
ORCL,2024-10-15,174.08999633789068,175.62482528486228
ORCL,2024-10-16,174.770004272461,175.6850480042072
ORCL,2024-10-17,175.67999267578128,176.1196411776254
ORCL,2024-10-18,174.6900024414063,176.66383162759504
ORCL,2024-10-21,173.75999450683594,176.74604771866717
ORCL,2024-10-22,175.3099975585937,177.0805653615505
ORCL,2024-10-23,173.1000061035156,177.3898214734564
ORCL,2024-10-24,174.38000488281244,177.82621611701714
ORCL,2024-10-25,173.52000427246094,178.0003569473332
ORCL,2024-10-28,172.41999816894534,178.2120178739941
ORCL,2024-10-29,173.42999267578128,178.0372259868445
ORCL,2024-10-30,174.55999755859375,178.27793243810748
ORCL,2024-10-31,167.83999633789057,178.47360000618383
ORCL,2024-11-01,170.02000427246097,178.5221919415755
ORCL,2024-11-04,169.5899963378906,178.3957072381358
ORCL,2024-11-05,171.7799987792969,178.20266944338607
ORCL,2024-11-06,181.24000549316403,177.87776874332144
ORCL,2024-11-07,186.36999511718744,177.75241624393928
ORCL,2024-11-08,189.25000000000009,178.24454684063417
ORCL,2024-11-11,189.13000488281253,178.84143602671435
ORCL,2024-11-12,189.58000183105463,179.3877227611504
ORCL,2024-11-13,189.63000488281247,180.06957385092844
ORCL,2024-11-14,187.05000305175784,180.64217789825545
ORCL,2024-11-15,183.740005493164,181.13863487341405
ORCL,2024-11-18,185.72999572753912,181.57440996515047
ORCL,2024-11-19,188.89999389648446,182.09529005963518
ORCL,2024-11-20,190.74999999999994,182.83136441336103
ORCL,2024-11-21,192.4299926757812,183.73302283684404
ORCL,2024-11-22,192.2899932861329,184.7363598382161
ORCL,2024-11-25,187.9900054931641,185.70591932517218
ORCL,2024-11-26,190.36999511718759,186.44743723355012
ORCL,2024-11-27,182.69999694824224,187.31283156199837
ORCL,2024-11-29,184.83999633789057,187.77312606352095
ORCL,2024-12-02,181.41000366210935,188.83017291054847
ORCL,2024-12-03,182.88999938964838,189.65735225273806
ORCL,2024-12-04,188.19000244140634,190.46794306675056
ORCL,2024-12-05,186.24000549316406,191.41780417891235
ORCL,2024-12-06,191.69000244140634,191.69750441191115
ORCL,2024-12-09,190.4499969482422,191.79937712115935
ORCL,2024-12-10,177.74000549316406,191.53931159686326
ORCL,2024-12-11,178.58000183105474,190.69140411919616
ORCL,2024-12-12,175.32000732421872,189.91790168653083
ORCL,2024-12-13,173.38999938964838,188.94547971874835
ORCL,2024-12-16,171.2299957275391,187.871053896716
ORCL,2024-12-17,169.71000671386713,186.8356804055709
ORCL,2024-12-18,165.41000366210935,185.7660742759452
ORCL,2024-12-19,168.78999328613276,184.44206037792483
ORCL,2024-12-20,169.66000366210938,183.23290177890755
ORCL,2024-12-23,169.1399993896485,181.80073340603488
ORCL,2024-12-24,171.41000366210935,180.59361156243023
ORCL,2024-12-26,171.67999267578125,179.5103079326014
ORCL,2024-12-27,168.96000671386722,178.28257518300884
ORCL,2024-12-30,166.91000366210932,177.5348393542833
ORCL,2024-12-31,166.6399993896484,176.5561858704564
ORCL,2025-01-02,166.0299987792969,175.67394931637338
ORCL,2025-01-03,166.32000732421878,174.83070006742145
ORCL,2025-01-06,165.6900024414062,173.70091667868328
ORCL,2025-01-07,162.02999877929688,172.5914468208812
ORCL,2025-01-08,163.13999938964844,170.79001952455525
ORCL,2025-01-10,154.50000000000006,169.11286136232943
ORCL,2025-01-13,153.91999816894528,167.83974463946055
ORCL,2025-01-14,156.30999755859375,166.375147530595
ORCL,2025-01-15,158.30999755859372,165.28333393244213
ORCL,2025-01-16,159.53999328613287,164.3787624119402
ORCL,2025-01-17,161.02999877929688,163.97126275909272
ORCL,2025-01-21,172.57000732421875,163.36488017988987
ORCL,2025-01-22,184.22000122070307,163.98382046021982
ORCL,2025-01-23,186.47000122070318,164.8703626660617
ORCL,2025-01-24,183.6000061035156,165.8722878502784
ORCL,2025-01-27,158.27999877929685,166.68560482439597
ORCL,2025-01-28,164.00000000000006,165.63432656735918
ORCL,2025-01-29,162.02000427246097,165.28341748266698
ORCL,2025-01-30,170.38000488281244,164.982293872918
ORCL,2025-01-31,170.05999755859378,165.38219995704307
ORCL,2025-02-03,168.60000610351557,165.62625709804902
ORCL,2025-02-04,167.88999938964838,165.83337770329138
ORCL,2025-02-05,171.6600036621094,166.02142430843583
ORCL,2025-02-06,172.35000610351554,166.38878726894208
ORCL,2025-02-07,174.46000671386722,167.0834583757633
ORCL,2025-02-10,178.9199981689453,167.894025487934
ORCL,2025-02-11,177.19000244140622,169.41027275843774
ORCL,2025-02-12,172.22000122070312,170.87283324873113
ORCL,2025-02-13,173.8600006103515,171.84252798384117
ORCL,2025-02-14,174.16000366210943,172.68711656135847
ORCL,2025-02-18,179.80000305175778,173.63395197441164
ORCL,2025-02-19,181.520004272461,174.77042903521274
ORCL,2025-02-20,175.99999999999991,175.3035424296521
ORCL,2025-02-21,167.8099975585937,174.83913831206343
ORCL,2025-02-24,169.96000671386722,173.84378655975635
ORCL,2025-02-25,168.53999328613276,173.0318355706397
ORCL,2025-02-26,172.47000122070312,173.7066637629042
ORCL,2025-02-27,164.75999450683597,174.3762635400953
ORCL,2025-02-28,166.0599975585938,174.4747257198529
ORCL,2025-03-03,162.02000427246097,174.1224520656183
ORCL,2025-03-04,157.47000122070307,173.64816878836314
ORCL,2025-03-05,161.55999755859378,173.1793848680187
ORCL,2025-03-06,150.94000244140625,172.7971547565042
ORCL,2025-03-07,155.16000366210943,171.4606601488205
ORCL,2025-03-10,148.78999328613278,170.29676198785413
ORCL,2025-03-11,144.1799926757813,168.90255582670704
ORCL,2025-03-12,150.88999938964844,166.88024223201555
ORCL,2025-03-13,147.6600036621094,165.49474380204367
ORCL,2025-03-14,149.270004272461,164.06421312523662
ORCL,2025-03-17,154.009994506836,162.54764708815037
ORCL,2025-03-18,149.44999694824222,161.4420612356633
ORCL,2025-03-19,152.44999694824222,159.7082188536022
ORCL,2025-03-20,152.72000122070307,158.02480062474413
ORCL,2025-03-21,152.22999572753906,156.83781138211268
ORCL,2025-03-24,154.86999511718756,155.9065439946807
ORCL,2025-03-25,153.92999267578128,155.15692286267665
ORCL,2025-03-26,147.80000305175778,154.2955390875927
ORCL,2025-03-27,145.7799987792969,152.809830597902
ORCL,2025-03-28,140.8699951171875,151.60124453235258
ORCL,2025-03-31,139.80999755859372,150.23072504843608
ORCL,2025-04-01,141.94000244140622,148.9446141847464
ORCL,2025-04-02,145.8600006103515,148.07665081303634
ORCL,2025-04-03,137.22999572753906,147.26038417575703
ORCL,2025-04-04,128.27000427246094,146.80950007557593
ORCL,2025-04-07,127.16000366210942,145.45495622265028
ORCL,2025-04-08,124.49999999999996,144.28638567992184
ORCL,2025-04-09,139.69000244140622,143.16261055867494
ORCL,2025-04-10,133.35000610351568,142.33155605214378
ORCL,2025-04-11,132.35000610351562,141.62472029838798
ORCL,2025-04-14,134.63999938964844,140.71100771391028
ORCL,2025-04-15,133.94000244140622,139.62459442546918
ORCL,2025-04-16,129.7599945068359,138.86960376038536
ORCL,2025-04-17,128.61999511718747,137.6653107421087
ORCL,2025-04-21,122.81999969482426,136.37334331449142
ORCL,2025-04-22,127.23999786376953,134.8139351237829
ORCL,2025-04-23,131.39999389648438,133.28663606068324
ORCL,2025-04-24,137.50999450683594,132.18141368933848
ORCL,2025-04-25,138.490005493164,131.70955746266202
ORCL,2025-04-28,140.13999938964844,131.39438299123978
ORCL,2025-04-29,140.78999328613278,131.43190486663428
ORCL,2025-04-30,140.72000122070312,131.61316144446397
ORCL,2025-05-01,145.49000549316403,131.69363000051604
ORCL,2025-05-02,150.72999572753912,131.7731550527295
ORCL,2025-05-05,149.28999328613276,132.7702719296872
ORCL,2025-05-06,147.6999969482422,134.1436169262932
ORCL,2025-05-07,149.3699951171875,135.37819203405553
ORCL,2025-05-08,150.30000305175787,137.00576902799526
ORCL,2025-05-09,150.33999633789057,137.6538129526334
ORCL,2025-05-12,157.2200012207031,138.7182499274681
ORCL,2025-05-13,162.2700042724609,140.11486664089986
ORCL,2025-05-14,162.94999694824216,141.7567780298979
ORCL,2025-05-15,159.39999389648443,143.51522807488604
ORCL,2025-05-16,160.49000549316403,145.30787116614798
ORCL,2025-05-19,159.63999938964838,147.26100147348004
ORCL,2025-05-20,160.3099975585938,149.59336217611008
ORCL,2025-05-21,157.17999267578128,151.68326875895553
ORCL,2025-05-22,157.3099975585938,153.36538595552295
ORCL,2025-05-23,155.97000122070315,154.6705886153893
ORCL,2025-05-27,161.9100036621094,155.82045212650016
ORCL,2025-05-28,163.85000610351565,157.1165026805344
ORCL,2025-05-29,162.8999938964844,158.4801044704141
ORCL,2025-05-30,165.52999877929685,159.85554893803575
ORCL,2025-06-02,166.5700073242187,160.96822048257687
ORCL,2025-06-03,169.1399993896485,161.88183790132933
ORCL,2025-06-04,168.1000061035156,163.02717900587882
ORCL,2025-06-05,171.1399993896485,164.33351612742706
ORCL,2025-06-06,174.020004272461,165.62503613114902
ORCL,2025-06-09,177.14999389648443,167.01273961046027
ORCL,2025-06-10,177.4799957275391,168.6758325257321
ORCL,2025-06-11,176.3800048828125,169.83006492751724
ORCL,2025-06-12,199.86000061035165,170.5545596923755
ORCL,2025-06-13,215.22000122070318,172.40852162234816
ORCL,2025-06-16,211.10000610351568,175.31530520238192
ORCL,2025-06-17,208.17999267578128,178.04326668959612
ORCL,2025-06-18,210.86999511718741,180.63563221024017
ORCL,2025-06-20,205.16999816894526,183.24820605890312
ORCL,2025-06-23,207.03999328613284,185.722618240848
ORCL,2025-06-24,215.27000427246088,188.54110806460838
ORCL,2025-06-25,210.72000122070307,192.09367478454703
ORCL,2025-06-26,212.82000732421878,194.90679283473406
ORCL,2025-06-27,210.240005493164,197.67426309256595
ORCL,2025-06-30,218.63000488281256,200.50717950642718
ORCL,2025-07-01,218.96000671386716,203.33400783591583
ORCL,2025-07-02,229.97999572753912,206.23889036768148
ORCL,2025-07-03,237.32000732421878,209.66687719279577
ORCL,2025-07-07,232.25999450683594,213.51589066789987
ORCL,2025-07-08,234.49999999999994,216.99119666081234
ORCL,2025-07-09,235.80999755859372,220.48012021949512
ORCL,2025-07-10,235.0,223.8988093632975
ORCL,2025-07-11,230.55999755859378,227.29173646809113
ORCL,2025-07-14,229.27999877929682,230.6257809883185
ORCL,2025-07-15,234.96000671386716,232.17665764812114
ORCL,2025-07-16,241.30000305175784,233.18410047718376
ORCL,2025-07-17,248.74999999999994,234.71552437065634
ORCL,2025-07-18,245.44999694824227,236.93418400504584
ORCL,2025-07-21,243.53999328613276,238.4907502284406
ORCL,2025-07-22,238.11000061035162,240.43761561371392
ORCL,2025-07-23,241.8999938964845,241.99189703324572
ORCL,2025-07-24,242.83000183105466,243.3854027668306
ORCL,2025-07-25,245.11999511718741,245.0779081932038
ORCL,2025-07-28,247.71000671386713,246.89527369991757
ORCL,2025-07-29,249.97999572753903,248.9482986080884
ORCL,2025-07-30,250.6000061035157,250.58428086694246
ORCL,2025-07-31,253.77000427246085,252.25557987522103
ORCL,2025-08-01,244.41999816894523,253.32143561343224
ORCL,2025-08-04,252.52999877929696,253.4067762070775
ORCL,2025-08-05,255.66999816894537,254.2077838120844
ORCL,2025-08-06,256.42999267578114,254.9331045562963
ORCL,2025-08-07,249.38999938964838,255.27176161944783
ORCL,2025-08-08,250.05000305175784,255.8908064427156
ORCL,2025-08-11,252.6799926757813,256.39372039310643
ORCL,2025-08-12,253.86000061035165,257.4713692286258
ORCL,2025-08-13,244.17999267578125,258.141239602421
ORCL,2025-08-14,244.96000671386716,257.9576854791194
ORCL,2025-08-15,248.2799987792969,257.27645958230653
ORCL,2025-08-18,249.0700073242188,257.08033683723073
ORCL,2025-08-19,234.61999511718741,257.09257116589237
ORCL,2025-08-20,235.05999755859378,256.3664505560066
ORCL,2025-08-21,233.16000366210943,255.7208403140314
ORCL,2025-08-22,236.36999511718756,254.82230113749213
ORCL,2025-08-25,235.41000366210932,254.00860540181958
ORCL,2025-08-26,234.21000671386722,253.1071769024508
ORCL,2025-08-27,235.80999755859372,252.05825373426688
ORCL,2025-08-28,240.3200073242187,250.9622749863653
ORCL,2025-08-29,226.13000488281253,249.83011870866338
ORCL,2025-09-02,225.30000305175787,248.46399173376474
ORCL,2025-09-03,223.44999694824227,246.6517218610572
ORCL,2025-09-04,223.00000000000003,244.40014365862598
ORCL,2025-09-05,232.80000305175776,242.26535114659305
ORCL,2025-09-08,238.47999572753912,241.03366236611586
ORCL,2025-09-09,241.50999450683594,240.2859317518506
ORCL,2025-09-10,328.3299865722656,239.7051253141567
ORCL,2025-09-11,307.85998535156256,243.29391874010804
ORCL,2025-09-12,292.1799926757812,246.22195962275373
ORCL,2025-09-15,302.1400146484374,248.5005998382808
ORCL,2025-09-16,306.6499938964845,251.20650160842646
ORCL,2025-09-17,301.41000366210943,254.12227932355708
ORCL,2025-09-18,296.6199951171874,257.7935979923155
ORCL,2025-09-19,308.6600036621093,261.3094471966473
ORCL,2025-09-22,328.1499938964843,265.26811078607983
ORCL,2025-09-23,313.82998657226574,270.2147623679659
ORCL,2025-09-24,308.4599914550781,274.88474197022384
ORCL,2025-09-25,291.32998657226557,279.264432026864
ORCL,2025-09-26,283.45999145507824,282.5515096649998
ORCL,2025-09-29,282.76000976562506,285.1863362878287
ORCL,2025-09-30,281.239990234375,288.95023334409876
ORCL,2025-10-01,289.0100097656251,292.7910599093132
ORCL,2025-10-02,288.77999877929693,297.23128704499584
ORCL,2025-10-03,286.1400146484374,301.72605843081817
ORCL,2025-10-06,291.58999633789057,305.29312380794823
ORCL,2025-10-07,284.23999023437506,309.47895475575046
ORCL,2025-10-08,288.6300048828124,312.352907002229
ORCL,2025-10-09,296.9599914550782,310.0055883184554
ORCL,2025-10-10,292.9599914550782,309.15460863004915
ORCL,2025-10-13,308.0100097656249,308.9234099754975
ORCL,2025-10-14,299.0000000000001,309.13205598312004
ORCL,2025-10-15,303.6199951171874,308.4221396894406
ORCL,2025-10-16,312.9999999999999,308.59449119537663
ORCL,2025-10-17,291.30999755859364,309.1878267380489
ORCL,2025-10-20,277.1799926757813,307.69169417495084
ORCL,2025-10-21,275.1499938964845,304.2402379275718
ORCL,2025-10-22,272.6600036621094,301.6760034342615
ORCL,2025-10-23,280.07000732421875,299.28573839535983
ORCL,2025-10-24,283.3299865722657,298.37844974057185
ORCL,2025-10-27,281.3999938964843,298.2085350304115
ORCL,2025-10-28,280.8299865722656,297.8721599790898
ORCL,2025-10-29,275.29998779296875,297.65501123713176
ORCL,2025-10-30,256.8900146484375,296.6020710013229
ORCL,2025-10-31,262.60998535156256,294.36337858949685
ORCL,2025-11-03,257.8500061035157,292.7401667239226
ORCL,2025-11-04,248.16999816894528,290.5844019841606
ORCL,2025-11-05,250.3099975585938,287.9833336378726
ORCL,2025-11-06,243.80000305175773,285.3263620086334
ORCL,2025-11-07,239.259994506836,281.7017457443679
ORCL,2025-11-10,240.83000183105477,278.2369229764745
ORCL,2025-11-11,236.14999389648446,274.11578199901726
ORCL,2025-11-12,226.99000549316412,269.98281894601774
ORCL,2025-11-13,217.5700073242187,265.37047657428747
ORCL,2025-11-14,222.85000610351554,259.5047885077132
ORCL,2025-11-17,219.86000061035153,255.3231912228612
ORCL,2025-11-18,220.49000549316406,251.8639658681624
ORCL,2025-11-19,225.5299987792968,248.5548135174501
ORCL,2025-11-20,210.69000244140625,246.05633826468903
ORCL,2025-11-21,198.759994506836,242.215435269869
ORCL,2025-11-24,200.27999877929688,237.27002820821755
ORCL,2025-11-25,197.02999877929685,232.70467338810045
ORCL,2025-11-26,204.96000671386724,228.01072752756127
ORCL,2025-11-28,201.9499969482422,224.33256965126836
ORCL,2025-12-01,200.94000244140622,221.3628346750079
ORCL,2025-12-02,201.1000061035156,218.1156232200463
ORCL,2025-12-03,207.72999572753906,215.26217377081332
ORCL,2025-12-04,214.33000183105474,213.45858464848672
ORCL,2025-12-05,217.58000183105466,211.79817960900218
ORCL,2025-12-08,220.53999328613273,210.56471527766706
ORCL,2025-12-09,221.5299987792968,209.7718198083407
ORCL,2025-12-10,223.009994506836,208.90470232079088
ORCL,2025-12-11,198.8500061035156,208.40879500898555
ORCL,2025-12-12,189.97000122070312,207.01174345806157
ORCL,2025-12-15,184.91999816894526,205.65011027127812
ORCL,2025-12-16,188.64999389648432,203.77866201519316
ORCL,2025-12-17,178.46000671386716,202.24434924657623
ORCL,2025-12-18,180.02999877929685,199.94267649343098
ORCL,2025-12-19,191.9700012207031,197.5915967032622
ORCL,2025-12-22,198.38000488281256,196.83472647453723
ORCL,2025-12-23,195.33999633789062,197.19611221106098
ORCL,2025-12-24,197.49000549316406,197.2557827317625
ORCL,2025-12-26,197.99000549316412,197.57203493095503
ORCL,2025-12-29,195.3800048828125,197.5568322267057
ORCL,2025-12-30,197.21000671386713,197.48334122114625
ORCL,2025-12-31,194.91000366210935,197.5601614198407
AMD,2023-10-31,98.49999999999999,97.45622952973005
AMD,2023-11-01,108.04000091552733,98.22885854451476
AMD,2023-11-02,107.83000183105469,99.3475894868389
AMD,2023-11-03,112.25000000000001,100.23337120660018
AMD,2023-11-06,111.75000000000001,101.43954292020342
AMD,2023-11-07,113.44999694824216,102.25229505165186
AMD,2023-11-08,113.5899963378906,103.16860007436323
AMD,2023-11-09,113.48999786376955,104.11955399251259
AMD,2023-11-10,118.5899963378906,104.72576135627794
AMD,2023-11-13,116.79000091552739,105.93170432655404
AMD,2023-11-14,119.87999725341798,106.81991324859354
AMD,2023-11-15,118.00000000000004,107.81000859809589
AMD,2023-11-16,119.83000183105466,108.85612702935109
AMD,2023-11-17,120.62000274658205,110.10036047281865
AMD,2023-11-20,121.52999877929682,111.04641295428304
AMD,2023-11-21,119.16000366210936,112.64097036701507
AMD,2023-11-22,122.51000213623053,113.67136483751078
AMD,2023-11-24,122.30999755859379,115.27901682781362
AMD,2023-11-27,122.65000152587888,117.14783169265644
AMD,2023-11-28,122.01000213623043,118.58256085388727
AMD,2023-11-29,123.84999847412104,120.2882830051834
AMD,2023-11-30,121.16000366210938,121.60511717705587
AMD,2023-12-01,121.38999938964841,122.29298050185517
AMD,2023-12-04,118.56999969482423,122.77534022003604
AMD,2023-12-05,118.379997253418,123.1737658005653
AMD,2023-12-06,116.81999969482418,123.43727479183909
AMD,2023-12-07,128.36999511718747,123.50126804642312
AMD,2023-12-08,128.9199981689453,124.34658011964497
AMD,2023-12-11,134.41000366210935,125.3093669346487
AMD,2023-12-12,137.61000061035156,126.61047477287886
AMD,2023-12-13,138.19000244140622,128.15409311800582
AMD,2023-12-14,138.00000000000006,128.7956826010651
AMD,2023-12-15,139.1499938964844,129.33862271043432
AMD,2023-12-18,138.89999389648432,130.86247904793152
AMD,2023-12-19,140.14999389648438,132.18839820916494
AMD,2023-12-20,135.47000122070312,132.9276627274012
AMD,2023-12-21,139.91000366210932,133.9815404995719
AMD,2023-12-22,139.60000610351557,134.67929795236682
AMD,2023-12-26,143.41000366210935,135.61198492426792
AMD,2023-12-27,146.07000732421878,136.74095874075948
AMD,2023-12-28,148.7599945068359,137.91570849666172
AMD,2023-12-29,147.41000366210943,139.21547716062838
AMD,2024-01-02,138.58000183105463,140.76068588965245
AMD,2024-01-03,135.32000732421878,142.13431804238155
AMD,2024-01-04,136.00999450683588,143.05258160419817
AMD,2024-01-05,138.58000183105463,144.0979864929657
AMD,2024-01-08,146.17999267578128,145.372122294307
AMD,2024-01-09,149.2599945068359,146.33314201524414
AMD,2024-01-10,148.5399932861328,147.73295050152132
AMD,2024-01-11,148.0200042724609,148.89291972595518
AMD,2024-01-12,146.55999755859378,149.67643346252612
AMD,2024-01-16,158.74000549316406,150.39239540750737
AMD,2024-01-17,160.16999816894526,151.75406470664294
AMD,2024-01-18,162.66999816894534,152.80086002155502
AMD,2024-01-19,174.22999572753903,153.3690195637847
AMD,2024-01-22,168.1799926757813,155.33913069121886
AMD,2024-01-23,168.41999816894526,156.61419043353268
AMD,2024-01-24,178.28999328613284,158.14452272265368
AMD,2024-01-25,180.3300018310547,160.45619045907213
AMD,2024-01-26,177.24999999999997,162.19455936833955
AMD,2024-01-29,177.83000183105466,163.72753261301878
AMD,2024-01-30,172.05999755859378,165.71664946726483
AMD,2024-01-31,167.69000244140622,167.53732340762332
AMD,2024-02-01,170.47999572753903,168.79874180193224
AMD,2024-02-02,177.66000366210938,170.98028132596752
AMD,2024-02-05,174.22999572753903,174.0042789872519
AMD,2024-02-06,167.8800048828125,175.46872779178645
AMD,2024-02-07,170.94000244140628,176.400645094929
AMD,2024-02-08,169.35000610351565,178.16730950868225
AMD,2024-02-09,172.47999572753903,179.26415759668325
AMD,2024-02-12,171.91000366210935,181.0984080616754
AMD,2024-02-13,171.53999328613284,182.36388508790495
AMD,2024-02-14,178.6999969482422,183.11503116007185
AMD,2024-02-15,176.75999450683594,184.48242375705252
AMD,2024-02-16,173.8699951171875,185.09322173525211
AMD,2024-02-20,165.6900024414062,185.236507080221
AMD,2024-02-21,164.28999328613278,184.81496018587583
AMD,2024-02-22,181.86000061035153,184.29530110827702
AMD,2024-02-23,176.520004272461,185.32032087402945
AMD,2024-02-26,176.0099945068359,185.18151602054238
AMD,2024-02-27,177.99999999999997,184.9191737921315
AMD,2024-02-28,176.53999328613276,184.48352580745538
AMD,2024-02-29,192.52999877929682,185.0124149913189
AMD,2024-03-01,202.6399993896484,186.78794411208426
AMD,2024-03-04,205.3600006103515,188.98037032980798
AMD,2024-03-05,205.13000488281247,190.85914208067334
AMD,2024-03-06,210.6300048828125,192.11444485214312
AMD,2024-03-07,211.3800048828125,194.1581218443381
AMD,2024-03-08,207.38999938964835,196.72812399948805
AMD,2024-03-11,198.3899993896485,197.44757934005818
AMD,2024-03-12,202.75999450683597,198.67524932465454
AMD,2024-03-13,194.78999328613276,200.5508234682473
AMD,2024-03-14,187.05999755859372,202.16616393469923
AMD,2024-03-15,191.0599975585938,203.31174512166362
AMD,2024-03-18,190.6499938964844,203.20885363125376
AMD,2024-03-19,181.4199981689454,203.98515347795046
AMD,2024-03-20,179.7299957275391,204.88660843587348
AMD,2024-03-21,178.6799926757812,205.77980881328637
AMD,2024-03-22,179.64999389648443,206.65707388406912
AMD,2024-03-25,178.63000488281253,206.71360246122265
AMD,2024-03-26,177.8699951171875,206.24198431390803
AMD,2024-03-27,179.58999633789068,206.01713764434274
AMD,2024-03-28,180.49000549316412,205.45917213452313
AMD,2024-04-01,183.3399963378907,205.22252145963162
AMD,2024-04-02,178.6999969482422,204.30606692613318
AMD,2024-04-03,180.7700042724609,202.9073334139452
AMD,2024-04-04,165.83000183105466,201.21025366079633
AMD,2024-04-05,170.41999816894537,198.65100831048628
AMD,2024-04-08,169.89999389648438,197.1639292895527
AMD,2024-04-09,170.77999877929685,195.27422449597995
AMD,2024-04-10,167.1399993896484,193.60579363348887
AMD,2024-04-11,170.5,191.82581579963644
AMD,2024-04-12,163.2799987792969,189.9982983394691
AMD,2024-04-15,160.32000732421872,188.1991571447746
AMD,2024-04-16,163.4600067138672,186.42580016607582
AMD,2024-04-17,154.0200042724609,185.75141746294935
AMD,2024-04-18,155.08000183105474,184.16322521995514
AMD,2024-04-19,146.6399993896485,182.84999191857318
AMD,2024-04-22,148.63999938964847,180.81504160906402
AMD,2024-04-23,152.2700042724609,179.18229169085555
AMD,2024-04-24,151.74000549316406,177.9996687747609
AMD,2024-04-25,153.75999450683588,176.42495051967913
AMD,2024-04-26,157.39999389648443,174.56989876956436
AMD,2024-04-29,160.1999969482422,174.20322350784778
AMD,2024-04-30,158.3800048828125,172.18233920246743
AMD,2024-05-01,144.2700042724609,170.58663582343434
AMD,2024-05-02,146.16000366210935,168.9204044323009
AMD,2024-05-03,150.60000610351562,167.39248837945624
AMD,2024-05-06,155.77999877929693,165.6371100124444
AMD,2024-05-07,154.4299926757812,165.5287237881352
AMD,2024-05-08,153.61999511718753,164.38715605729664
AMD,2024-05-09,152.38999938964838,163.81075205827352
AMD,2024-05-10,151.91999816894526,162.7141507682774
AMD,2024-05-13,150.55999755859372,162.31097453993235
AMD,2024-05-14,153.16000366210938,161.42035990793167
AMD,2024-05-15,159.66999816894534,160.94046934953266
AMD,2024-05-16,162.61999511718747,161.5359115935408
AMD,2024-05-17,164.47000122070307,161.72114988094222
AMD,2024-05-20,166.33000183105472,162.57080289585883
AMD,2024-05-21,164.66000366210943,163.58479116500942
AMD,2024-05-22,165.52000427246097,164.26655056891138
AMD,2024-05-23,160.42999267578128,165.16679278970005
AMD,2024-05-24,166.3600006103515,166.00852528769744
AMD,2024-05-28,171.6100006103515,166.20227627216804
AMD,2024-05-29,165.13999938964847,166.82704998642404
AMD,2024-05-30,166.75000000000006,167.16354460577722
AMD,2024-05-31,166.89999389648443,167.47972283642036
AMD,2024-06-03,163.55000305175776,168.3468094076854
AMD,2024-06-04,159.9900054931641,168.48142050399872
AMD,2024-06-05,166.16999816894526,169.07000355115116
AMD,2024-06-06,166.7799987792969,169.9972653906158
AMD,2024-06-07,167.86999511718756,170.973501314763
AMD,2024-06-10,160.33999633789057,171.35552494681409
AMD,2024-06-11,158.96000671386713,172.50052722700167
AMD,2024-06-12,160.24000549316406,171.77029327262525
AMD,2024-06-13,159.89999389648435,171.6327938683301
AMD,2024-06-14,159.63000488281247,172.6982596513365
AMD,2024-06-17,158.39999389648435,173.28286444548073
AMD,2024-06-18,154.63000488281256,172.8858155281821
AMD,2024-06-20,161.77999877929682,172.00992340217115
AMD,2024-06-21,161.2299957275391,172.4114657581812
AMD,2024-06-24,160.24999999999994,172.4121506678328
AMD,2024-06-25,160.24999999999994,171.85094063288412
AMD,2024-06-26,157.53999328613278,171.47341795768136
AMD,2024-06-27,159.47000122070315,170.39229679901285
AMD,2024-06-28,162.21000671386716,170.42144666372894
AMD,2024-07-01,157.6900024414063,170.30691108071542
AMD,2024-07-02,164.3099975585937,169.95513033883205
AMD,2024-07-03,163.89999389648443,169.66694351979962
AMD,2024-07-05,171.89999389648443,169.94068360586368
AMD,2024-07-08,178.69000244140625,170.0908496200654
AMD,2024-07-09,177.10000610351562,170.70034084649362
AMD,2024-07-10,183.96000671386724,170.75519691121303
AMD,2024-07-11,181.94000244140628,171.53348779769917
AMD,2024-07-12,181.61000061035162,172.6934290516013
AMD,2024-07-15,179.8300018310547,173.12539859864268
AMD,2024-07-16,177.55000305175787,174.0203371136759
AMD,2024-07-17,159.42999267578128,174.61870089248174
AMD,2024-07-18,155.770004272461,174.81735740504774
AMD,2024-07-19,151.58000183105463,175.6655785385969
AMD,2024-07-22,155.86999511718744,174.98025993549416
AMD,2024-07-23,154.00000000000006,175.2426973386006
AMD,2024-07-24,144.63000488281244,175.05915306924584
AMD,2024-07-25,138.32000732421878,173.53627142881166
AMD,2024-07-26,139.99000549316406,171.87620842604056
AMD,2024-07-29,139.74999999999997,171.13501921512452
AMD,2024-07-30,138.4400024414062,169.97145319430751
AMD,2024-07-31,144.47999572753912,168.48670727922556
AMD,2024-08-01,132.53999328613284,167.37989345302628
AMD,2024-08-02,132.49999999999997,165.66372067229085
AMD,2024-08-05,134.82000732421878,163.48318596656628
AMD,2024-08-06,130.17999267578128,161.52958909447804
AMD,2024-08-07,128.66999816894534,159.64118557812048
AMD,2024-08-08,136.32000732421875,156.06833941477063
AMD,2024-08-09,134.270004272461,153.84555773858548
AMD,2024-08-12,136.77000427246097,151.45026273956438
AMD,2024-08-13,141.13000488281253,149.33196457359733
AMD,2024-08-14,140.75,147.9504703575138
AMD,2024-08-15,147.36000061035156,147.15716604903804
AMD,2024-08-16,148.55999755859378,146.77345464402745
AMD,2024-08-19,155.27999877929685,146.3123678028595
AMD,2024-08-20,156.3999938964844,146.59585450880365
AMD,2024-08-21,157.8099975585938,146.7960268077006
AMD,2024-08-22,151.69999694824222,147.40913382842433
AMD,2024-08-23,154.97999572753903,147.9014038606256
AMD,2024-08-26,149.99000549316406,148.75149444485868
AMD,2024-08-27,150.49999999999994,148.93475534464216
AMD,2024-08-28,146.36000061035162,149.6485316207722
AMD,2024-08-29,145.49000549316403,149.70483992965853
AMD,2024-08-30,148.55999755859378,149.96861588755937
AMD,2024-09-03,136.9400024414063,151.35207691423776
AMD,2024-09-04,140.8699951171875,151.63980355130056
AMD,2024-09-05,139.44000244140622,152.36588641741565
AMD,2024-09-06,134.35000610351565,152.64650313295914
AMD,2024-09-09,138.1499938964844,151.6470593421028
AMD,2024-09-10,142.83999633789062,152.263850748215
AMD,2024-09-11,149.86000061035162,153.4691333028509
AMD,2024-09-12,150.770004272461,154.46557288894587
AMD,2024-09-13,152.3099975585938,155.75519547226756
AMD,2024-09-16,152.08000183105463,156.1125138705385
AMD,2024-09-17,150.82000732421875,156.99761163632002
AMD,2024-09-18,148.28999328613278,156.79586171532586
AMD,2024-09-19,156.7400054931641,155.79378367478674
AMD,2024-09-20,155.9499969482422,155.39722518577102
AMD,2024-09-23,156.75,155.60549268885907
AMD,2024-09-24,158.3200073242187,155.70278658158284
AMD,2024-09-25,162.02000427246097,155.77817357201212
AMD,2024-09-26,167.49000549316412,156.57203938043807
AMD,2024-09-27,164.35000610351568,156.67821774638426
AMD,2024-09-30,164.08000183105474,157.4364963264277
AMD,2024-10-01,159.74999999999994,158.14130417406963
AMD,2024-10-02,159.77999877929682,159.3760818278676
AMD,2024-10-03,162.8500061035156,160.24576596221857
AMD,2024-10-04,170.89999389648432,161.49086813255497
AMD,2024-10-07,170.9700012207031,163.47370974691873
AMD,2024-10-08,172.80000305175778,165.18087875378845
AMD,2024-10-09,171.02000427246094,166.97869616858335
AMD,2024-10-10,164.1799926757813,168.11047159929774
AMD,2024-10-11,167.88999938964838,168.61419305010932
AMD,2024-10-14,165.27000427246094,169.1672280473354
AMD,2024-10-15,156.63999938964847,169.6232135549943
AMD,2024-10-16,156.13000488281253,169.574038387638
AMD,2024-10-17,156.25000000000006,169.86697971798404
AMD,2024-10-18,155.97000122070315,169.47523923671255
AMD,2024-10-21,157.89999389648438,169.38341843513027
AMD,2024-10-22,154.08999633789062,169.5289562996445
AMD,2024-10-23,152.91000366210938,169.99684270944135
AMD,2024-10-24,153.4400024414062,169.57277767944467
AMD,2024-10-25,156.229995727539,168.7085174910735
AMD,2024-10-28,159.9199981689453,168.3223007332103
AMD,2024-10-29,166.24999999999997,168.0556856530242
AMD,2024-10-30,148.60000610351562,168.92162843793392
AMD,2024-10-31,144.07000732421872,168.8318548261395
AMD,2024-11-01,141.86000061035162,166.59518771007112
AMD,2024-11-04,140.71000671386722,165.53305750823202
AMD,2024-11-05,141.6600036621094,163.83119015897682
AMD,2024-11-06,145.10000610351565,162.27931143126943
AMD,2024-11-07,149.8200073242188,161.5774946696807
AMD,2024-11-08,147.94999694824224,160.62679140681544
AMD,2024-11-11,147.35000610351568,159.53910878633462
AMD,2024-11-12,143.63000488281253,158.71059769844302
AMD,2024-11-13,139.30000305175778,158.5230807417453
AMD,2024-11-14,138.83999633789065,157.8595610601705
AMD,2024-11-15,134.89999389648438,156.58559936030696
AMD,2024-11-18,138.92999267578122,154.98932331676465
AMD,2024-11-19,139.38999938964847,153.66133713207498
AMD,2024-11-20,137.60000610351557,152.98827009260194
AMD,2024-11-21,137.49000549316406,151.85135809329716
AMD,2024-11-22,138.3500061035156,150.65568189353212
AMD,2024-11-25,141.13000488281253,149.8342810099129
AMD,2024-11-26,137.7200012207031,148.72574863343448
AMD,2024-11-27,136.24000549316406,147.80243009252965
AMD,2024-11-29,137.17999267578125,146.94137195356691
AMD,2024-12-02,142.0599975585938,146.49610750019784
AMD,2024-12-03,141.97999572753903,146.70798021257323
AMD,2024-12-04,143.99000549316406,146.4568611037706
AMD,2024-12-05,141.36000061035156,146.8031506695924
AMD,2024-12-06,138.58999633789065,146.9313803685272
AMD,2024-12-09,130.8699951171875,146.81469499547208
AMD,2024-12-10,127.73999786376949,145.64955363255783
AMD,2024-12-11,130.14999389648443,144.51364619219098
AMD,2024-12-12,130.6000061035156,144.52366932882364
AMD,2024-12-13,126.91000366210935,144.12738217777255
AMD,2024-12-16,126.69000244140622,144.7409709166668
AMD,2024-12-17,125.01999664306646,144.83280762782738
AMD,2024-12-18,121.41000366210942,143.69873571859907
AMD,2024-12-19,118.87999725341798,142.09624821543972
AMD,2024-12-20,119.20999908447261,141.67934573373643
AMD,2024-12-23,124.59999847412108,140.22007502623092
AMD,2024-12-24,126.29000091552739,139.68782189375892
AMD,2024-12-26,125.0599975585937,139.19341671156275
AMD,2024-12-27,125.19000244140629,138.63596222844353
AMD,2024-12-30,122.44000244140621,137.91267510039933
AMD,2024-12-31,120.7900009155273,137.16060281009732
AMD,2025-01-02,120.62999725341797,135.99989173511452
AMD,2025-01-03,125.37000274658206,135.07306859658362
AMD,2025-01-06,129.55000305175778,134.24448706026016
AMD,2025-01-07,127.33000183105469,133.25206722158427
AMD,2025-01-08,121.83999633789062,132.32537566966542
AMD,2025-01-10,116.04000091552733,132.1475442106993
AMD,2025-01-13,117.31999969482423,131.52986638481053
AMD,2025-01-14,116.08999633789061,131.3209738073786
AMD,2025-01-15,119.9599990844726,130.40391134277462
AMD,2025-01-16,118.44000244140624,129.96439463192826
AMD,2025-01-17,121.45999908447267,130.08719932134048
AMD,2025-01-21,122.2799987792969,130.19506821071687
AMD,2025-01-22,123.74999999999997,130.57434103799756
AMD,2025-01-23,123.04000091552733,131.4958249881962
AMD,2025-01-24,122.83999633789065,131.88960758460627
AMD,2025-01-27,115.01000213623044,131.98065535945761
AMD,2025-01-28,114.16999816894531,129.90143269393792
AMD,2025-01-29,117.34999847412114,129.5037790764609
AMD,2025-01-30,118.8600006103516,128.65863016454668
AMD,2025-01-31,115.94999694824217,127.37581881022493
AMD,2025-02-03,114.26999664306645,127.41279602807921
AMD,2025-02-04,119.50000000000003,127.5786427315116
AMD,2025-02-05,112.0100021362305,127.05521768646796
AMD,2025-02-06,110.16000366210938,126.36262966925902
AMD,2025-02-07,107.55999755859374,125.47368970706313
AMD,2025-02-10,110.48000335693362,124.83946426262676
AMD,2025-02-11,111.09999847412108,124.7889937260712
AMD,2025-02-12,111.72000122070311,124.12524170975774
AMD,2025-02-13,111.80999755859375,123.68269803072474
AMD,2025-02-14,113.0999984741211,122.90709270704849
AMD,2025-02-18,114.27999877929692,122.06600506995088
AMD,2025-02-19,114.69000244140629,121.30450110228328
AMD,2025-02-20,114.16999816894531,121.255322643467
AMD,2025-02-21,110.83999633789064,120.81996673537354
AMD,2025-02-24,108.11000061035155,119.82341445156565
AMD,2025-02-25,103.95999908447261,118.64190261275942
AMD,2025-02-26,104.73999786376956,117.71237497870361
AMD,2025-02-27,99.51000213623044,117.82775366316788
AMD,2025-02-28,99.86000061035153,116.67912584706922
AMD,2025-03-03,98.23000335693361,115.61273174233514
AMD,2025-03-04,100.75000000000003,114.29917027822418
AMD,2025-03-05,101.66999816894534,113.6342688389938
AMD,2025-03-06,98.84999847412111,113.19443271762204
AMD,2025-03-07,100.30999755859375,112.28066737553667
AMD,2025-03-10,96.62999725341795,111.71970877634554
AMD,2025-03-11,96.76000213623044,111.32651975536086
AMD,2025-03-12,100.79000091552734,111.22891873948211
AMD,2025-03-13,98.11000061035156,110.8789500280394
AMD,2025-03-14,100.97000122070317,110.5647755989446
AMD,2025-03-17,104.5899963378906,110.07428782294689
AMD,2025-03-18,103.51000213623048,109.39715691526179
AMD,2025-03-19,106.23000335693362,108.63195353108829
AMD,2025-03-20,107.13999938964848,108.43746891535916
AMD,2025-03-21,106.44000244140624,107.8834328232151
AMD,2025-03-24,113.84999847412114,107.94409345498529
AMD,2025-03-25,114.80999755859379,107.97616322799827
AMD,2025-03-26,110.19000244140625,108.40765530091043
AMD,2025-03-27,106.65000152587895,108.47633546471474
AMD,2025-03-28,103.22000122070312,108.57923027628767
AMD,2025-03-31,102.73999786376952,108.75020930341606
AMD,2025-04-01,102.7799987792969,108.5384189753034
AMD,2025-04-02,102.95999908447266,108.78979900791043
AMD,2025-04-03,93.80000305175783,108.89592137569664
AMD,2025-04-04,85.76000213623045,109.89843593470209
AMD,2025-04-07,83.63999938964847,110.02220533758486
AMD,2025-04-08,78.20999908447268,109.91735201864027
AMD,2025-04-09,96.83999633789065,109.75653597231525
AMD,2025-04-10,88.69999694824219,109.13343467447227
AMD,2025-04-11,93.4000015258789,108.94463215518248
AMD,2025-04-14,94.50000000000001,108.53448185655799
AMD,2025-04-15,95.29000091552732,107.43833219438042
AMD,2025-04-16,88.29000091552736,106.95958575578706
AMD,2025-04-17,87.50000000000003,105.96285364161788
AMD,2025-04-21,85.55999755859376,104.40949295038433
AMD,2025-04-22,86.2600021362305,103.2009616944348
AMD,2025-04-23,90.38999938964848,101.50012359654629
AMD,2025-04-24,94.47000122070315,100.28991826700478
AMD,2025-04-25,96.65000152587888,99.81783535259491
AMD,2025-04-28,96.38999938964845,99.50346249757159
AMD,2025-04-29,96.05999755859374,99.13900112695566
AMD,2025-04-30,97.34999847412112,98.87305105588408
AMD,2025-05-01,96.65000152587888,98.56915091536102
AMD,2025-05-02,98.80000305175778,99.31124999774008
AMD,2025-05-05,100.58999633789065,100.38881996634991
AMD,2025-05-06,98.62000274658206,101.64925141462781
AMD,2025-05-07,100.36000061035155,102.46627335923468
AMD,2025-05-08,101.69999694824219,103.94680979290253
AMD,2025-05-09,102.83999633789058,104.2390608609866
AMD,2025-05-12,108.12000274658205,104.89668089408363
AMD,2025-05-13,112.45999908447268,105.11373855477447
AMD,2025-05-14,117.72000122070312,105.90884271797835
AMD,2025-05-15,114.98999786376955,107.30423008954791
AMD,2025-05-16,117.1699981689453,108.81871143576916
AMD,2025-05-19,114.73999786376955,110.2364832756292
AMD,2025-05-20,113.51000213623045,112.25294345957205
AMD,2025-05-21,112.05999755859379,113.94385166582622
AMD,2025-05-22,110.70999908447263,115.38285691938901
AMD,2025-05-23,110.30999755859372,116.44148789977005
AMD,2025-05-27,114.55999755859375,117.60251782220926
AMD,2025-05-28,112.86000061035158,118.58821723342444
AMD,2025-05-29,113.0299987792969,119.51646032847144
AMD,2025-05-30,110.73000335693362,120.58289933600359
AMD,2025-06-02,114.62999725341798,121.50363720169561
AMD,2025-06-03,117.3099975585938,122.40432053617445
AMD,2025-06-04,118.58000183105464,123.27176743908154
AMD,2025-06-05,115.69000244140628,124.47820522302952
AMD,2025-06-06,116.19000244140622,125.47397848035622
AMD,2025-06-09,121.73000335693357,125.62160637785038
AMD,2025-06-10,123.23999786376952,126.76032149274535
AMD,2025-06-11,121.1399993896485,127.19154772042315
AMD,2025-06-12,118.50000000000003,128.20495832099186
AMD,2025-06-13,116.16000366210935,128.41008486599904
AMD,2025-06-16,126.38999938964847,128.32182250072776
AMD,2025-06-17,127.09999847412108,128.6900917257034
AMD,2025-06-18,126.79000091552737,129.4794999467714
AMD,2025-06-20,128.24000549316403,130.18952183187952
AMD,2025-06-23,129.58000183105472,130.49794689010795
AMD,2025-06-24,138.4299926757813,131.97381442664616
AMD,2025-06-25,143.39999389648432,133.62772450922574
AMD,2025-06-26,143.67999267578125,135.1927606951685
AMD,2025-06-27,143.80999755859372,137.26532264041796
AMD,2025-06-30,141.89999389648435,138.8220459493749
AMD,2025-07-01,136.11000061035156,140.43756398149964
AMD,2025-07-02,138.520004272461,140.87848599626182
AMD,2025-07-03,137.91000366210943,141.50102183608277
AMD,2025-07-07,134.8000030517578,142.88419731445092
AMD,2025-07-08,137.82000732421872,144.44084645523526
AMD,2025-07-09,138.4100036621094,145.36331720418417
AMD,2025-07-10,144.16000366210938,146.7141092959362
AMD,2025-07-11,146.41999816894537,147.57375049217828
AMD,2025-07-14,146.24000549316403,149.08363423156766
AMD,2025-07-15,155.6100006103515,151.2146405381738
AMD,2025-07-16,160.08000183105472,153.4762190299511
AMD,2025-07-17,160.4100036621094,155.284927753937
AMD,2025-07-18,156.9900054931641,157.535353051975
AMD,2025-07-21,156.99999999999994,158.94649033572227
AMD,2025-07-22,154.7200012207031,160.64246366956462
AMD,2025-07-23,158.6499938964844,161.5651162558906
AMD,2025-07-24,162.1199951171875,162.7507166918298
AMD,2025-07-25,166.47000122070318,164.0848203205968
AMD,2025-07-28,173.66000366210935,165.37279370090397
AMD,2025-07-29,177.4400024414062,167.05785163086514
AMD,2025-07-30,179.509994506836,169.27608216349734
AMD,2025-07-31,176.30999755859372,171.91677451253693
AMD,2025-08-01,171.69999694824222,175.16567072778494
AMD,2025-08-04,176.77999877929693,177.4349060317929
AMD,2025-08-05,174.3099975585937,180.38513859534282
AMD,2025-08-06,163.11999511718744,181.97594566004375
AMD,2025-08-07,172.39999389648432,182.40117476595407
AMD,2025-08-08,172.7599945068359,182.679343794343
AMD,2025-08-11,172.27999877929685,182.83466580528577
AMD,2025-08-12,174.9499969482422,184.194401593918
AMD,2025-08-13,184.41999816894534,185.41409135972984
AMD,2025-08-14,180.94999694824224,185.9864437300045
AMD,2025-08-15,177.50999450683594,187.27444070764048
AMD,2025-08-18,176.1399993896484,188.48961429662833
AMD,2025-08-19,166.55000305175778,189.24269631785018
AMD,2025-08-20,165.19999694824213,189.44190388017702
AMD,2025-08-21,163.71000671386716,190.34558263646514
AMD,2025-08-22,167.7599945068359,190.53512107032964
AMD,2025-08-25,163.3600006103515,190.36406787081046
AMD,2025-08-26,166.61999511718744,189.73075158673845
AMD,2025-08-27,167.13000488281256,188.84801756828094
AMD,2025-08-28,168.58000183105466,188.27604327848164
AMD,2025-08-29,162.63000488281253,187.79744644113222
AMD,2025-09-02,162.3200073242188,187.1135440299877
AMD,2025-09-03,162.13000488281247,186.57196560435088
AMD,2025-09-04,161.78999328613278,185.01197185385715
AMD,2025-09-05,151.13999938964838,184.68271246495496
AMD,2025-09-08,151.41000366210938,183.02699197848372
AMD,2025-09-09,155.82000732421878,182.43054628387642
AMD,2025-09-10,159.53999328613287,181.37797886660755
AMD,2025-09-11,155.66999816894537,181.648645239521
AMD,2025-09-12,158.57000732421872,179.15859750966624
AMD,2025-09-15,161.16000366210938,177.82416417723596
AMD,2025-09-16,160.46000671386713,176.97854423515102
AMD,2025-09-17,159.1600036621094,175.44101125641836
AMD,2025-09-18,157.91999816894534,174.50209748805258
AMD,2025-09-19,157.38999938964847,173.76177500704074
AMD,2025-09-22,159.78999328613278,173.3843097084066
AMD,2025-09-23,160.89999389648443,171.37617509328157
AMD,2025-09-24,160.8800048828125,170.8817518210976
AMD,2025-09-25,161.270004272461,171.06332215430675
AMD,2025-09-26,159.46000671386713,170.44437484625118
AMD,2025-09-29,161.36000061035153,170.3723609870082
AMD,2025-09-30,161.78999328613278,170.15371673989242
AMD,2025-10-01,164.009994506836,170.16282216802531
AMD,2025-10-02,169.729995727539,169.64122752339458
AMD,2025-10-03,164.66999816894523,169.805553754833
AMD,2025-10-06,203.71000671386722,170.31868219794453
AMD,2025-10-07,211.50999450683602,173.09309081339387
AMD,2025-10-08,235.55999755859364,175.90633028651905
AMD,2025-10-09,232.8899993896485,178.96423197974855
AMD,2025-10-10,214.8999938964843,183.05372726499846
AMD,2025-10-13,216.41999816894528,186.10531370671686
AMD,2025-10-14,218.08999633789068,188.9372776511948
AMD,2025-10-15,238.60000610351565,191.65529584381693
AMD,2025-10-16,234.5599975585937,195.19766078215534
AMD,2025-10-17,233.08000183105474,198.92176464202092
AMD,2025-10-20,240.55999755859375,202.4763341894734
AMD,2025-10-21,238.02999877929685,205.54827080472813
AMD,2025-10-22,230.2299957275391,209.5501152423632
AMD,2025-10-23,234.990005493164,214.15590027381012
AMD,2025-10-24,252.91999816894537,217.8065854122078
AMD,2025-10-27,259.6700134277344,222.4797847146957
AMD,2025-10-28,258.01000976562506,227.84990415381316
AMD,2025-10-29,264.3299865722657,234.2577862219885
AMD,2025-10-30,254.83999633789068,240.07169568913903
AMD,2025-10-31,256.1199951171876,243.50109383887323
AMD,2025-11-03,259.6499938964845,248.18538653113316
AMD,2025-11-04,250.05000305175784,250.5574135065164
AMD,2025-11-05,256.3299865722656,252.75086996302034
AMD,2025-11-06,237.69999694824213,252.65070744035881
AMD,2025-11-07,233.53999328613284,252.03355679798275
AMD,2025-11-10,243.97999572753915,253.07563188447887
AMD,2025-11-11,237.520004272461,254.88157799387466
AMD,2025-11-12,258.8900146484375,255.61545929520068
AMD,2025-11-13,247.96000671386713,257.1446824979206
AMD,2025-11-14,246.8099975585937,257.1349649712421
AMD,2025-11-17,240.5200042724609,258.0913605822093
AMD,2025-11-18,230.28999328613276,258.749690635007
AMD,2025-11-19,223.55000305175778,257.6927956596168
AMD,2025-11-20,206.020004272461,257.2600957635736
AMD,2025-11-21,203.77999877929682,256.1184882343924
AMD,2025-11-24,215.0500030517578,251.7793974016284
AMD,2025-11-25,206.13000488281256,249.6263584732535
AMD,2025-11-26,214.24000549316406,247.1320030619325
AMD,2025-11-28,217.52999877929696,245.1909501678802
AMD,2025-12-01,219.7599945068359,243.46114923463202
AMD,2025-12-02,215.24000549316398,240.11075688678446
AMD,2025-12-03,217.60000610351565,237.54066467884496
AMD,2025-12-04,215.97999572753912,235.20709486779432
AMD,2025-12-05,217.97000122070318,234.1907904448296
AMD,2025-12-08,221.11000061035156,233.40011210550523
AMD,2025-12-09,221.61999511718744,233.30874842776115
AMD,2025-12-10,221.41999816894528,232.2635369510034
AMD,2025-12-11,221.42999267578134,229.9485988102449
AMD,2025-12-12,210.77999877929693,228.84065569507422
AMD,2025-12-15,207.58000183105472,225.86277968502236
AMD,2025-12-16,209.16999816894537,223.67734937136532
AMD,2025-12-17,198.11000061035156,222.42521100269926
AMD,2025-12-18,201.0599975585938,220.94107638510607
AMD,2025-12-19,213.4299926757813,219.51319898200106
AMD,2025-12-22,214.94999694824227,219.62152365182976
AMD,2025-12-23,214.8999938964843,220.0463341621432
AMD,2025-12-24,215.03999328613276,220.35838541833127
AMD,2025-12-26,214.99000549316406,220.3965542923421
AMD,2025-12-29,215.6100006103515,220.529499494611
AMD,2025-12-30,215.33999633789054,220.01234643347073
AMD,2025-12-31,214.16000366210943,219.96246570077693
TSM,2023-10-31,86.30999755859378,86.01653784140406
TSM,2023-11-01,87.80000305175784,86.15078478330604
TSM,2023-11-02,90.48000335693357,86.16464666942014
TSM,2023-11-03,91.79000091552737,86.27804702175406
TSM,2023-11-06,92.59999847412105,86.54114525492871
TSM,2023-11-07,92.4100036621094,86.69026879006731
TSM,2023-11-08,92.00000000000001,86.82935001816372
TSM,2023-11-09,91.62000274658202,86.87478885415798
TSM,2023-11-10,97.44000244140622,86.88778771277815
TSM,2023-11-13,96.41999816894534,87.21217403316176
TSM,2023-11-14,98.91000366210935,87.60656334813595
TSM,2023-11-15,98.80000305175778,87.9250791537581
TSM,2023-11-16,98.54000091552736,88.48223102759098
TSM,2023-11-17,99.5800018310547,88.77199642307345
TSM,2023-11-20,99.95999908447264,89.24484899304174
TSM,2023-11-21,98.41000366210942,89.68303192223014
TSM,2023-11-22,98.65000152587886,90.16925476683585
TSM,2023-11-24,97.83000183105466,90.80756672794205
TSM,2023-11-27,97.20999908447264,91.52668877149604
TSM,2023-11-28,97.9800033569336,92.14205381501796
TSM,2023-11-29,98.87999725341794,92.89897913650722
TSM,2023-11-30,97.30999755859375,93.6773784832498
TSM,2023-12-01,98.55000305175781,94.21071110499359
TSM,2023-12-04,97.01000213623045,94.6213940507397
TSM,2023-12-05,96.69000244140628,95.08583999737989
TSM,2023-12-06,97.8499984741211,95.17180734664566
TSM,2023-12-07,99.29000091552739,95.58852442380883
TSM,2023-12-08,100.3499984741211,96.02237726764608
TSM,2023-12-11,100.9499969482422,96.45738179330631
TSM,2023-12-12,101.59999847412111,96.85647779483455
TSM,2023-12-13,102.12000274658206,97.44586028736467
TSM,2023-12-14,103.44999694824219,97.39315943886999
TSM,2023-12-15,102.54000091552734,97.6062864552254
TSM,2023-12-18,102.93000030517577,97.9041297487164
TSM,2023-12-19,103.87000274658202,98.17948638474377
TSM,2023-12-20,100.04000091552734,98.30129800803532
TSM,2023-12-21,102.5500030517578,98.60819025903203
TSM,2023-12-22,103.15000152587892,98.60799358684292
TSM,2023-12-26,104.4499969482422,98.92013785026379
TSM,2023-12-27,104.65000152587886,99.38393667134125
TSM,2023-12-28,104.69999694824214,99.78444320135279
TSM,2023-12-29,103.99999999999999,100.12789962843476
TSM,2024-01-02,101.52999877929686,100.59407035214825
TSM,2024-01-03,100.16999816894533,101.16694614285989
TSM,2024-01-04,99.12999725341797,101.39826667277595
TSM,2024-01-05,99.61000061035159,101.63515493536504
TSM,2024-01-08,102.23999786376952,101.76628715978336
TSM,2024-01-09,101.8899993896484,101.70307291249128
TSM,2024-01-10,100.80000305175777,101.93825594450061
TSM,2024-01-11,101.22000122070314,101.91543475990828
TSM,2024-01-12,101.23999786376956,101.90597916475869
TSM,2024-01-16,101.66999816894534,101.85858175169665
TSM,2024-01-17,102.94999694824216,101.89248252004072
TSM,2024-01-18,113.0299987792969,102.01245726140996
TSM,2024-01-19,114.1999969482422,102.20957866930353
TSM,2024-01-22,113.0299987792969,102.66825873756507
TSM,2024-01-23,114.12999725341793,103.14763616092615
TSM,2024-01-24,116.51999664306638,103.75599852294052
TSM,2024-01-25,116.55999755859371,104.55755785599175
TSM,2024-01-26,117.26000213623051,105.15033960434037
TSM,2024-01-29,116.9800033569336,105.91882386357081
TSM,2024-01-30,116.05999755859376,106.64691671128313
TSM,2024-01-31,112.9599990844727,107.58304522305114
TSM,2024-02-01,113.38999938964847,108.40564591490886
TSM,2024-02-02,115.74999999999999,109.02680016209463
TSM,2024-02-05,118.79000091552734,110.12057481999543
TSM,2024-02-06,119.37999725341795,111.06177690733229
TSM,2024-02-07,124.98000335693365,111.99239639615993
TSM,2024-02-08,133.72999572753903,113.33786014270781
TSM,2024-02-09,133.1100006103516,115.288375131525
TSM,2024-02-12,130.46000671386724,117.08474801291997
TSM,2024-02-13,127.55000305175783,118.84330727075525
TSM,2024-02-14,129.2700042724609,120.70526882770776
TSM,2024-02-15,129.02999877929693,122.38563071491777
TSM,2024-02-16,126.69000244140622,123.34849384801444
TSM,2024-02-20,125.33000183105464,124.25072167593427
TSM,2024-02-21,125.33999633789067,124.93874834445036
TSM,2024-02-22,129.07000732421875,125.50600293927658
TSM,2024-02-23,129.52999877929693,126.0799460679628
TSM,2024-02-26,130.63999938964844,126.87458559383126
TSM,2024-02-27,128.58999633789065,127.61005875286273
TSM,2024-02-28,127.37999725341798,128.04968444844698
TSM,2024-02-29,128.66999816894534,128.88501624534416
TSM,2024-03-01,133.89999389648435,129.9997719597477
TSM,2024-03-04,138.25999450683588,131.30433357518896
TSM,2024-03-05,134.97000122070318,132.9596153916389
TSM,2024-03-06,141.57000732421872,134.2770409539502
TSM,2024-03-07,149.19999694824216,135.61047091819748
TSM,2024-03-08,146.36999511718753,136.9032808665913
TSM,2024-03-11,139.02000427246088,137.3368967110542
TSM,2024-03-12,144.39999389648435,137.5015787845038
TSM,2024-03-13,142.13999938964847,137.84563741094397
TSM,2024-03-14,139.6199951171875,138.93375952986347
TSM,2024-03-15,136.9799957275391,139.51755648002364
TSM,2024-03-18,136.63999938964844,139.84266427572538
TSM,2024-03-19,134.86999511718744,140.26083082130356
TSM,2024-03-20,136.74999999999997,140.54040540146738
TSM,2024-03-21,139.44999694824222,140.9859660226831
TSM,2024-03-22,140.53999328613276,141.75119484488974
TSM,2024-03-25,140.2299957275391,142.33434379562925
TSM,2024-03-26,138.83999633789065,142.72180319982306
TSM,2024-03-27,136.69000244140628,143.30373763926482
TSM,2024-03-28,136.05000305175784,143.55293707816253
TSM,2024-04-01,141.49000549316406,144.2174197608288
TSM,2024-04-02,140.2200012207031,144.62955530463742
TSM,2024-04-03,142.00000000000003,144.85152389837316
TSM,2024-04-04,139.66000366210935,145.00364903638706
TSM,2024-04-05,141.36000061035156,144.92342828194873
TSM,2024-04-08,142.78999328613287,144.51756870387183
TSM,2024-04-09,145.39999389648443,144.4243949160337
TSM,2024-04-10,146.22000122070315,144.73001992670302
TSM,2024-04-11,147.19999694824222,144.96306491048045
TSM,2024-04-12,142.52000427246097,144.52841050279127
TSM,2024-04-15,140.13999938964844,144.63224709057772
TSM,2024-04-16,139.80000305175776,145.08189461678137
TSM,2024-04-17,139.02999877929682,145.5861478157958
TSM,2024-04-18,132.27000427246094,146.0304917649086
TSM,2024-04-19,127.6999969482422,146.00263273551593
TSM,2024-04-22,129.74999999999994,145.50492273846237
TSM,2024-04-23,133.4299926757812,144.73549825009394
TSM,2024-04-24,132.9700012207031,144.18593679259735
TSM,2024-04-25,136.58000183105463,143.69325666857017
TSM,2024-04-26,138.30000305175778,143.6685309264273
TSM,2024-04-29,138.5,143.81637311490266
TSM,2024-04-30,137.33999633789057,143.30195015900586
TSM,2024-05-01,134.94000244140625,143.36695768847397
TSM,2024-05-02,136.22999572753906,142.92828999793517
TSM,2024-05-03,141.55999755859372,142.29005814457636
TSM,2024-05-06,142.8300018310547,141.48690475077572
TSM,2024-05-07,141.1100006103516,141.47805815499495
TSM,2024-05-08,143.6000061035156,141.17788093210288
TSM,2024-05-09,142.78999328613287,141.05392329329285
TSM,2024-05-10,149.2599945068359,140.6942291206987
TSM,2024-05-13,146.41000366210938,141.10503006605242
TSM,2024-05-14,151.94999694824224,141.12665321409486
TSM,2024-05-15,155.58000183105474,141.64900823912643
TSM,2024-05-16,152.22999572753906,142.43890322843032
TSM,2024-05-17,151.6799926757813,143.52646955988172
TSM,2024-05-20,153.55000305175784,144.99281757879533
TSM,2024-05-21,153.66999816894526,146.20686632485987
TSM,2024-05-22,156.14999389648438,147.3064508291997
TSM,2024-05-23,157.08999633789065,148.82834278061722
TSM,2024-05-24,159.99999999999994,150.27269753024675
TSM,2024-05-28,159.41000366210932,151.26051968126401
TSM,2024-05-29,154.3399963378906,152.34427679671572
TSM,2024-05-30,152.96000671386716,153.2767611917842
TSM,2024-05-31,151.03999328613284,154.56509643291878
TSM,2024-06-03,154.94999694824213,155.36619171093238
TSM,2024-06-04,152.47000122070312,155.75594858917344
TSM,2024-06-05,162.91999816894526,156.34437777324496
TSM,2024-06-06,162.07000732421878,157.4203102453007
TSM,2024-06-07,164.38999938964838,158.72797440736832
TSM,2024-06-10,168.16000366210938,159.71391731842772
TSM,2024-06-11,165.7100067138672,161.01846976147837
TSM,2024-06-12,172.9799957275391,161.04187584156927
TSM,2024-06-13,172.91000366210935,161.2332927274295
TSM,2024-06-14,172.5099945068359,162.39306432605176
TSM,2024-06-17,177.2400054931641,163.8984369751263
TSM,2024-06-18,179.6900024414062,164.88622410908897
TSM,2024-06-20,175.38000488281244,166.15037166156185
TSM,2024-06-21,173.96000671386713,168.1198236176781
TSM,2024-06-24,167.8099975585937,169.42702641844375
TSM,2024-06-25,172.60000610351565,169.9259448742538
TSM,2024-06-26,172.0700073242187,170.47315945952866
TSM,2024-06-27,171.6300048828125,170.82743007334764
TSM,2024-06-28,173.80999755859378,172.1743163489268
TSM,2024-07-01,172.3300018310547,173.75951762134414
TSM,2024-07-02,175.69999694824222,174.56520341233977
TSM,2024-07-03,182.490005493164,175.57974826039415
TSM,2024-07-05,183.99000549316398,177.1857687772463
TSM,2024-07-08,186.63000488281253,178.29518957345334
TSM,2024-07-09,184.5200042724609,179.77217830997802
TSM,2024-07-10,191.05000305175787,180.87216969868422
TSM,2024-07-11,184.49999999999997,181.66459316512902
TSM,2024-07-12,187.35000610351565,183.32247124927733
TSM,2024-07-15,185.22000122070307,183.65274362328867
TSM,2024-07-16,186.03999328613287,184.21780845321717
TSM,2024-07-17,171.1999969482421,185.03962831319362
TSM,2024-07-18,171.86999511718744,185.12138071672655
TSM,2024-07-19,165.77000427246088,185.20987538045966
TSM,2024-07-22,169.35000610351565,184.60916259571738
TSM,2024-07-23,169.8200073242188,184.39897422573412
TSM,2024-07-24,159.80000305175787,184.45063444698206
TSM,2024-07-25,160.27999877929685,184.0452857263772
TSM,2024-07-26,161.9400024414062,183.37650923040448
TSM,2024-07-29,160.00999450683597,182.69933784340876
TSM,2024-07-30,154.5399932861328,181.89256206068978
TSM,2024-07-31,165.80000305175787,180.90794118816285
TSM,2024-08-01,158.1799926757813,179.92596022455885
TSM,2024-08-02,149.86000061035162,178.83411783394152
TSM,2024-08-05,147.94999694824224,177.1475865409969
TSM,2024-08-06,155.38999938964844,175.93627503629858
TSM,2024-08-07,155.03999328613278,174.47510559375365
TSM,2024-08-08,164.55000305175778,172.19234017527907
TSM,2024-08-09,167.11999511718753,170.68921421710613
TSM,2024-08-12,167.63000488281256,169.23986701910582
TSM,2024-08-13,172.33999633789062,168.088871074609
TSM,2024-08-14,169.9700012207031,167.0831662824708
TSM,2024-08-15,173.96000671386713,166.80976956264146
TSM,2024-08-16,174.53999328613287,166.56064615148878
TSM,2024-08-19,175.44999694824213,166.8632638750939
TSM,2024-08-20,172.03999328613284,167.28068499854737
TSM,2024-08-21,171.4400024414063,167.35780702149083
TSM,2024-08-22,166.44000244140622,168.00051404145182
TSM,2024-08-23,171.27999877929693,168.60176933117688
TSM,2024-08-26,169.07000732421872,169.12502991503752
TSM,2024-08-27,170.55000305175787,169.65331117372864
TSM,2024-08-28,169.19999694824213,170.65979970334757
TSM,2024-08-29,169.14999389648432,171.0457725273127
TSM,2024-08-30,171.69999694824222,171.3686283704405
TSM,2024-09-03,160.49000549316403,172.86693114860853
TSM,2024-09-04,160.8699951171875,174.3287021570373
TSM,2024-09-05,163.69999694824222,174.83918190129256
TSM,2024-09-06,156.8200073242187,175.15364415856504
TSM,2024-09-09,162.77999877929688,174.549160901863
TSM,2024-09-10,162.42999267578128,174.49843821708905
TSM,2024-09-11,170.229995727539,174.11089168242094
TSM,2024-09-12,171.4299926757812,173.84282394560185
TSM,2024-09-13,172.50000000000006,174.21504058972167
TSM,2024-09-16,169.08000183105466,173.9872741323062
TSM,2024-09-17,167.3500061035156,174.20054113003502
TSM,2024-09-18,167.27999877929693,173.63630130612947
TSM,2024-09-19,176.22000122070312,173.13416516566784
TSM,2024-09-20,174.0800018310547,172.8184159423531
TSM,2024-09-23,174.75999450683588,173.25916793640675
TSM,2024-09-24,181.97000122070315,173.5134623109547
TSM,2024-09-25,182.35000610351568,174.1679599164558
TSM,2024-09-26,186.8300018310547,174.8618064810721
TSM,2024-09-27,177.9700012207031,175.01681426467732
TSM,2024-09-30,173.6699981689453,175.462136218726
TSM,2024-10-01,172.0700073242187,175.34179160156222
TSM,2024-10-02,175.80000305175784,176.65176456417342
TSM,2024-10-03,179.47999572753906,177.55759764973493
TSM,2024-10-04,181.16000366210932,178.52292830610884
TSM,2024-10-07,184.509994506836,179.96253110265337
TSM,2024-10-08,186.0500030517578,181.5750149822927
TSM,2024-10-09,187.13999938964847,182.71223293561144
TSM,2024-10-10,185.77999877929682,183.44378409188536
TSM,2024-10-11,190.80999755859378,184.05034426385382
TSM,2024-10-14,192.2100067138672,185.10429112412095
TSM,2024-10-15,187.13000488281247,186.0367297234352
TSM,2024-10-16,187.47999572753912,187.05854621374797
TSM,2024-10-17,205.83999633789062,188.11872051228852
TSM,2024-10-18,200.77999877929693,189.66383836149564
TSM,2024-10-21,201.9499969482422,191.00037486355131
TSM,2024-10-22,198.47999572753903,192.6006026624556
TSM,2024-10-23,200.86000061035153,193.63424168208292
TSM,2024-10-24,197.92999267578128,195.203282281113
TSM,2024-10-25,203.44000244140622,195.6666404240785
TSM,2024-10-28,194.67999267578128,197.12949195734407
TSM,2024-10-29,196.9400024414063,198.37113140980645
TSM,2024-10-30,194.47999572753898,200.01688934073434
TSM,2024-10-31,190.5399932861328,201.44255005655066
TSM,2024-11-01,192.94999694824216,202.58013987220244
TSM,2024-11-04,191.55999755859372,203.48944297966216
TSM,2024-11-05,195.75999450683588,203.83592742829532
TSM,2024-11-06,193.2200012207032,204.13039533949325
TSM,2024-11-07,201.19000244140628,204.16368137597564
TSM,2024-11-08,201.19999694824216,204.60622600460204
TSM,2024-11-11,194.0500030517578,205.24053468796168
TSM,2024-11-12,191.77000427246097,205.66179927193718
TSM,2024-11-13,186.66000366210932,206.1278728838347
TSM,2024-11-14,188.5,206.15271129998456
TSM,2024-11-15,186.0099945068359,204.84821741889718
TSM,2024-11-18,187.47999572753912,204.24853959028093
TSM,2024-11-19,189.66999816894526,203.05116127643285
TSM,2024-11-20,188.3600006103515,202.39304209783958
TSM,2024-11-21,191.2400054931641,201.3995747537994
TSM,2024-11-22,190.08000183105474,200.70363366446912
TSM,2024-11-25,185.08000183105474,199.86646328320083
TSM,2024-11-26,183.8399963378906,199.07156702190343
TSM,2024-11-27,181.19000244140622,198.2169641556745
TSM,2024-11-29,184.66000366210938,197.65022797364873
TSM,2024-12-02,194.39999389648446,197.1208716785434
TSM,2024-12-03,198.8899993896485,197.2629483772472
TSM,2024-12-04,200.69000244140622,197.33100577681554
TSM,2024-12-05,204.30000305175776,197.3494693881714
TSM,2024-12-06,203.0200042724609,198.1559087498129
TSM,2024-12-09,199.16999816894534,198.31213582056063
TSM,2024-12-10,191.9400024414062,197.67782201714067
TSM,2024-12-11,194.60000610351557,197.83603652817908
TSM,2024-12-12,191.46000671386713,198.1346138171635
TSM,2024-12-13,200.9900054931641,198.5805848575534
TSM,2024-12-16,202.22000122070315,199.87026931394803
TSM,2024-12-17,200.6600036621094,200.72390472300344
TSM,2024-12-18,195.55999755859384,201.1458223450241
TSM,2024-12-19,194.63999938964847,201.89355729295931
TSM,2024-12-20,197.21000671386713,203.08069602956482
TSM,2024-12-23,207.3600006103515,202.82243315128653
TSM,2024-12-24,206.33000183105466,204.08185468273513
TSM,2024-12-26,203.05999755859375,205.26440823658334
TSM,2024-12-27,201.63000488281259,206.38171175376337
TSM,2024-12-30,200.3899993896485,207.98598058018723
TSM,2024-12-31,197.49000549316406,209.3751444013369
TSM,2025-01-02,201.5800018310547,209.711817943527
TSM,2025-01-03,208.61000061035153,210.1762072684884
TSM,2025-01-06,220.0099945068359,210.57949183896963
TSM,2025-01-07,211.41999816894526,210.79176272342667
TSM,2025-01-08,207.1199951171875,211.24722775245178
TSM,2025-01-10,208.36999511718744,211.7551041071177
TSM,2025-01-13,201.36000061035153,213.3039551294649
TSM,2025-01-14,201.44999694824216,214.31909750671832
TSM,2025-01-15,206.80000305175773,214.76672502865765
TSM,2025-01-16,214.78999328613284,214.3986785835692
TSM,2025-01-17,211.50000000000009,216.05457536261395
TSM,2025-01-21,218.69999694824224,216.4913979976346
TSM,2025-01-22,223.19999694824216,218.1003101504168
TSM,2025-01-23,224.61999511718747,219.53794715612125
TSM,2025-01-24,221.88000488281244,221.41056283315558
TSM,2025-01-27,192.30999755859375,222.6135151510166
TSM,2025-01-28,202.39999389648443,221.61251015915033
TSM,2025-01-29,202.33000183105474,220.96451045407107
TSM,2025-01-30,208.14999389648438,220.90975240644497
TSM,2025-01-31,209.32000732421878,221.05610016678418
TSM,2025-02-03,199.80000305175784,222.12385395793825
TSM,2025-02-04,204.05000305175778,222.82396972442572
TSM,2025-02-05,208.57000732421878,222.21267540224747
TSM,2025-02-06,210.49999999999991,221.24939002946044
TSM,2025-02-07,206.11999511718741,220.97492192608956
TSM,2025-02-10,207.94999694824213,221.35271054803346
TSM,2025-02-11,208.74000549316398,221.17680977392882
TSM,2025-02-12,206.38000488281247,221.32033336271797
TSM,2025-02-13,201.83000183105466,221.5424651537903
TSM,2025-02-14,203.89999389648432,220.411172927001
TSM,2025-02-18,202.74000549316398,219.1110164830991
TSM,2025-02-19,200.94999694824213,217.8783082252887
TSM,2025-02-20,200.10000610351565,216.96362151794386
TSM,2025-02-21,198.24000549316415,215.70530763603645
TSM,2025-02-24,191.6499938964844,214.45333449596203
TSM,2025-02-25,189.3699951171875,212.4355070867407
TSM,2025-02-26,194.61999511718753,212.22616156286963
TSM,2025-02-27,181.0899963378906,212.14971112967817
TSM,2025-02-28,180.52999877929696,211.29132507253365
TSM,2025-03-03,172.97000122070307,209.0650696336779
TSM,2025-03-04,180.0,207.16809297331676
TSM,2025-03-05,184.27999877929688,206.25502315743162
TSM,2025-03-06,175.8500061035156,204.9351099063043
TSM,2025-03-07,177.10000610351562,203.31865910645874
TSM,2025-03-10,170.64999389648446,200.9462118656373
TSM,2025-03-11,170.9700012207031,200.06706019328772
TSM,2025-03-12,177.16999816894528,198.56571382863214
TSM,2025-03-13,171.58999633789065,196.59276553309323
TSM,2025-03-14,174.08999633789068,195.22987375423523
TSM,2025-03-17,176.24000549316412,192.9944765804439
TSM,2025-03-18,173.13000488281256,191.14001234599417
TSM,2025-03-19,173.75999450683594,189.59970269225136
TSM,2025-03-20,177.47000122070312,187.92302827406002
TSM,2025-03-21,176.72999572753906,186.60210293682488
TSM,2025-03-24,181.16000366210932,185.59733063077297
TSM,2025-03-25,180.89999389648443,184.70526655990497
TSM,2025-03-26,173.5,184.1479932027648
TSM,2025-03-27,168.24000549316403,183.1630392684648
TSM,2025-03-28,165.25000000000006,182.1269011442163
TSM,2025-03-31,166.00000000000006,181.8512621625328
TSM,2025-04-01,168.63999938964838,181.15410877243738
TSM,2025-04-02,170.3899993896485,180.29329251479942
TSM,2025-04-03,157.38000488281256,179.43341720850114
TSM,2025-04-04,146.80000305175784,180.81049819639853
TSM,2025-04-07,146.16999816894534,180.9982529100633
TSM,2025-04-08,141.36999511718753,179.9567267697451
TSM,2025-04-09,158.74999999999997,179.2188614195759
TSM,2025-04-10,151.13000488281247,175.23644123549323
TSM,2025-04-11,157.0800018310547,175.11554209395098
TSM,2025-04-14,155.83999633789065,173.77772494413517
TSM,2025-04-15,157.33000183105463,171.95836133622873
TSM,2025-04-16,151.66999816894537,171.09633787691087
TSM,2025-04-17,151.74000549316406,170.46449575032926
TSM,2025-04-21,147.8600006103515,168.69785172504632
TSM,2025-04-22,151.39999389648438,167.50689618141547
TSM,2025-04-23,157.8099975585938,164.96798242710597
TSM,2025-04-24,164.1799926757813,163.2328260367304
TSM,2025-04-25,165.10000610351565,162.29313296201158
TSM,2025-04-28,163.3999938964844,161.99753091017
TSM,2025-04-29,164.47999572753906,161.88467978793065
TSM,2025-04-30,166.69000244140625,161.8197697583127
TSM,2025-05-01,172.7200012207031,161.6724865218139
TSM,2025-05-02,179.27999877929693,161.8089787394313
TSM,2025-05-05,176.3999938964844,163.53657490391748
TSM,2025-05-06,172.27999877929685,165.86424667653924
TSM,2025-05-07,174.53999328613287,167.44461957969935
TSM,2025-05-08,175.22000122070318,169.59743662010717
TSM,2025-05-09,176.520004272461,170.35960710376617
TSM,2025-05-12,186.97999572753903,171.77125386551506
TSM,2025-05-13,193.99000549316415,172.18210472139674
TSM,2025-05-14,194.75999450683594,173.9786023934681
TSM,2025-05-15,194.22000122070312,176.32679686742813
TSM,2025-05-16,194.22000122070312,178.95378340062038
TSM,2025-05-19,193.5,181.29697667889283
TSM,2025-05-20,193.4499969482421,184.3271109987792
TSM,2025-05-21,191.75999450683594,187.11340873021422
TSM,2025-05-22,196.1900024414062,189.8017743458916
TSM,2025-05-23,191.97999572753915,191.8743930420337
TSM,2025-05-27,197.6799926757813,194.21807018563126
TSM,2025-05-28,196.13999938964835,195.71151370197748
TSM,2025-05-29,197.14999389648446,197.64170690607796
TSM,2025-05-30,193.3200073242188,199.6072514682857
TSM,2025-06-02,194.83999633789068,200.8749402971556
TSM,2025-06-03,197.61000061035162,201.63418706935116
TSM,2025-06-04,202.39999389648443,202.60945448414572
TSM,2025-06-05,203.33999633789068,204.57532649455084
TSM,2025-06-06,205.17999267578128,206.27658779426142
TSM,2025-06-09,206.99999999999994,207.36759469538808
TSM,2025-06-10,212.46000671386727,209.34566001545858
TSM,2025-06-11,214.10000610351557,210.53373643565675
TSM,2025-06-12,215.42999267578128,212.15887594083296
TSM,2025-06-13,211.10000610351568,212.79586389419535
TSM,2025-06-16,215.67999267578122,213.62344129926336
TSM,2025-06-17,213.8999938964844,214.74128841952646
TSM,2025-06-18,213.50000000000003,216.24669989611297
TSM,2025-06-20,209.50999450683585,217.21576243310875
TSM,2025-06-23,210.32000732421875,217.78257756700103
TSM,2025-06-24,220.0899963378906,218.75957425469937
TSM,2025-06-25,222.74000549316412,220.38748149982032
TSM,2025-06-26,224.00999450683602,221.94162126585337
TSM,2025-06-27,228.57000732421866,223.8194239756491
TSM,2025-06-30,226.490005493164,225.7743618770179
TSM,2025-07-01,224.67999267578134,227.304202854282
TSM,2025-07-02,233.60000610351568,228.65456340087772
TSM,2025-07-03,234.8000030517578,230.10276897075678
TSM,2025-07-07,229.16999816894534,231.83436744907365
TSM,2025-07-08,227.86000061035153,233.98029027931082
TSM,2025-07-09,231.83999633789054,235.00749681202504
TSM,2025-07-10,229.7599945068359,236.63409236307405
TSM,2025-07-11,230.39999389648446,237.50739538370908
TSM,2025-07-14,228.66999816894537,238.64790175019323
TSM,2025-07-15,236.9499969482422,240.1662781676165
TSM,2025-07-16,237.5599975585938,241.68456831461165
TSM,2025-07-17,245.60000610351565,243.04774789828465
TSM,2025-07-18,240.3999938964844,245.1689520961082
TSM,2025-07-21,238.85000610351574,246.52908013848563
TSM,2025-07-22,234.60000610351565,248.40383107529456
TSM,2025-07-23,240.3300018310547,249.88211475025173
TSM,2025-07-24,241.6000061035157,251.15703671044392
TSM,2025-07-25,245.60000610351565,252.35231122398696
TSM,2025-07-28,242.75000000000003,253.74233125966464
TSM,2025-07-29,241.3300018310546,254.67810567475536
TSM,2025-07-30,242.91000366210932,255.9374257856857
TSM,2025-07-31,241.6199951171876,257.22807735863125
TSM,2025-08-01,235.21000671386713,258.1977687330216
TSM,2025-08-04,239.00000000000009,259.21193566238463
TSM,2025-08-05,232.47000122070304,259.57036711046055
TSM,2025-08-06,231.36999511718753,259.56312275716704
TSM,2025-08-07,242.61999511718747,258.14128385793197
TSM,2025-08-08,241.8300018310546,258.1355020556733
TSM,2025-08-11,242.08999633789065,257.2061618832997
TSM,2025-08-12,244.28999328613284,257.8529316110186
TSM,2025-08-13,241.44000244140622,257.9255217403814
TSM,2025-08-14,240.99999999999994,258.1748923761722
TSM,2025-08-15,238.88000488281244,257.84741724690286
TSM,2025-08-18,241.4100036621093,257.9643731781758
TSM,2025-08-19,232.69999694824213,257.9203810894727
TSM,2025-08-20,228.6000061035157,257.8805918780372
TSM,2025-08-21,227.33000183105463,257.88587172407466
TSM,2025-08-22,232.99000549316395,257.1993736462829
TSM,2025-08-25,235.58999633789054,256.0216079898197
TSM,2025-08-26,238.72000122070307,255.66545386025527
TSM,2025-08-27,239.28999328613278,255.35786245646446
TSM,2025-08-28,238.27000427246094,254.94491009848608
TSM,2025-08-29,230.86999511718756,254.28086531992872
TSM,2025-09-02,228.3899993896485,254.29287098631588
TSM,2025-09-03,231.3899993896484,253.9651096332512
TSM,2025-09-04,235.21000671386713,252.99857797452154
TSM,2025-09-05,243.4100036621094,252.787219924181
TSM,2025-09-08,247.19000244140616,252.34477161983844
TSM,2025-09-09,250.91999816894523,252.90293589569887
TSM,2025-09-10,260.44000244140614,253.4302866086233
TSM,2025-09-11,258.91000366210943,253.8352628960094
TSM,2025-09-12,259.32998657226557,253.98396150268098
TSM,2025-09-15,261.3800048828125,254.59923869268218
TSM,2025-09-16,262.0599975585938,255.53883522989764
TSM,2025-09-17,262.790008544922,256.32067078496874
TSM,2025-09-18,268.64001464843756,257.82319957963364
TSM,2025-09-19,264.8699951171874,259.8769316577919
TSM,2025-09-22,272.6300048828126,261.4466110668736
TSM,2025-09-23,282.70999145507824,262.097779235336
TSM,2025-09-24,280.7099914550781,265.1444097648689
TSM,2025-09-25,276.66000366210926,268.19415283906864
TSM,2025-09-26,273.3599853515625,270.43229709029765
TSM,2025-09-29,273.23001098632824,272.8135762647129
TSM,2025-09-30,279.2900085449218,275.12350936186317
TSM,2025-10-01,288.4700012207032,278.15830370240695
TSM,2025-10-02,288.1099853515626,280.72316422182405
TSM,2025-10-03,292.1900024414062,283.8477798782319
TSM,2025-10-06,302.39999389648443,286.47925176765676
TSM,2025-10-07,294.0299987792969,290.32006266936816
TSM,2025-10-08,304.51998901367193,293.4841369759681
TSM,2025-10-09,299.88000488281256,295.7187907115169
TSM,2025-10-10,280.66000366210943,298.6382420945209
TSM,2025-10-13,302.8900146484374,301.04986630727086
TSM,2025-10-14,295.94000244140625,302.9491628610252
TSM,2025-10-15,304.70999145507824,305.3388657251502
TSM,2025-10-16,299.8399963378907,307.7379907894717
TSM,2025-10-17,295.07998657226557,309.1115434308787
TSM,2025-10-20,297.70001220703114,310.75003699970426
TSM,2025-10-21,294.51000976562494,311.2600254394296
TSM,2025-10-22,288.8800048828125,312.0303762472683
TSM,2025-10-23,290.73001098632824,313.1952416302882
TSM,2025-10-24,294.95999145507807,313.4482796130603
TSM,2025-10-27,298.2499999999999,314.1213827409029
TSM,2025-10-28,301.5299987792969,315.1967259392052
TSM,2025-10-29,305.0899963378907,316.68073232037676
TSM,2025-10-30,303.220001220703,317.7534846425825
TSM,2025-10-31,300.42999267578136,318.614668446036
TSM,2025-11-03,304.85998535156244,318.9018306946091
TSM,2025-11-04,294.04998779296864,318.68371672277044
TSM,2025-11-05,293.6400146484375,319.25733430721203
TSM,2025-11-06,289.239990234375,317.7406257374139
TSM,2025-11-07,286.50000000000006,316.8707549608291
TSM,2025-11-10,295.269989013672,317.34708243307836
TSM,2025-11-11,291.1700134277344,316.3750436599499
TSM,2025-11-12,290.61999511718756,315.83529051255164
TSM,2025-11-13,282.2000122070312,315.60479845436095
TSM,2025-11-14,284.82000732421875,314.70832150029264
TSM,2025-11-17,282.01000976562494,313.61211235360145
TSM,2025-11-18,277.91000366210943,313.42642056785496
TSM,2025-11-19,282.3699951171875,312.6726582320252
TSM,2025-11-20,277.49999999999994,312.17179180964894
TSM,2025-11-21,275.0599975585938,312.79576120359775
TSM,2025-11-24,284.6400146484375,310.77213257679546
TSM,2025-11-25,284.67999267578114,309.39948566689804
TSM,2025-11-26,289.959991455078,308.35642915826946
TSM,2025-11-28,291.5100097656249,307.25820627295263
TSM,2025-12-01,287.6799926757813,306.4283471296804
TSM,2025-12-02,292.08999633789057,304.74890888137105
TSM,2025-12-03,295.4500122070312,303.57607374834436
TSM,2025-12-04,292.92999267578114,303.8153238046241
TSM,2025-12-05,294.7200012207032,304.2861442752347
TSM,2025-12-08,301.8699951171875,304.4631112616221
TSM,2025-12-09,303.4100036621095,305.2423070274306
TSM,2025-12-10,310.1400146484375,305.6286520941164
TSM,2025-12-11,304.8500061035156,306.02710748263996
TSM,2025-12-12,292.0400085449219,307.83371403038126
TSM,2025-12-15,287.739990234375,308.47765549819684
TSM,2025-12-16,286.86999511718744,309.02688348586867
TSM,2025-12-17,276.95999145507807,309.4298555329969
TSM,2025-12-18,284.67999267578114,309.94162616480355
TSM,2025-12-19,288.9500122070312,309.1750049112389
TSM,2025-12-22,293.27999877929676,308.98773663497883
TSM,2025-12-23,296.95001220703125,309.8425463651097
TSM,2025-12-24,298.79998779296886,310.6845111088133
TSM,2025-12-26,302.8399963378907,310.94966510595333
TSM,2025-12-29,300.9200134277344,311.8499103138634
TSM,2025-12-30,299.57998657226557,312.0770411241906
TSM,2025-12-31,303.8900146484376,312.8918709529371
